{"0": {"detection_scores": [0.8224433660507202, 0.5346683263778687], "detection_classes": [1.0, 37.0], "detection_boxes": [[0.38077160716056824, 0.05170310288667679, 0.6889532208442688, 0.13839107751846313], [0.6470004916191101, 0.053630463778972626, 0.6800437569618225, 0.07274585217237473]], "num_detections": [100.0]}, "1": {"detection_scores": [0.8659000992774963, 0.4718222916126251], "detection_classes": [1.0, 37.0], "detection_boxes": [[0.37961041927337646, 0.04787563532590866, 0.6887080073356628, 0.13603773713111877], [0.637925386428833, 0.06573548913002014, 0.6681316494941711, 0.08127856254577637]], "num_detections": [100.0]}, "2": {"detection_scores": [0.8761034607887268, 0.3751601576805115], "detection_classes": [1.0, 37.0], "detection_boxes": [[0.3782813847064972, 0.05449847877025604, 0.6876963376998901, 0.1368127465248108], [0.6323257684707642, 0.0767458826303482, 0.6642508506774902, 0.09336546063423157]], "num_detections": [100.0]}, "3": {"detection_scores": [0.9173987507820129, 0.5054152607917786, 0.28758689761161804, 0.1021655946969986], "detection_classes": [1.0, 37.0, 37.0, 37.0], "detection_boxes": [[0.3783186078071594, 0.056715548038482666, 0.6842551827430725, 0.135428324341774], [0.6201329827308655, 0.08385910838842392, 0.6624760627746582, 0.10688263922929764], [0.6606696844100952, 0.08328951150178909, 0.6832761168479919, 0.09326247125864029], [0.6490321159362793, 0.05914948880672455, 0.6804909706115723, 0.07246154546737671]], "num_detections": [100.0]}, "4": {"detection_scores": [0.9199446439743042, 0.6159835457801819], "detection_classes": [1.0, 37.0], "detection_boxes": [[0.3760480284690857, 0.06265085935592651, 0.6888260245323181, 0.13539528846740723], [0.6128708720207214, 0.0982111319899559, 0.6537202596664429, 0.11910765618085861]], "num_detections": [100.0]}, "5": {"detection_scores": [0.8654302954673767, 0.6572992205619812], "detection_classes": [1.0, 37.0], "detection_boxes": [[0.3757003843784332, 0.0695776492357254, 0.6882975697517395, 0.13649992644786835], [0.6051495671272278, 0.11118223518133163, 0.6474421620368958, 0.13284680247306824]], "num_detections": [100.0]}, "6": {"detection_scores": [0.87502121925354, 0.8458486795425415, 0.10034788399934769], "detection_classes": [1.0, 37.0, 37.0], "detection_boxes": [[0.37354835867881775, 0.07050289958715439, 0.6868659257888794, 0.1360582411289215], [0.5978009700775146, 0.12307019531726837, 0.6400561332702637, 0.14536316692829132], [0.4757774770259857, 0.1347789317369461, 0.4908614754676819, 0.14180706441402435]], "num_detections": [100.0]}, "7": {"detection_scores": [0.8822627663612366, 0.3808644413948059, 0.10399900376796722], "detection_classes": [1.0, 37.0, 37.0], "detection_boxes": [[0.3722752332687378, 0.07286643981933594, 0.686556875705719, 0.1352505087852478], [0.5876385569572449, 0.13581708073616028, 0.6326741576194763, 0.1604526937007904], [0.4755760133266449, 0.13416185975074768, 0.491354376077652, 0.14280569553375244]], "num_detections": [100.0]}, "8": {"detection_scores": [0.8163796067237854, 0.661331057548523], "detection_classes": [1.0, 37.0], "detection_boxes": [[0.37260428071022034, 0.07316885888576508, 0.6882700324058533, 0.13420775532722473], [0.5781511664390564, 0.15094970166683197, 0.6266375184059143, 0.17621742188930511]], "num_detections": [100.0]}, "9": {"detection_scores": [0.7850416302680969, 0.7353329658508301, 0.10030859708786011], "detection_classes": [1.0, 37.0, 37.0], "detection_boxes": [[0.3715279698371887, 0.0754566490650177, 0.6858717799186707, 0.13336865603923798], [0.571277916431427, 0.1656746119260788, 0.6177099347114563, 0.19052402675151825], [0.47558367252349854, 0.1338394433259964, 0.4900771975517273, 0.14218656718730927]], "num_detections": [100.0]}, "10": {"detection_scores": [0.755393922328949, 0.680962324142456], "detection_classes": [1.0, 37.0], "detection_boxes": [[0.368478387594223, 0.06549239158630371, 0.6911248564720154, 0.13328106701374054], [0.5622915029525757, 0.18228323757648468, 0.6113923788070679, 0.20689289271831512]], "num_detections": [100.0]}, "11": {"detection_scores": [0.7823098301887512, 0.5136412382125854, 0.11691829562187195], "detection_classes": [1.0, 37.0, 1.0], "detection_boxes": [[0.36720186471939087, 0.06467808783054352, 0.6935476660728455, 0.13397864997386932], [0.553320050239563, 0.19867786765098572, 0.6038694381713867, 0.22470077872276306], [0.5163665413856506, 0.23797477781772614, 0.5528340339660645, 0.2510957717895508]], "num_detections": [100.0]}, "12": {"detection_scores": [0.783830463886261, 0.726871907711029], "detection_classes": [1.0, 37.0], "detection_boxes": [[0.3663930892944336, 0.06518827378749847, 0.6959909200668335, 0.1326892226934433], [0.5439674258232117, 0.2174496054649353, 0.5960302948951721, 0.2438955307006836]], "num_detections": [100.0]}, "13": {"detection_scores": [0.8367753028869629, 0.7452352643013], "detection_classes": [1.0, 37.0], "detection_boxes": [[0.3673434257507324, 0.06112944334745407, 0.6996473073959351, 0.13525989651679993], [0.5349718332290649, 0.23568138480186462, 0.5902504920959473, 0.2619723081588745]], "num_detections": [100.0]}, "14": {"detection_scores": [0.8406322598457336, 0.7231577038764954], "detection_classes": [1.0, 37.0], "detection_boxes": [[0.3660164177417755, 0.0588679276406765, 0.7008616924285889, 0.13474351167678833], [0.5266492962837219, 0.2524915337562561, 0.5825016498565674, 0.2829780578613281]], "num_detections": [100.0]}, "15": {"detection_scores": [0.8187503814697266, 0.6290587186813354, 0.11820482462644577], "detection_classes": [1.0, 37.0, 37.0], "detection_boxes": [[0.366938978433609, 0.059583865106105804, 0.7012462019920349, 0.13415035605430603], [0.5207908749580383, 0.27313655614852905, 0.5718831419944763, 0.3031659722328186], [0.4511050581932068, 0.058480408042669296, 0.4692588746547699, 0.06851860880851746]], "num_detections": [100.0]}, "16": {"detection_scores": [0.812616229057312, 0.43098917603492737], "detection_classes": [1.0, 37.0], "detection_boxes": [[0.3685871362686157, 0.0599096454679966, 0.7005051970481873, 0.13491228222846985], [0.514719545841217, 0.2950213849544525, 0.5643593668937683, 0.3234134614467621]], "num_detections": [100.0]}, "17": {"detection_scores": [0.7804133892059326, 0.10586245357990265], "detection_classes": [1.0, 37.0], "detection_boxes": [[0.3689481317996979, 0.062381498515605927, 0.7010250091552734, 0.1336374580860138], [0.4537966251373291, 0.05419183522462845, 0.4690302610397339, 0.07349921017885208]], "num_detections": [100.0]}, "18": {"detection_scores": [0.7974062561988831, 0.2685801386833191], "detection_classes": [1.0, 37.0], "detection_boxes": [[0.3714591860771179, 0.04842173308134079, 0.6989283561706543, 0.13222283124923706], [0.49518221616744995, 0.3389627933502197, 0.5475834608078003, 0.3690837621688843]], "num_detections": [100.0]}, "19": {"detection_scores": [0.7798901200294495, 0.5399734377861023, 0.12116136401891708], "detection_classes": [1.0, 37.0, 37.0], "detection_boxes": [[0.3692533075809479, 0.06664766371250153, 0.6994208097457886, 0.13044339418411255], [0.48414888978004456, 0.36327430605888367, 0.5403140187263489, 0.39331117272377014], [0.45333749055862427, 0.05656247213482857, 0.4675060510635376, 0.0714113786816597]], "num_detections": [100.0]}, "20": {"detection_scores": [0.7254713177680969, 0.709811270236969], "detection_classes": [1.0, 37.0], "detection_boxes": [[0.36919355392456055, 0.07030227035284042, 0.6990420818328857, 0.12863469123840332], [0.4778023362159729, 0.3889765441417694, 0.5300302505493164, 0.41612425446510315]], "num_detections": [100.0]}, "21": {"detection_scores": [0.7358685731887817, 0.5825708508491516], "detection_classes": [1.0, 37.0], "detection_boxes": [[0.3697695732116699, 0.07081504166126251, 0.6985623836517334, 0.1279773861169815], [0.46705538034439087, 0.41175076365470886, 0.525596559047699, 0.4417091906070709]], "num_detections": [100.0]}, "22": {"detection_scores": [0.7918668985366821, 0.7571718692779541], "detection_classes": [37.0, 1.0],