{"0": {"detection_scores": [0.882110059261322, 0.751663327217102, 0.10048701614141464], "detection_classes": [1.0, 37.0, 37.0], "detection_boxes": [[0.3777824938297272, 0.04959392175078392, 0.6865975260734558, 0.11687472462654114], [0.6436418294906616, 0.051166828721761703, 0.681479275226593, 0.0707252100110054], [0.4894070625305176, 0.09276458621025085, 0.5207981467247009, 0.10639835894107819]], "num_detections": [100.0]}, "1": {"detection_scores": [0.8783367872238159, 0.6284524202346802], "detection_classes": [1.0, 37.0], "detection_boxes": [[0.3736374080181122, 0.048220619559288025, 0.6845876574516296, 0.11738771200180054], [0.6361677050590515, 0.06325843930244446, 0.6765349507331848, 0.0809650868177414]], "num_detections": [100.0]}, "2": {"detection_scores": [0.8572183847427368, 0.5898623466491699, 0.10162770748138428], "detection_classes": [1.0, 37.0, 37.0], "detection_boxes": [[0.37248125672340393, 0.050719715654850006, 0.6867609024047852, 0.11752695590257645], [0.6303857564926147, 0.07455021142959595, 0.6685502529144287, 0.09498536586761475], [0.5058563947677612, 0.09732430428266525, 0.533420205116272, 0.10833033174276352]], "num_detections": [100.0]}, "3": {"detection_scores": [0.8116559386253357, 0.4920997619628906], "detection_classes": [1.0, 37.0], "detection_boxes": [[0.3692636489868164, 0.05081505700945854, 0.6862708330154419, 0.1188761293888092], [0.6206005811691284, 0.08435474336147308, 0.6603734493255615, 0.10657425224781036]], "num_detections": [100.0]}, "4": {"detection_scores": [0.8763225078582764, 0.5945537686347961], "detection_classes": [1.0, 37.0], "detection_boxes": [[0.36840781569480896, 0.05305512994527817, 0.6867038011550903, 0.12224448472261429], [0.6090778112411499, 0.0972106084227562, 0.6571518778800964, 0.12074360996484756]], "num_detections": [100.0]}, "5": {"detection_scores": [0.8487021923065186, 0.6444243788719177, 0.10391154885292053], "detection_classes": [1.0, 37.0, 37.0], "detection_boxes": [[0.3667413890361786, 0.052855972200632095, 0.6867417097091675, 0.12353116273880005], [0.6032363176345825, 0.11063958704471588, 0.6449825763702393, 0.13252177834510803], [0.45893236994743347, 0.04964752867817879, 0.4854218065738678, 0.05692635849118233]], "num_detections": [100.0]}, "6": {"detection_scores": [0.8166202902793884, 0.8041679263114929, 0.1274809092283249], "detection_classes": [37.0, 1.0, 37.0], "detection_boxes": [[0.5928834676742554, 0.12482469528913498, 0.6374067068099976, 0.14866293966770172], [0.3652530312538147, 0.054833900183439255, 0.6866000294685364, 0.1256227046251297], [0.4583911597728729, 0.05035697668790817, 0.48365429043769836, 0.06332144141197205]], "num_detections": [100.0]}, "7": {"detection_scores": [0.8080155849456787, 0.7939897179603577, 0.15796898305416107], "detection_classes": [37.0, 1.0, 37.0], "detection_boxes": [[0.5835337042808533, 0.13992011547088623, 0.6299512982368469, 0.16287529468536377], [0.36195695400238037, 0.05570339784026146, 0.6802486181259155, 0.12696108222007751], [0.4576771855354309, 0.0510348305106163, 0.48158836364746094, 0.06397832185029984]], "num_detections": [100.0]}, "8": {"detection_scores": [0.8276763558387756, 0.5766687989234924, 0.1726049929857254], "detection_classes": [1.0, 37.0, 37.0], "detection_boxes": [[0.3586494028568268, 0.054694149643182755, 0.6806952953338623, 0.12736019492149353], [0.5737034678459167, 0.1546286940574646, 0.621514081954956, 0.17837905883789062], [0.45770907402038574, 0.05139363184571266, 0.4820329248905182, 0.06360433995723724]], "num_detections": [100.0]}, "9": {"detection_scores": [0.8466567993164062, 0.8076497316360474, 0.19777174293994904, 0.18269668519496918], "detection_classes": [37.0, 1.0, 37.0, 37.0], "detection_boxes": [[0.5638306736946106, 0.17152994871139526, 0.6132704615592957, 0.19600364565849304], [0.3569452464580536, 0.05467033013701439, 0.6777938604354858, 0.12797397375106812], [0.61323481798172, 0.08936315029859543, 0.6497262716293335, 0.10299908369779587], [0.4583752453327179, 0.05171402171254158, 0.4835596978664398, 0.06277662515640259]], "num_detections": [100.0]}, "10": {"detection_scores": [0.8334395289421082, 0.8277631402015686, 0.10552601516246796], "detection_classes": [37.0, 1.0, 37.0], "detection_boxes": [[0.5542202591896057, 0.18786117434501648, 0.6035439968109131, 0.2127411961555481], [0.3556935787200928, 0.05882599949836731, 0.6782988905906677, 0.13297627866268158], [0.45921817421913147, 0.05328674986958504, 0.48413607478141785, 0.06482362747192383]], "num_detections": [100.0]}, "11": {"detection_scores": [0.8784937858581543, 0.627223014831543], "detection_classes": [1.0, 37.0], "detection_boxes": [[0.3542538285255432, 0.061379458755254745, 0.6789187788963318, 0.13437874615192413], [0.5437749624252319, 0.20401717722415924, 0.5950639247894287, 0.23159779608249664]], "num_detections": [100.0]}, "12": {"detection_scores": [0.8607950806617737, 0.784608781337738], "detection_classes": [1.0, 37.0], "detection_boxes": [[0.35308611392974854, 0.05878029763698578, 0.6798534393310547, 0.13421164453029633], [0.5355073809623718, 0.22272443771362305, 0.586054265499115, 0.25066760182380676]], "num_detections": [100.0]}, "13": {"detection_scores": [0.875662088394165, 0.5395907163619995], "detection_classes": [1.0, 37.0], "detection_boxes": [[0.35193756222724915, 0.059610504657030106, 0.6783410906791687, 0.1340833604335785], [0.5264412760734558, 0.24283446371555328, 0.5756006240844727, 0.2701680362224579]], "num_detections": [100.0]}, "14": {"detection_scores": [0.8837144374847412, 0.6724220514297485, 0.14133809506893158], "detection_classes": [1.0, 37.0, 37.0], "detection_boxes": [[0.3522462546825409, 0.061038788408041, 0.6761701703071594, 0.13444948196411133], [0.5142160654067993, 0.2632465660572052, 0.5676489472389221, 0.2905947268009186], [0.5195497870445251, 0.2883375883102417, 0.5506863594055176, 0.2964740991592407]], "num_detections": [100.0]}, "15": {"detection_scores": [0.8820335268974304, 0.34891700744628906], "detection_classes": [1.0, 37.0], "detection_boxes": [[0.35162094235420227, 0.06085089221596718, 0.6728945970535278, 0.13503983616828918], [0.5068499445915222, 0.28403589129447937, 0.5600830316543579, 0.311815470457077]], "num_detections": [100.0]}, "16": {"detection_scores": [0.8777647614479065, 0.17546510696411133], "detection_classes": [1.0, 37.0], "detection_boxes": [[0.3495010435581207, 0.06104578822851181, 0.675332248210907, 0.13515177369117737], [0.4979759156703949, 0.3064456284046173, 0.5462362766265869, 0.33125367760658264]], "num_detections": [100.0]}, "17": {"detection_scores": [0.8796233534812927, 0.5370938777923584], "detection_classes": [1.0, 37.0], "detection_boxes": [[0.34771767258644104, 0.061347927898168564, 0.6782837510108948, 0.13587307929992676], [0.4875304698944092, 0.3301199972629547, 0.53724205493927, 0.356033593416214]], "num_detections": [100.0]}, "18": {"detection_scores": [0.8652002811431885, 0.6430231332778931, 0.10404111444950104], "detection_classes": [1.0, 37.0, 37.0], "detection_boxes": [[0.34801846742630005, 0.06196332350373268, 0.6805650591850281, 0.13642768561840057], [0.475308895111084, 0.35334059596061707, 0.5299277305603027, 0.37931254506111145], [0.4449354410171509, 0.06201901286840439, 0.469666987657547, 0.07244531065225601]], "num_detections": [100.0]}, "19": {"detection_scores": [0.8561606407165527, 0.5029855966567993], "detection_classes": [1.0, 37.0], "detection_boxes": [[0.34591710567474365, 0.06267516314983368, 0.682999849319458, 0.13693609833717346], [0.4679490029811859, 0.3739297389984131, 0.5232955813407898, 0.404391884803772]], "num_detections": [100.0]}, "20": {"detection_scores": [0.8647772073745728, 0.5603710412979126], "detection_classes": [1.0, 37.0], "detection_boxes": [[0.3435402512550354, 0.06545115262269974, 0.6858539581298828, 0.14102178812026978], [0.45871707797050476, 0.39823684096336365, 0.5141489505767822, 0.43103501200675964]], "num_detections": [100.0]}, "21": {"detection_scores": [0.878287136554718, 0.8287689089775085],