{"0": {"detection_scores": [0.8942902684211731, 0.7082151770591736, 0.11402836441993713], "detection_classes": [1.0, 37.0, 37.0], "detection_boxes": [[0.38004016876220703, 0.04164867103099823, 0.6866315007209778, 0.15358492732048035], [0.6419529318809509, 0.052648767828941345, 0.6845476627349854, 0.07507786154747009], [0.46709418296813965, 0.11658883094787598, 0.5089660882949829, 0.1426216959953308]], "num_detections": [100.0]}, "1": {"detection_scores": [0.8882527351379395, 0.5423058271408081, 0.15403629839420319], "detection_classes": [1.0, 37.0, 37.0], "detection_boxes": [[0.3773537278175354, 0.04668104276061058, 0.6815804839134216, 0.15273034572601318], [0.6383161544799805, 0.06659382581710815, 0.6790618896484375, 0.08769930899143219], [0.4657960534095764, 0.11721055209636688, 0.5074408054351807, 0.14297308027744293]], "num_detections": [100.0]}, "2": {"detection_scores": [0.8792968392372131, 0.7375937700271606, 0.11034329235553741], "detection_classes": [1.0, 37.0, 37.0], "detection_boxes": [[0.3761732578277588, 0.048381417989730835, 0.6826115846633911, 0.15245166420936584], [0.6342408061027527, 0.08380591124296188, 0.6704729199409485, 0.10083877295255661], [0.4607248902320862, 0.10879150032997131, 0.48907193541526794, 0.1189604103565216]], "num_detections": [100.0]}, "3": {"detection_scores": [0.9125245213508606, 0.812304675579071, 0.12396783381700516], "detection_classes": [1.0, 37.0, 37.0], "detection_boxes": [[0.3748202621936798, 0.04767605662345886, 0.6855750679969788, 0.1529029756784439], [0.6251955628395081, 0.09654666483402252, 0.6656202077865601, 0.1176266223192215], [0.46577349305152893, 0.12177697569131851, 0.5012063980102539, 0.13839499652385712]], "num_detections": [100.0]}, "4": {"detection_scores": [0.8805574774742126, 0.5712998509407043], "detection_classes": [1.0, 37.0], "detection_boxes": [[0.3721959888935089, 0.053064119070768356, 0.6841481328010559, 0.15301643311977386], [0.6176400184631348, 0.11105269938707352, 0.6607567667961121, 0.13261264562606812]], "num_detections": [100.0]}, "5": {"detection_scores": [0.8902627825737, 0.8068163394927979], "detection_classes": [1.0, 37.0], "detection_boxes": [[0.3694568872451782, 0.05017724260687828, 0.6861335039138794, 0.1500757485628128], [0.6107000708580017, 0.12698601186275482, 0.6561099290847778, 0.14976786077022552]], "num_detections": [100.0]}, "6": {"detection_scores": [0.8901551961898804, 0.5902891159057617, 0.10880042612552643], "detection_classes": [1.0, 37.0, 1.0], "detection_boxes": [[0.3671763837337494, 0.05517110601067543, 0.6873892545700073, 0.1510794311761856], [0.6021819710731506, 0.142843559384346, 0.6461482644081116, 0.1674812287092209], [0.4298150837421417, 0.1368498057126999, 0.49096596240997314, 0.1518404334783554]], "num_detections": [100.0]}, "7": {"detection_scores": [0.8945378065109253, 0.7618882060050964], "detection_classes": [1.0, 37.0], "detection_boxes": [[0.3655233383178711, 0.056418828666210175, 0.6872812509536743, 0.15049228072166443], [0.5957667231559753, 0.1598884016275406, 0.6416390538215637, 0.18585200607776642]], "num_detections": [100.0]}, "8": {"detection_scores": [0.8671446442604065, 0.5794727206230164], "detection_classes": [1.0, 37.0], "detection_boxes": [[0.35828351974487305, 0.05739825218915939, 0.6844075918197632, 0.15038448572158813], [0.5872054696083069, 0.18029461801052094, 0.6333159804344177, 0.2040620595216751]], "num_detections": [100.0]}, "9": {"detection_scores": [0.8920779824256897, 0.7430440187454224], "detection_classes": [1.0, 37.0], "detection_boxes": [[0.3573552370071411, 0.05621321126818657, 0.6847341656684875, 0.15031199157238007], [0.5772505402565002, 0.198786199092865, 0.6281601786613464, 0.22474151849746704]], "num_detections": [100.0]}, "10": {"detection_scores": [0.8916653990745544, 0.7268550395965576], "detection_classes": [1.0, 37.0], "detection_boxes": [[0.3547808825969696, 0.05620092153549194, 0.6845201849937439, 0.1501845270395279], [0.5691063404083252, 0.22017687559127808, 0.619536817073822, 0.24622821807861328]], "num_detections": [100.0]}, "11": {"detection_scores": [0.9055021405220032, 0.807371973991394], "detection_classes": [1.0, 37.0], "detection_boxes": [[0.35430222749710083, 0.05706348270177841, 0.6843165159225464, 0.14996379613876343], [0.5612409114837646, 0.24121113121509552, 0.6128650903701782, 0.2676233947277069]], "num_detections": [100.0]}, "12": {"detection_scores": [0.8917578458786011, 0.8019734621047974], "detection_classes": [1.0, 37.0], "detection_boxes": [[0.3535201847553253, 0.05699612572789192, 0.6836693286895752, 0.15028536319732666], [0.5510938763618469, 0.2636590600013733, 0.6048922538757324, 0.2901079058647156]], "num_detections": [100.0]}, "13": {"detection_scores": [0.9055736660957336, 0.7961151003837585], "detection_classes": [1.0, 37.0], "detection_boxes": [[0.35427114367485046, 0.057442717254161835, 0.6809594631195068, 0.15105363726615906], [0.5459359288215637, 0.2876044511795044, 0.595834493637085, 0.31396394968032837]], "num_detections": [100.0]}, "14": {"detection_scores": [0.9053801894187927, 0.7861897945404053], "detection_classes": [1.0, 37.0], "detection_boxes": [[0.35323408246040344, 0.05772939324378967, 0.6762605309486389, 0.15124650299549103], [0.5367142558097839, 0.3122600317001343, 0.5890364646911621, 0.3394038677215576]], "num_detections": [100.0]}, "15": {"detection_scores": [0.886372983455658, 0.6814232468605042], "detection_classes": [1.0, 37.0], "detection_boxes": [[0.35259926319122314, 0.05841454118490219, 0.6741228103637695, 0.15133097767829895], [0.5283399820327759, 0.33742445707321167, 0.5839954614639282, 0.36935895681381226]], "num_detections": [100.0]}, "16": {"detection_scores": [0.8892186880111694, 0.7115683555603027], "detection_classes": [1.0, 37.0], "detection_boxes": [[0.35073474049568176, 0.05841987580060959, 0.6757280826568604, 0.15253105759620667], [0.5205850005149841, 0.3663727343082428, 0.5730185508728027, 0.39422401785850525]], "num_detections": [100.0]}, "17": {"detection_scores": [0.8777055144309998, 0.5532898902893066], "detection_classes": [1.0, 37.0], "detection_boxes": [[0.3519625663757324, 0.05759241431951523, 0.6725095510482788, 0.15371695160865784], [0.5161476135253906, 0.3942088782787323, 0.565209150314331, 0.42153802514076233]], "num_detections": [100.0]}, "18": {"detection_scores": [0.8459687829017639, 0.6807723641395569, 0.12118864059448242], "detection_classes": [1.0, 37.0, 37.0], "detection_boxes": [[0.34890231490135193, 0.05779918655753136, 0.6639986634254456, 0.15591344237327576], [0.5026188492774963, 0.4226894676685333, 0.5557504296302795, 0.44892391562461853], [0.41748127341270447, 0.056476034224033356, 0.4341897666454315, 0.06476179510354996]], "num_detections": [100.0]}, "19": {"detection_scores": [0.8570287823677063, 0.7022419571876526, 0.18027150630950928, 0.10515699535608292], "detection_classes": [1.0, 37.0, 37.0, 37.0], "detection_boxes": [[0.3480566442012787, 0.05781952664256096, 0.6636132001876831, 0.1574414074420929], [0.49459677934646606, 0.45029962062835693, 0.5476516485214233, 0.4790123701095581], [0.4182846248149872, 0.05654258280992508, 0.43258029222488403, 0.06439195573329926], [0.5512691140174866, 0.46190664172172546, 0.5599867105484009, 0.4694494903087616]], "num_detections": [100.0]}, "20": {"detection_scores": [0.8562944531440735, 0.8228801488876343, 0.2025856226682663], "detection_classes": [1.0, 37.0, 37.0], "detection_boxes": [[0.3460729420185089, 0.057719636708498, 0.6624565720558167, 0.15845747292041779], [0.48630306124687195, 0.4781104624271393, 0.542049765586853, 0.5095134973526001], [0.418842613697052, 0.05681503564119339, 0.4325675368309021, 0.06470487266778946]], "num_detections": [100.0]}, "21": {"detection_scores": [0.8726662993431091, 0.6361578702926636, 0.16206125915050507], "detection_classes": [1.0, 37.0, 37.0],