{"0": {"detection_scores": [0.7819963097572327, 0.6594706773757935, 0.1285790652036667], "detection_classes": [1.0, 37.0, 37.0], "detection_boxes": [[0.3721255660057068, 0.044496871531009674, 0.6852498054504395, 0.10864192992448807], [0.6457459330558777, 0.04878658428788185, 0.6860882639884949, 0.06744325160980225], [0.4866521656513214, 0.09461082518100739, 0.5129932761192322, 0.10519799590110779]], "num_detections": [100.0]}, "1": {"detection_scores": [0.7575146555900574, 0.5798864364624023], "detection_classes": [1.0, 37.0], "detection_boxes": [[0.37093162536621094, 0.044734928756952286, 0.684870183467865, 0.1083948016166687], [0.6403555870056152, 0.0517813116312027, 0.6822429895401001, 0.07698079943656921]], "num_detections": [100.0]}, "2": {"detection_scores": [0.7088747024536133, 0.5391955375671387, 0.1582350730895996], "detection_classes": [1.0, 37.0, 37.0], "detection_boxes": [[0.36392197012901306, 0.04475126415491104, 0.6791467070579529, 0.10869782418012619], [0.6332817077636719, 0.06564384698867798, 0.671845018863678, 0.08539819717407227], [0.5531827211380005, 0.09266281127929688, 0.5724822282791138, 0.10126020014286041]], "num_detections": [100.0]}, "3": {"detection_scores": [0.6680182814598083, 0.6207098364830017, 0.1706557720899582], "detection_classes": [1.0, 37.0, 37.0], "detection_boxes": [[0.36485639214515686, 0.050895094871520996, 0.6764964461326599, 0.10813450813293457], [0.6273603439331055, 0.07606038451194763, 0.6637741327285767, 0.09656395018100739], [0.662322461605072, 0.06644518673419952, 0.6836673021316528, 0.08319514989852905]], "num_detections": [100.0]}, "4": {"detection_scores": [0.7678366899490356, 0.7001301050186157], "detection_classes": [1.0, 37.0], "detection_boxes": [[0.3664698302745819, 0.05144531652331352, 0.6879483461380005, 0.10802002251148224], [0.618986189365387, 0.0848059356212616, 0.6582846641540527, 0.10635973513126373]], "num_detections": [100.0]}, "5": {"detection_scores": [0.7842070460319519, 0.7748379707336426], "detection_classes": [1.0, 37.0], "detection_boxes": [[0.3657369315624237, 0.04955204576253891, 0.686909019947052, 0.10977569967508316], [0.6055805087089539, 0.09625650942325592, 0.6518208384513855, 0.11937157809734344]], "num_detections": [100.0]}, "6": {"detection_scores": [0.7508344650268555, 0.7326192855834961], "detection_classes": [1.0, 37.0], "detection_boxes": [[0.3633235991001129, 0.04972405359148979, 0.6880213022232056, 0.1106988787651062], [0.6030534505844116, 0.10747972130775452, 0.6448010206222534, 0.12970222532749176]], "num_detections": [100.0]}, "7": {"detection_scores": [0.8147385716438293, 0.8144532442092896], "detection_classes": [1.0, 37.0], "detection_boxes": [[0.3565956950187683, 0.0522744283080101, 0.6840601563453674, 0.11044692248106003], [0.591560959815979, 0.11928283423185349, 0.6357967853546143, 0.14210696518421173]], "num_detections": [100.0]}, "8": {"detection_scores": [0.823431670665741, 0.8119423985481262], "detection_classes": [37.0, 1.0], "detection_boxes": [[0.5846798419952393, 0.131903275847435, 0.6301165223121643, 0.15445218980312347], [0.3525756299495697, 0.055170558393001556, 0.6842190027236938, 0.1120067611336708]], "num_detections": [100.0]}, "9": {"detection_scores": [0.8072521090507507, 0.5690485239028931, 0.1870913803577423], "detection_classes": [1.0, 37.0, 37.0], "detection_boxes": [[0.3519640266895294, 0.05574403703212738, 0.6854339241981506, 0.1109999269247055], [0.5746973156929016, 0.14348940551280975, 0.622132420539856, 0.1678590029478073], [0.5783782601356506, 0.0892622098326683, 0.6226308345794678, 0.10241562873125076]], "num_detections": [100.0]}, "10": {"detection_scores": [0.8643836975097656, 0.7963540554046631, 0.1395004838705063], "detection_classes": [37.0, 1.0, 37.0], "detection_boxes": [[0.5668486952781677, 0.15688566863536835, 0.6153752207756042, 0.18092454969882965], [0.3496062755584717, 0.05442998558282852, 0.6848659515380859, 0.1123277023434639], [0.567017674446106, 0.09220172464847565, 0.6130966544151306, 0.1077607274055481]], "num_detections": [100.0]}, "11": {"detection_scores": [0.793484091758728, 0.5701010227203369, 0.13584576547145844], "detection_classes": [1.0, 37.0, 37.0], "detection_boxes": [[0.3468312919139862, 0.05176844820380211, 0.6828569173812866, 0.11484739184379578], [0.5591701865196228, 0.17118366062641144, 0.6071430444717407, 0.19504450261592865], [0.5665581822395325, 0.09591106325387955, 0.6036278009414673, 0.11156118661165237]], "num_detections": [100.0]}, "12": {"detection_scores": [0.762649416923523, 0.7424183487892151, 0.10192657262086868], "detection_classes": [1.0, 37.0, 37.0], "detection_boxes": [[0.34610751271247864, 0.052328675985336304, 0.6820389032363892, 0.1166989654302597], [0.5507656335830688, 0.1854490339756012, 0.5981260538101196, 0.208088219165802], [0.4869459569454193, 0.05228932946920395, 0.5059912800788879, 0.06481136381626129]], "num_detections": [100.0]}, "13": {"detection_scores": [0.7447448968887329, 0.6443973183631897, 0.10956194996833801], "detection_classes": [1.0, 37.0, 37.0], "detection_boxes": [[0.3403254449367523, 0.05493851378560066, 0.6845272183418274, 0.11953112483024597], [0.5406506657600403, 0.1993395835161209, 0.5888897180557251, 0.22507454454898834], [0.5493122339248657, 0.1037568747997284, 0.5922210812568665, 0.11904984712600708]], "num_detections": [100.0]}, "14": {"detection_scores": [0.8280618786811829, 0.6304372549057007], "detection_classes": [1.0, 37.0], "detection_boxes": [[0.33944207429885864, 0.05483962967991829, 0.6846740245819092, 0.12321779131889343], [0.5322999358177185, 0.21431535482406616, 0.5832927823066711, 0.23990210890769958]], "num_detections": [100.0]}, "15": {"detection_scores": [0.8361926078796387, 0.5418871641159058], "detection_classes": [1.0, 37.0], "detection_boxes": [[0.34055423736572266, 0.05514661967754364, 0.6838687658309937, 0.12619253993034363], [0.5278363227844238, 0.23032021522521973, 0.573431670665741, 0.2553839385509491]], "num_detections": [100.0]}, "16": {"detection_scores": [0.8142758011817932, 0.7354651689529419], "detection_classes": [1.0, 37.0], "detection_boxes": [[0.34344589710235596, 0.05602702498435974, 0.68450528383255, 0.13431984186172485], [0.51801598072052, 0.24527576565742493, 0.5688378214836121, 0.272611528635025]], "num_detections": [100.0]}, "17": {"detection_scores": [0.8420055508613586, 0.753791868686676], "detection_classes": [1.0, 37.0], "detection_boxes": [[0.34261009097099304, 0.057398438453674316, 0.6859980821609497, 0.13309688866138458], [0.507889449596405, 0.26108047366142273, 0.5586543083190918, 0.28931334614753723]], "num_detections": [100.0]}, "18": {"detection_scores": [0.8642634153366089, 0.6562238335609436], "detection_classes": [1.0, 37.0], "detection_boxes": [[0.34334343671798706, 0.056197501718997955, 0.6882518529891968, 0.1359717845916748], [0.5041778087615967, 0.2791498303413391, 0.5521871447563171, 0.305355429649353]], "num_detections": [100.0]}, "19": {"detection_scores": [0.8800763487815857, 0.19553354382514954], "detection_classes": [1.0, 37.0], "detection_boxes": [[0.3423177897930145, 0.05735701322555542, 0.6895033717155457, 0.13863505423069], [0.4970335364341736, 0.29591381549835205, 0.5406009554862976, 0.3227446675300598]], "num_detections": [100.0]}, "20": {"detection_scores": [0.8330044746398926, 0.2005038559436798], "detection_classes": [1.0, 37.0], "detection_boxes": [[0.3428298830986023, 0.057088833302259445, 0.6888009905815125, 0.1410105973482132], [0.4879590570926666, 0.3145180940628052, 0.5355774760246277, 0.3403773903846741]], "num_detections": [100.0]}, "21": {"detection_scores": [0.8353110551834106, 0.6541465520858765], "detection_classes": [1.0, 37.0], "detection_boxes": [[0.34276527166366577, 0.05732058733701706, 0.6869306564331055, 0.14039668440818787], [0.4806993007659912, 0.3320116400718689, 0.52977454662323, 0.35937803983688354]], "num_detections": [100.0]}, "22": {"detection_scores": [0.8236050009727478, 0.7487411499023438], "detection_classes": [1.0, 37.0],