{"0": {"detection_scores": [0.7741342186927795, 0.7250378727912903, 0.15202878415584564, 0.1350701004266739, 0.10208030045032501], "detection_classes": [1.0, 37.0, 37.0, 1.0, 37.0], "detection_boxes": [[0.3868410885334015, 0.04448974132537842, 0.6853528618812561, 0.1171547919511795], [0.6465777158737183, 0.04919134080410004, 0.6839733719825745, 0.06809858977794647], [0.5019440650939941, 0.03801674395799637, 0.5294547080993652, 0.05172501504421234], [0.4690014719963074, 0.09899136424064636, 0.5664095878601074, 0.11688080430030823], [0.549907922744751, 0.10881798714399338, 0.57743239402771, 0.11713924258947372]], "num_detections": [100.0]}, "1": {"detection_scores": [0.7205626368522644, 0.457536906003952, 0.19839368760585785, 0.109268918633461], "detection_classes": [1.0, 37.0, 1.0, 37.0], "detection_boxes": [[0.3859091103076935, 0.04279153794050217, 0.6850470304489136, 0.11702439934015274], [0.6353656053543091, 0.05595889687538147, 0.679902195930481, 0.078170046210289], [0.4680595397949219, 0.0991603210568428, 0.5730039477348328, 0.11640769988298416], [0.4982185959815979, 0.039405401796102524, 0.5145956873893738, 0.049719613045454025]], "num_detections": [100.0]}, "2": {"detection_scores": [0.7741859555244446, 0.4440789520740509, 0.14605747163295746], "detection_classes": [1.0, 37.0, 1.0], "detection_boxes": [[0.38494348526000977, 0.04084872081875801, 0.679358720779419, 0.11766332387924194], [0.625477135181427, 0.06622930616140366, 0.67021644115448, 0.08757368475198746], [0.47021690011024475, 0.10101617872714996, 0.5674065351486206, 0.11540509760379791]], "num_detections": [100.0]}, "3": {"detection_scores": [0.6829773783683777, 0.45105454325675964], "detection_classes": [1.0, 37.0], "detection_boxes": [[0.38592690229415894, 0.03700784593820572, 0.6823307275772095, 0.11636102944612503], [0.6153564453125, 0.07859158515930176, 0.656259298324585, 0.09905731678009033]], "num_detections": [100.0]}, "4": {"detection_scores": [0.7946300506591797, 0.4642224907875061, 0.19260059297084808], "detection_classes": [1.0, 37.0, 37.0], "detection_boxes": [[0.38222968578338623, 0.04175306111574173, 0.6870411038398743, 0.1178787425160408], [0.6023738980293274, 0.08892851322889328, 0.6476758122444153, 0.11299171298742294], [0.5479421019554138, 0.10313098877668381, 0.5672935843467712, 0.11064369231462479]], "num_detections": [100.0]}, "5": {"detection_scores": [0.8273686766624451, 0.8257297873497009, 0.13382183015346527], "detection_classes": [37.0, 1.0, 37.0], "detection_boxes": [[0.595923125743866, 0.10101523250341415, 0.6371133327484131, 0.12320426851511002], [0.3815498948097229, 0.042923666536808014, 0.6876813769340515, 0.11843553930521011], [0.6203018426895142, 0.08411206305027008, 0.6459207534790039, 0.0939108282327652]], "num_detections": [100.0]}, "6": {"detection_scores": [0.8603573441505432, 0.5913389921188354], "detection_classes": [1.0, 37.0], "detection_boxes": [[0.37878912687301636, 0.04407264664769173, 0.6880673766136169, 0.11978381872177124], [0.5771393775939941, 0.11282894760370255, 0.6253231167793274, 0.13628937304019928]], "num_detections": [100.0]}, "7": {"detection_scores": [0.8562524914741516, 0.8327045440673828, 0.14453329145908356, 0.11228534579277039], "detection_classes": [37.0, 1.0, 37.0, 37.0], "detection_boxes": [[0.5653777122497559, 0.12692271173000336, 0.6144502758979797, 0.15059982240200043], [0.37587401270866394, 0.045395124703645706, 0.6870363354682922, 0.12183250486850739], [0.5977290868759155, 0.09118329733610153, 0.6317955851554871, 0.10120796412229538], [0.47710099816322327, 0.043693020939826965, 0.4981105327606201, 0.055989786982536316]], "num_detections": [100.0]}, "8": {"detection_scores": [0.8703742623329163, 0.8653528690338135, 0.13949573040008545], "detection_classes": [37.0, 1.0, 37.0], "detection_boxes": [[0.5514839291572571, 0.1410614252090454, 0.6022804975509644, 0.1655082106590271], [0.37399035692214966, 0.04531165957450867, 0.6857640743255615, 0.12214283645153046], [0.5881707668304443, 0.09357345104217529, 0.6256738901138306, 0.10803915560245514]], "num_detections": [100.0]}, "9": {"detection_scores": [0.8319177627563477, 0.8257653117179871, 0.10369225591421127], "detection_classes": [1.0, 37.0, 37.0], "detection_boxes": [[0.3686729967594147, 0.04666638374328613, 0.685494601726532, 0.1280146688222885], [0.5375827550888062, 0.15451665222644806, 0.5864019989967346, 0.18215151131153107], [0.5853934288024902, 0.09688496589660645, 0.6211144924163818, 0.11085151135921478]], "num_detections": [100.0]}, "10": {"detection_scores": [0.8592829704284668, 0.8577300906181335], "detection_classes": [37.0, 1.0], "detection_boxes": [[0.5233477354049683, 0.17139069736003876, 0.5743003487586975, 0.1975172609090805], [0.36755985021591187, 0.04685535654425621, 0.6859451532363892, 0.12843813002109528]], "num_detections": [100.0]}, "11": {"detection_scores": [0.8078272938728333, 0.5315279364585876], "detection_classes": [1.0, 37.0], "detection_boxes": [[0.36601901054382324, 0.04722347855567932, 0.685802698135376, 0.12756255269050598], [0.5139316320419312, 0.18921612203121185, 0.560422420501709, 0.21316693723201752]], "num_detections": [100.0]}, "12": {"detection_scores": [0.8023391366004944, 0.20583707094192505, 0.11035694181919098], "detection_classes": [1.0, 37.0, 37.0], "detection_boxes": [[0.3624347448348999, 0.050348538905382156, 0.6806517243385315, 0.12716852128505707], [0.49856606125831604, 0.2070520669221878, 0.5406900644302368, 0.2341100424528122], [0.5893283486366272, 0.11349920183420181, 0.6131910681724548, 0.12295521050691605]], "num_detections": [100.0]}, "13": {"detection_scores": [0.862898588180542, 0.14131824672222137], "detection_classes": [1.0, 37.0], "detection_boxes": [[0.3623121678829193, 0.04758865386247635, 0.6775262355804443, 0.13112804293632507], [0.46212705969810486, 0.0712282732129097, 0.4894542396068573, 0.08866394311189651]], "num_detections": [100.0]}, "14": {"detection_scores": [0.8420426845550537], "detection_classes": [1.0], "detection_boxes": [[0.3622044324874878, 0.04886798933148384, 0.6748653650283813, 0.13277769088745117]], "num_detections": [100.0]}, "15": {"detection_scores": [0.7946446537971497, 0.5805509090423584], "detection_classes": [1.0, 37.0], "detection_boxes": [[0.3614836633205414, 0.054881591349840164, 0.672499418258667, 0.13627132773399353], [0.4468878209590912, 0.2684473395347595, 0.5031980872154236, 0.2977728247642517]], "num_detections": [100.0]}, "16": {"detection_scores": [0.857937753200531, 0.7980209589004517], "detection_classes": [1.0, 37.0], "detection_boxes": [[0.35833439230918884, 0.05524013191461563, 0.672532856464386, 0.13789233565330505], [0.4303370416164398, 0.2917647361755371, 0.4875168800354004, 0.32138901948928833]], "num_detections": [100.0]}, "17": {"detection_scores": [0.7964306473731995, 0.7538377046585083], "detection_classes": [37.0, 1.0], "detection_boxes": [[0.4131499230861664, 0.31518858671188354, 0.47136029601097107, 0.34583497047424316], [0.3564276099205017, 0.054819606244564056, 0.6698999404907227, 0.14085045456886292]], "num_detections": [100.0]}, "18": {"detection_scores": [0.8304010629653931, 0.8096107244491577], "detection_classes": [1.0, 37.0], "detection_boxes": [[0.3546029329299927, 0.053172510117292404, 0.6698867082595825, 0.14175046980381012], [0.3948635160923004, 0.3402828872203827, 0.4544009566307068, 0.37369975447654724]], "num_detections": [100.0]}, "19": {"detection_scores": [0.837112545967102, 0.5543322563171387], "detection_classes": [1.0, 37.0], "detection_boxes": [[0.3532640039920807, 0.05287368968129158, 0.6586894392967224, 0.14458049833774567], [0.37493473291397095, 0.36684343218803406, 0.43701452016830444, 0.4009602963924408]], "num_detections": [100.0]}, "20": {"detection_scores": [0.805759608745575, 0.7979547381401062], "detection_classes": [1.0, 37.0], "detection_boxes": [[0.34991714358329773, 0.059237491339445114, 0.6566643714904785, 0.14725808799266815], [0.358242928981781, 0.3950468897819519, 0.4206496775150299, 0.4289817214012146]],