{"0": {"detection_scores": [0.8353599905967712, 0.37762945890426636], "detection_classes": [1.0, 37.0], "detection_boxes": [[0.3786684274673462, 0.0459158681333065, 0.6912137269973755, 0.12295061349868774], [0.6430572867393494, 0.047624219208955765, 0.6873100399971008, 0.0753667801618576]], "num_detections": [100.0]}, "1": {"detection_scores": [0.8169165253639221, 0.26234349608421326, 0.11462436616420746], "detection_classes": [1.0, 37.0, 37.0], "detection_boxes": [[0.3791743218898773, 0.04733545333147049, 0.6906293034553528, 0.12223943322896957], [0.6419768929481506, 0.06006043404340744, 0.6822322010993958, 0.08442381769418716], [0.5289765000343323, 0.04824055731296539, 0.5379514694213867, 0.05792684108018875]], "num_detections": [100.0]}, "2": {"detection_scores": [0.8794280290603638, 0.44617170095443726, 0.15418776869773865], "detection_classes": [1.0, 37.0, 37.0], "detection_boxes": [[0.37920233607292175, 0.05330855771899223, 0.6886836290359497, 0.12399397790431976], [0.6354454755783081, 0.07554518431425095, 0.6702364683151245, 0.09258066862821579], [0.5257245302200317, 0.0490773469209671, 0.5379592180252075, 0.06344594061374664]], "num_detections": [100.0]}, "3": {"detection_scores": [0.8695610761642456, 0.8390851020812988], "detection_classes": [1.0, 37.0], "detection_boxes": [[0.37887874245643616, 0.05351101607084274, 0.6911333799362183, 0.12337657064199448], [0.629187285900116, 0.08472894877195358, 0.6689048409461975, 0.10606195777654648]], "num_detections": [100.0]}, "4": {"detection_scores": [0.8394109606742859, 0.7747557759284973, 0.10223128646612167], "detection_classes": [1.0, 37.0, 37.0], "detection_boxes": [[0.37843436002731323, 0.05204577371478081, 0.6945353746414185, 0.12425602972507477], [0.6240084171295166, 0.0978134348988533, 0.6629430651664734, 0.11861463636159897], [0.5262770056724548, 0.04869997501373291, 0.5357957482337952, 0.05707763880491257]], "num_detections": [100.0]}, "5": {"detection_scores": [0.8246784806251526, 0.7364171743392944, 0.15046028792858124, 0.1145952120423317], "detection_classes": [1.0, 37.0, 37.0, 37.0], "detection_boxes": [[0.38077205419540405, 0.052510783076286316, 0.6983551383018494, 0.12569881975650787], [0.6167052388191223, 0.11001847684383392, 0.6592337489128113, 0.13062560558319092], [0.6228060126304626, 0.10231710970401764, 0.6448723077774048, 0.11126108467578888], [0.5238386988639832, 0.04884019494056702, 0.5357246398925781, 0.05710701644420624]], "num_detections": [100.0]}, "6": {"detection_scores": [0.8150418400764465, 0.4691241681575775, 0.16758011281490326], "detection_classes": [1.0, 37.0, 37.0], "detection_boxes": [[0.3817952573299408, 0.05350061506032944, 0.6979305148124695, 0.12650203704833984], [0.6091196537017822, 0.12058163434267044, 0.6568774580955505, 0.14441946148872375], [0.5233600735664368, 0.04959913343191147, 0.5345685482025146, 0.05726625770330429]], "num_detections": [100.0]}, "7": {"detection_scores": [0.8061436414718628, 0.6758100390434265, 0.16146816313266754], "detection_classes": [1.0, 37.0, 37.0], "detection_boxes": [[0.3800733983516693, 0.05311345309019089, 0.7003645300865173, 0.12728926539421082], [0.6049736142158508, 0.13548237085342407, 0.6490971446037292, 0.15789368748664856], [0.5230520367622375, 0.049775511026382446, 0.5344357490539551, 0.056974075734615326]], "num_detections": [100.0]}, "8": {"detection_scores": [0.820949912071228, 0.8104791045188904, 0.1676589399576187], "detection_classes": [1.0, 37.0, 37.0], "detection_boxes": [[0.3795876204967499, 0.053556863218545914, 0.7013565301895142, 0.12778465449810028], [0.5986695885658264, 0.14877423644065857, 0.6451969146728516, 0.17213192582130432], [0.5237973928451538, 0.04957093298435211, 0.5351933240890503, 0.05673517286777496]], "num_detections": [100.0]}, "9": {"detection_scores": [0.7875215411186218, 0.7583165168762207, 0.10453172028064728], "detection_classes": [1.0, 37.0, 1.0], "detection_boxes": [[0.37774205207824707, 0.05335713177919388, 0.7023435235023499, 0.1274789571762085], [0.589509904384613, 0.16208596527576447, 0.6394884586334229, 0.1876182109117508], [0.44995227456092834, 0.057350900024175644, 0.4957353174686432, 0.07114194333553314]], "num_detections": [100.0]}, "10": {"detection_scores": [0.7984715700149536, 0.6218942999839783], "detection_classes": [1.0, 37.0], "detection_boxes": [[0.37700384855270386, 0.05239306017756462, 0.7032045722007751, 0.12967097759246826], [0.5865082144737244, 0.17783156037330627, 0.6328121423721313, 0.2025560438632965]], "num_detections": [100.0]}, "11": {"detection_scores": [0.8527832627296448, 0.7684617638587952], "detection_classes": [37.0, 1.0], "detection_boxes": [[0.5791545510292053, 0.19332288205623627, 0.6295320987701416, 0.21803589165210724], [0.37744003534317017, 0.05325667932629585, 0.702781617641449, 0.12926910817623138]], "num_detections": [100.0]}, "12": {"detection_scores": [0.7159552574157715, 0.7075584530830383], "detection_classes": [1.0, 37.0], "detection_boxes": [[0.37274450063705444, 0.05437399819493294, 0.6996569633483887, 0.13004042208194733], [0.5726383924484253, 0.20943744480609894, 0.6250132322311401, 0.23557351529598236]], "num_detections": [100.0]}, "13": {"detection_scores": [0.7592331767082214, 0.7233865857124329, 0.1027272641658783], "detection_classes": [1.0, 37.0, 37.0], "detection_boxes": [[0.37445324659347534, 0.05724121257662773, 0.6967458128929138, 0.13326305150985718], [0.568834662437439, 0.2270062118768692, 0.617038369178772, 0.25099554657936096], [0.5286579728126526, 0.05345485359430313, 0.5425212383270264, 0.06292113661766052]], "num_detections": [100.0]}, "14": {"detection_scores": [0.741881251335144, 0.5133740305900574], "detection_classes": [1.0, 37.0], "detection_boxes": [[0.37433913350105286, 0.06063151732087135, 0.6969501376152039, 0.13161562383174896], [0.5616453289985657, 0.24437236785888672, 0.612816333770752, 0.2700200080871582]], "num_detections": [100.0]}, "15": {"detection_scores": [0.8066579103469849, 0.5489801168441772, 0.11757316440343857], "detection_classes": [1.0, 37.0, 37.0], "detection_boxes": [[0.3725268244743347, 0.05985763669013977, 0.6979800462722778, 0.1317577064037323], [0.5553145408630371, 0.2614518404006958, 0.6113688945770264, 0.28876906633377075], [0.5325997471809387, 0.05930420383810997, 0.5491218566894531, 0.06849827617406845]], "num_detections": [100.0]}, "16": {"detection_scores": [0.8584388494491577, 0.10217641294002533], "detection_classes": [1.0, 37.0], "detection_boxes": [[0.3707055151462555, 0.060039810836315155, 0.6986441016197205, 0.1324741244316101], [0.5340140461921692, 0.061570584774017334, 0.5498146414756775, 0.06933629512786865]], "num_detections": [100.0]}, "17": {"detection_scores": [0.8768198490142822, 0.10289875417947769], "detection_classes": [1.0, 37.0], "detection_boxes": [[0.3709777891635895, 0.06122006103396416, 0.6976179480552673, 0.13326743245124817], [0.533953845500946, 0.06276671588420868, 0.5491903424263, 0.07094280421733856]], "num_detections": [100.0]}, "18": {"detection_scores": [0.8613780736923218], "detection_classes": [1.0], "detection_boxes": [[0.36709102988243103, 0.06384573876857758, 0.7002208232879639, 0.1353681981563568]], "num_detections": [100.0]}, "19": {"detection_scores": [0.8754853010177612, 0.6892978549003601], "detection_classes": [1.0, 37.0], "detection_boxes": [[0.3673059046268463, 0.06705363094806671, 0.6983387470245361, 0.14006464183330536], [0.5340365171432495, 0.33928027749061584, 0.5891395211219788, 0.3705264627933502]], "num_detections": [100.0]}, "20": {"detection_scores": [0.889713704586029, 0.6608420610427856, 0.1089414581656456], "detection_classes": [1.0, 37.0, 37.0], "detection_boxes": [[0.3644431531429291, 0.0695095956325531, 0.6992649435997009, 0.1413102000951767], [0.5326542258262634, 0.3606192469596863, 0.5857155919075012, 0.39126408100128174], [0.5330080389976501, 0.07046244293451309, 0.5488085746765137, 0.07794999331235886]], "num_detections": [100.0]},