{"0": {"detection_scores": [0.8010247349739075, 0.7393242716789246, 0.24221523106098175, 0.19459901750087738], "detection_classes": [1.0, 37.0, 37.0, 37.0], "detection_boxes": [[0.3710601329803467, 0.05088800936937332, 0.686331033706665, 0.12357126921415329], [0.6428203582763672, 0.049666088074445724, 0.6844372749328613, 0.07196402549743652], [0.48966774344444275, 0.10446774959564209, 0.5177497863769531, 0.1130625307559967], [0.4982838034629822, 0.04901411011815071, 0.509225070476532, 0.05633368715643883]], "num_detections": [100.0]}, "1": {"detection_scores": [0.8049818277359009, 0.7098819613456726, 0.2917531430721283], "detection_classes": [1.0, 37.0, 37.0], "detection_boxes": [[0.3665614426136017, 0.049232736229896545, 0.686752200126648, 0.12490934133529663], [0.6378807425498962, 0.06371098011732101, 0.6774870157241821, 0.08224166184663773], [0.49308204650878906, 0.10564269870519638, 0.5182451009750366, 0.11432719975709915]], "num_detections": [100.0]}, "2": {"detection_scores": [0.8392869234085083, 0.660252034664154, 0.28395652770996094], "detection_classes": [1.0, 37.0, 37.0], "detection_boxes": [[0.36679476499557495, 0.051667992025613785, 0.6853911876678467, 0.12666377425193787], [0.6295477151870728, 0.07469871640205383, 0.6683194637298584, 0.09473465383052826], [0.49042457342147827, 0.10365535318851471, 0.5160317420959473, 0.11357657611370087]], "num_detections": [100.0]}, "3": {"detection_scores": [0.8796234130859375, 0.5303903818130493, 0.14257481694221497, 0.1208639070391655], "detection_classes": [1.0, 37.0, 37.0, 37.0], "detection_boxes": [[0.367143452167511, 0.052213847637176514, 0.6863591074943542, 0.12669332325458527], [0.6197819709777832, 0.08569935709238052, 0.6612792015075684, 0.10740946978330612], [0.4877648949623108, 0.10207609087228775, 0.5151722431182861, 0.11408708244562149], [0.48196911811828613, 0.05229941010475159, 0.4978114068508148, 0.06163053214550018]], "num_detections": [100.0]}, "4": {"detection_scores": [0.863559901714325, 0.7333150506019592], "detection_classes": [1.0, 37.0], "detection_boxes": [[0.36692318320274353, 0.054329127073287964, 0.6864191293716431, 0.12939231097698212], [0.6125844717025757, 0.09919722378253937, 0.6553308963775635, 0.12094828486442566]], "num_detections": [100.0]}, "5": {"detection_scores": [0.8236422538757324, 0.5364177227020264, 0.10686077177524567], "detection_classes": [1.0, 37.0, 37.0], "detection_boxes": [[0.36564692854881287, 0.0576021708548069, 0.6860629320144653, 0.13333356380462646], [0.6053513884544373, 0.11210350692272186, 0.6474839448928833, 0.13486357033252716], [0.47584083676338196, 0.054737601429224014, 0.4882652759552002, 0.06464746594429016]], "num_detections": [100.0]}, "6": {"detection_scores": [0.8680934309959412, 0.8582683205604553], "detection_classes": [1.0, 37.0], "detection_boxes": [[0.36210188269615173, 0.05920659750699997, 0.6805795431137085, 0.1345767080783844], [0.5967565178871155, 0.12651868164539337, 0.6405532360076904, 0.14923985302448273]], "num_detections": [100.0]}, "7": {"detection_scores": [0.8689586520195007, 0.7714828848838806], "detection_classes": [1.0, 37.0], "detection_boxes": [[0.35994988679885864, 0.0624893382191658, 0.6819082498550415, 0.13411015272140503], [0.5866498351097107, 0.14182442426681519, 0.6307200789451599, 0.16470149159431458]], "num_detections": [100.0]}, "8": {"detection_scores": [0.8391407132148743, 0.81406170129776], "detection_classes": [1.0, 37.0], "detection_boxes": [[0.35869431495666504, 0.0631108283996582, 0.6832074522972107, 0.1345614343881607], [0.5762873888015747, 0.15765002369880676, 0.6212329268455505, 0.18064600229263306]], "num_detections": [100.0]}, "9": {"detection_scores": [0.8872272968292236, 0.8372896909713745], "detection_classes": [37.0, 1.0], "detection_boxes": [[0.5650747418403625, 0.17289403080940247, 0.6140182614326477, 0.1969948410987854], [0.35690346360206604, 0.06438066065311432, 0.6813034415245056, 0.1349816769361496]], "num_detections": [100.0]}, "10": {"detection_scores": [0.853565514087677, 0.5511716604232788], "detection_classes": [1.0, 37.0], "detection_boxes": [[0.3542719781398773, 0.06324385106563568, 0.6810876727104187, 0.13625070452690125], [0.5567592978477478, 0.18964728713035583, 0.6050910353660583, 0.21403247117996216]], "num_detections": [100.0]}, "11": {"detection_scores": [0.8457209467887878, 0.7591791749000549], "detection_classes": [1.0, 37.0], "detection_boxes": [[0.35383960604667664, 0.06389795988798141, 0.6818087100982666, 0.13580235838890076], [0.5474656820297241, 0.2071051448583603, 0.597635805606842, 0.23343317210674286]], "num_detections": [100.0]}, "12": {"detection_scores": [0.8340571522712708, 0.7820735573768616], "detection_classes": [1.0, 37.0], "detection_boxes": [[0.3509601950645447, 0.06249376758933067, 0.6795134544372559, 0.13669486343860626], [0.5379757881164551, 0.22496426105499268, 0.5889290571212769, 0.2509321868419647]], "num_detections": [100.0]}, "13": {"detection_scores": [0.8334278464317322, 0.568817675113678], "detection_classes": [1.0, 37.0], "detection_boxes": [[0.3496091961860657, 0.06456190347671509, 0.680810809135437, 0.14337675273418427], [0.530916690826416, 0.24498841166496277, 0.5806307196617126, 0.26976343989372253]], "num_detections": [100.0]}, "14": {"detection_scores": [0.865639865398407, 0.7603704333305359, 0.3298313021659851], "detection_classes": [1.0, 37.0, 37.0], "detection_boxes": [[0.34975242614746094, 0.06417281180620193, 0.6774609684944153, 0.14503759145736694], [0.5200948715209961, 0.26514461636543274, 0.571428656578064, 0.291203111410141], [0.525532066822052, 0.2884952127933502, 0.5561017990112305, 0.2969340980052948]], "num_detections": [100.0]}, "15": {"detection_scores": [0.8493508100509644, 0.5954228639602661], "detection_classes": [1.0, 37.0], "detection_boxes": [[0.3475002348423004, 0.06382058560848236, 0.6759487986564636, 0.14641526341438293], [0.5135989785194397, 0.28592708706855774, 0.5651736855506897, 0.31303510069847107]], "num_detections": [100.0]}, "16": {"detection_scores": [0.8411238193511963, 0.2597505748271942], "detection_classes": [1.0, 37.0], "detection_boxes": [[0.347322940826416, 0.06353291869163513, 0.6772819757461548, 0.1478356271982193], [0.5012191534042358, 0.3094044327735901, 0.5538235902786255, 0.33366143703460693]], "num_detections": [100.0]}, "17": {"detection_scores": [0.8535436391830444, 0.5277675986289978], "detection_classes": [1.0, 37.0], "detection_boxes": [[0.3456491529941559, 0.0642208456993103, 0.6789395809173584, 0.14902864396572113], [0.49492475390434265, 0.3291756510734558, 0.5443243980407715, 0.3555302619934082]], "num_detections": [100.0]}, "18": {"detection_scores": [0.8098701238632202, 0.654633641242981], "detection_classes": [1.0, 37.0], "detection_boxes": [[0.34778860211372375, 0.06452957540750504, 0.6749081611633301, 0.14999133348464966], [0.4851628541946411, 0.3512651026248932, 0.5366907119750977, 0.37949249148368835]], "num_detections": [100.0]}, "19": {"detection_scores": [0.818252444267273, 0.7568880319595337], "detection_classes": [1.0, 37.0], "detection_boxes": [[0.3481941521167755, 0.06469935178756714, 0.6762269139289856, 0.15126532316207886], [0.47783491015434265, 0.3742063641548157, 0.5270393490791321, 0.40305018424987793]], "num_detections": [100.0]}, "20": {"detection_scores": [0.7964755296707153, 0.5584352612495422], "detection_classes": [1.0, 37.0], "detection_boxes": [[0.34533119201660156, 0.06856055557727814, 0.679105818271637, 0.1528233140707016], [0.4686885178089142, 0.3970720171928406, 0.5170202851295471, 0.42626434564590454]], "num_detections": [100.0]}, "21": {"detection_scores": [0.7947256565093994, 0.6301432251930237], "detection_classes": [1.0, 37.0], "detection_boxes": [[0.34542548656463623, 0.06955386698246002, 0.682792067527771, 0.15193289518356323], [0.45850545167922974, 0.422241747379303, 0.5124154686927795, 0.45139211416244507]], "num_detections": [100.0]}, "22": {"detection_scores": [0.8741047978401184, 0.5259159207344055, 0.10980264097452164],