{"0": {"detection_scores": [0.8414776921272278, 0.4812997579574585, 0.1571141928434372], "detection_classes": [1.0, 37.0, 37.0], "detection_boxes": [[0.3920774757862091, 0.049980856478214264, 0.6893335580825806, 0.11696592718362808], [0.6434431076049805, 0.0510842427611351, 0.6848040819168091, 0.07202597707509995], [0.5368670225143433, 0.04978400468826294, 0.5482248663902283, 0.05709429830312729]], "num_detections": [100.0]}, "1": {"detection_scores": [0.812836766242981, 0.582015335559845, 0.2000400573015213, 0.11980964988470078], "detection_classes": [1.0, 37.0, 37.0, 1.0], "detection_boxes": [[0.3930184245109558, 0.04973849654197693, 0.6883752942085266, 0.11801888048648834], [0.6360074281692505, 0.06417461484670639, 0.6670175194740295, 0.08031376451253891], [0.5345045924186707, 0.05105067417025566, 0.5480647683143616, 0.06092560663819313], [0.5053327679634094, 0.10655869543552399, 0.5597601532936096, 0.11636124551296234]], "num_detections": [100.0]}, "2": {"detection_scores": [0.7572091817855835, 0.434029221534729, 0.21070896089076996], "detection_classes": [1.0, 37.0, 37.0], "detection_boxes": [[0.3855500817298889, 0.050351306796073914, 0.6871581077575684, 0.11901424825191498], [0.6235441565513611, 0.07355991005897522, 0.6684725880622864, 0.0957515686750412], [0.5346014499664307, 0.051433347165584564, 0.5475540161132812, 0.06140106916427612]], "num_detections": [100.0]}, "3": {"detection_scores": [0.8469535112380981, 0.7875103950500488, 0.12554332613945007], "detection_classes": [37.0, 1.0, 37.0], "detection_boxes": [[0.6127819418907166, 0.0852445662021637, 0.6584475636482239, 0.10778872668743134], [0.3907236158847809, 0.0502285361289978, 0.6900187134742737, 0.1190943717956543], [0.5339578986167908, 0.051332518458366394, 0.5461369752883911, 0.06174727529287338]], "num_detections": [100.0]}, "4": {"detection_scores": [0.827632486820221, 0.33442819118499756], "detection_classes": [1.0, 37.0], "detection_boxes": [[0.39010411500930786, 0.053740493953228, 0.6904259324073792, 0.12112698704004288], [0.6041987538337708, 0.09903650730848312, 0.6476147770881653, 0.11987798660993576]], "num_detections": [100.0]}, "5": {"detection_scores": [0.8466703295707703, 0.6770826578140259], "detection_classes": [1.0, 37.0], "detection_boxes": [[0.3835524022579193, 0.0540243424475193, 0.687588632106781, 0.12142761051654816], [0.5931699872016907, 0.10920526832342148, 0.6382415890693665, 0.13335497677326202]], "num_detections": [100.0]}, "6": {"detection_scores": [0.8684555292129517, 0.8142260909080505, 0.1434178501367569], "detection_classes": [1.0, 37.0, 37.0], "detection_boxes": [[0.3827545642852783, 0.05399376153945923, 0.6877469420433044, 0.12307305634021759], [0.5850518345832825, 0.1234125941991806, 0.6290290951728821, 0.14641250669956207], [0.5276263356208801, 0.050036121159791946, 0.538893461227417, 0.05608553811907768]], "num_detections": [100.0]}, "7": {"detection_scores": [0.8864244818687439, 0.4504990577697754], "detection_classes": [1.0, 37.0], "detection_boxes": [[0.38191860914230347, 0.054102323949337006, 0.687983512878418, 0.12355900555849075], [0.5738324522972107, 0.13697069883346558, 0.617336630821228, 0.16079223155975342]], "num_detections": [100.0]}, "8": {"detection_scores": [0.9039978981018066, 0.6197302341461182], "detection_classes": [1.0, 37.0], "detection_boxes": [[0.3786380887031555, 0.053891316056251526, 0.689306378364563, 0.12416298687458038], [0.561035692691803, 0.1522064208984375, 0.6060830950737, 0.174234539270401]], "num_detections": [100.0]}, "9": {"detection_scores": [0.8873170018196106, 0.6663845777511597], "detection_classes": [1.0, 37.0], "detection_boxes": [[0.37917274236679077, 0.05438372492790222, 0.688601553440094, 0.12657882273197174], [0.5484285950660706, 0.16684693098068237, 0.59543377161026, 0.19038698077201843]], "num_detections": [100.0]}, "10": {"detection_scores": [0.8507066369056702, 0.5153453350067139], "detection_classes": [1.0, 37.0], "detection_boxes": [[0.37904801964759827, 0.05571041628718376, 0.6905144453048706, 0.12730057537555695], [0.5360055565834045, 0.18132534623146057, 0.5893129706382751, 0.208187997341156]], "num_detections": [100.0]}, "11": {"detection_scores": [0.8156775236129761, 0.5141598582267761], "detection_classes": [1.0, 37.0], "detection_boxes": [[0.3790004849433899, 0.0555514357984066, 0.6922845840454102, 0.12908615171909332], [0.5265747904777527, 0.19833241403102875, 0.575842559337616, 0.22553320229053497]], "num_detections": [100.0]}, "12": {"detection_scores": [0.7327454686164856, 0.6986771821975708], "detection_classes": [1.0, 37.0], "detection_boxes": [[0.3808361291885376, 0.06432664394378662, 0.6919257640838623, 0.12853625416755676], [0.5159462094306946, 0.21586064994335175, 0.5662130117416382, 0.24362577497959137]], "num_detections": [100.0]}, "13": {"detection_scores": [0.791426420211792, 0.33142462372779846], "detection_classes": [1.0, 37.0], "detection_boxes": [[0.38516736030578613, 0.061914850026369095, 0.6967673897743225, 0.13423992693424225], [0.5044912695884705, 0.2335633635520935, 0.5535748600959778, 0.26245561242103577]], "num_detections": [100.0]}, "14": {"detection_scores": [0.7484384775161743, 0.12419813126325607], "detection_classes": [1.0, 37.0], "detection_boxes": [[0.3843591809272766, 0.06112873554229736, 0.6968352198600769, 0.13514475524425507], [0.49748313426971436, 0.2531176507472992, 0.5416623950004578, 0.2826100289821625]], "num_detections": [100.0]}, "15": {"detection_scores": [0.8015791773796082, 0.14388982951641083], "detection_classes": [1.0, 1.0], "detection_boxes": [[0.3836539387702942, 0.06024516746401787, 0.6987951993942261, 0.13682977855205536], [0.479749858379364, 0.2706346809864044, 0.5531242489814758, 0.3008163273334503]], "num_detections": [100.0]}, "16": {"detection_scores": [0.8046373128890991, 0.12412121146917343], "detection_classes": [1.0, 37.0], "detection_boxes": [[0.38131096959114075, 0.061688050627708435, 0.700446367263794, 0.13649888336658478], [0.48180970549583435, 0.2978746294975281, 0.5183374881744385, 0.3216800093650818]], "num_detections": [100.0]}, "17": {"detection_scores": [0.7578355669975281, 0.5028142333030701, 0.1224205419421196], "detection_classes": [1.0, 37.0, 37.0], "detection_boxes": [[0.379488468170166, 0.06221124902367592, 0.7009952664375305, 0.1365833878517151], [0.45647549629211426, 0.3146209716796875, 0.5091135501861572, 0.3438722491264343], [0.5324347019195557, 0.06330682337284088, 0.5470291972160339, 0.07066066563129425]], "num_detections": [100.0]}, "18": {"detection_scores": [0.7332884073257446, 0.5407339930534363, 0.20910391211509705], "detection_classes": [1.0, 37.0, 37.0], "detection_boxes": [[0.3740508258342743, 0.06708550453186035, 0.698072075843811, 0.13911591470241547], [0.44414404034614563, 0.33716630935668945, 0.4949129521846771, 0.36473387479782104], [0.5322025418281555, 0.06587431579828262, 0.5477233529090881, 0.07250181585550308]], "num_detections": [100.0]}, "19": {"detection_scores": [0.7560591697692871, 0.6432300209999084, 0.19577454030513763], "detection_classes": [1.0, 37.0, 37.0], "detection_boxes": [[0.37518471479415894, 0.0692693293094635, 0.6979508399963379, 0.1378435641527176], [0.43246230483055115, 0.3603675365447998, 0.4833625853061676, 0.38839173316955566], [0.5355213284492493, 0.06787116825580597, 0.5509271025657654, 0.07598750293254852]], "num_detections": [100.0]}, "20": {"detection_scores": [0.8043931722640991, 0.7295690178871155, 0.2095114290714264], "detection_classes": [1.0, 37.0, 37.0], "detection_boxes": [[0.3743741810321808, 0.07078877836465836, 0.6982328295707703, 0.1383814513683319], [0.41667261719703674, 0.38245269656181335, 0.47396108508110046, 0.4124085605144501], [0.5351543426513672, 0.0700777918100357, 0.5513066053390503, 0.0783352255821228]], "num_detections": [100.0]}, "21": {"detection_scores": [0.8298221826553345, 0.5814548134803772, 0.2498333901166916], "detection_classes": [1.0, 37.0, 37.0],