{"0": {"detection_scores": [0.7700007557868958, 0.6794600486755371, 0.11189072579145432], "detection_classes": [1.0, 37.0, 37.0], "detection_boxes": [[0.37595802545547485, 0.044873058795928955, 0.683932900428772, 0.14920246601104736], [0.6450093388557434, 0.051439832895994186, 0.6831256747245789, 0.07098108530044556], [0.46326929330825806, 0.10079944878816605, 0.4887666404247284, 0.11216577142477036]], "num_detections": [100.0]}, "1": {"detection_scores": [0.7757533192634583, 0.32397037744522095, 0.12370915710926056, 0.1097540333867073, 0.10401402413845062, 0.10170655697584152], "detection_classes": [1.0, 37.0, 37.0, 37.0, 1.0, 1.0], "detection_boxes": [[0.3715915083885193, 0.04832277074456215, 0.6859050393104553, 0.13147926330566406], [0.6352875232696533, 0.06291983276605606, 0.6705458760261536, 0.08100112527608871], [0.4602085053920746, 0.10229522734880447, 0.48776954412460327, 0.11352840811014175], [0.4324027895927429, 0.12112447619438171, 0.4589553475379944, 0.13387390971183777], [0.43019089102745056, 0.10651027411222458, 0.4959636926651001, 0.1513001024723053], [0.43117111921310425, 0.13434651494026184, 0.4909786880016327, 0.15275812149047852]], "num_detections": [100.0]}, "2": {"detection_scores": [0.7799047827720642, 0.45992425084114075, 0.1354551464319229, 0.12700557708740234], "detection_classes": [1.0, 37.0, 37.0, 37.0], "detection_boxes": [[0.3671671748161316, 0.04938743636012077, 0.6859264969825745, 0.13020920753479004], [0.6222144961357117, 0.07768496870994568, 0.6592812538146973, 0.09585078060626984], [0.45737260580062866, 0.10346323251724243, 0.48809704184532166, 0.11846382915973663], [0.43407630920410156, 0.12113481760025024, 0.4528482258319855, 0.1342969536781311]], "num_detections": [100.0]}, "3": {"detection_scores": [0.8037112951278687, 0.6834778785705566, 0.16664256155490875], "detection_classes": [1.0, 37.0, 37.0], "detection_boxes": [[0.3672637343406677, 0.052104637026786804, 0.6862598657608032, 0.14281104505062103], [0.6068288683891296, 0.08916860818862915, 0.646558403968811, 0.10956743359565735], [0.4499611556529999, 0.10340125113725662, 0.4881267845630646, 0.11904170364141464]], "num_detections": [100.0]}, "4": {"detection_scores": [0.8195050954818726, 0.8001726865768433], "detection_classes": [37.0, 1.0], "detection_boxes": [[0.5946390628814697, 0.1028815358877182, 0.6356379389762878, 0.12266156077384949], [0.36197495460510254, 0.05152367800474167, 0.6815856099128723, 0.14701443910598755]], "num_detections": [100.0]}, "5": {"detection_scores": [0.839367687702179, 0.8274053931236267], "detection_classes": [37.0, 1.0], "detection_boxes": [[0.5826808214187622, 0.11708144098520279, 0.6221505999565125, 0.13873723149299622], [0.36151930689811707, 0.05184216424822807, 0.6815394163131714, 0.15638570487499237]], "num_detections": [100.0]}, "6": {"detection_scores": [0.8580474853515625, 0.8268560171127319], "detection_classes": [37.0, 1.0], "detection_boxes": [[0.5673654675483704, 0.13143625855445862, 0.6105308532714844, 0.15425840020179749], [0.3557984530925751, 0.05483648553490639, 0.6860975027084351, 0.15499995648860931]], "num_detections": [100.0]}, "7": {"detection_scores": [0.8995535969734192, 0.7496954798698425], "detection_classes": [1.0, 37.0], "detection_boxes": [[0.3512500524520874, 0.05577957630157471, 0.6867111325263977, 0.15381845831871033], [0.5526694059371948, 0.14586715400218964, 0.5963386297225952, 0.17002324759960175]], "num_detections": [100.0]}, "8": {"detection_scores": [0.9198925495147705, 0.8139778971672058], "detection_classes": [1.0, 37.0], "detection_boxes": [[0.3469253182411194, 0.05573587119579315, 0.6855604648590088, 0.15537074208259583], [0.5377181768417358, 0.1624927818775177, 0.583016037940979, 0.18607905507087708]], "num_detections": [100.0]}, "9": {"detection_scores": [0.8960413932800293, 0.8703330755233765], "detection_classes": [1.0, 37.0], "detection_boxes": [[0.34685492515563965, 0.05831531062722206, 0.6836434602737427, 0.1573239266872406], [0.5224968194961548, 0.17927798628807068, 0.5706634521484375, 0.2034735381603241]], "num_detections": [100.0]}, "10": {"detection_scores": [0.8547307848930359, 0.38919079303741455], "detection_classes": [1.0, 37.0], "detection_boxes": [[0.34438827633857727, 0.06019765883684158, 0.6836439967155457, 0.16306686401367188], [0.5114258527755737, 0.19694362580776215, 0.5573425889015198, 0.21936248242855072]], "num_detections": [100.0]}, "11": {"detection_scores": [0.8529360294342041], "detection_classes": [1.0], "detection_boxes": [[0.3400423526763916, 0.061585649847984314, 0.6855590343475342, 0.1642625331878662]], "num_detections": [100.0]}, "12": {"detection_scores": [0.8157832622528076], "detection_classes": [1.0], "detection_boxes": [[0.3371078372001648, 0.06520906090736389, 0.6756581664085388, 0.16263934969902039]], "num_detections": [100.0]}, "13": {"detection_scores": [0.817650556564331], "detection_classes": [1.0], "detection_boxes": [[0.3347286283969879, 0.0659225732088089, 0.6739856600761414, 0.16185219585895538]], "num_detections": [100.0]}, "14": {"detection_scores": [0.8374136686325073, 0.388132244348526], "detection_classes": [1.0, 37.0], "detection_boxes": [[0.3320472240447998, 0.06767551600933075, 0.6737644076347351, 0.16229036450386047], [0.45122402906417847, 0.2737078070640564, 0.49717551469802856, 0.298470675945282]], "num_detections": [100.0]}, "15": {"detection_scores": [0.8277241587638855, 0.7510197758674622], "detection_classes": [1.0, 37.0], "detection_boxes": [[0.33022627234458923, 0.07034403085708618, 0.670170247554779, 0.15957202017307281], [0.43910402059555054, 0.2960376739501953, 0.4823361039161682, 0.3200451135635376]], "num_detections": [100.0]}, "16": {"detection_scores": [0.8040445446968079, 0.6776087284088135], "detection_classes": [1.0, 37.0], "detection_boxes": [[0.3277284502983093, 0.07074176520109177, 0.6695558428764343, 0.15996897220611572], [0.42011070251464844, 0.31650716066360474, 0.46771523356437683, 0.3409385085105896]], "num_detections": [100.0]}, "17": {"detection_scores": [0.7888651490211487, 0.7786339521408081], "detection_classes": [1.0, 37.0], "detection_boxes": [[0.3254513442516327, 0.07244101166725159, 0.6581486463546753, 0.1576831042766571], [0.4057764410972595, 0.3380383849143982, 0.453008234500885, 0.36315661668777466]], "num_detections": [100.0]}, "18": {"detection_scores": [0.8450896739959717, 0.7981100082397461, 0.1310623437166214], "detection_classes": [37.0, 1.0, 37.0], "detection_boxes": [[0.38999292254447937, 0.3603023290634155, 0.4401575028896332, 0.38660717010498047], [0.32387813925743103, 0.07310119271278381, 0.6546776294708252, 0.15830586850643158], [0.4767920970916748, 0.07248684763908386, 0.490977019071579, 0.07958096265792847]], "num_detections": [100.0]}, "19": {"detection_scores": [0.8422939777374268, 0.7968921065330505], "detection_classes": [37.0, 1.0], "detection_boxes": [[0.37393274903297424, 0.3821130394935608, 0.426484614610672, 0.4099379777908325], [0.3215286433696747, 0.07429452240467072, 0.6525662541389465, 0.15669558942317963]], "num_detections": [100.0]}, "20": {"detection_scores": [0.8435791730880737, 0.8244668245315552], "detection_classes": [37.0, 1.0], "detection_boxes": [[0.3594648540019989, 0.404837965965271, 0.41251108050346375, 0.4331706762313843], [0.31970638036727905, 0.07403001189231873, 0.6518456935882568, 0.1659126728773117]], "num_detections": [100.0]}, "21": {"detection_scores": [0.8525779247283936, 0.803178608417511, 0.13683907687664032], "detection_classes": [1.0, 37.0, 37.0], "detection_boxes": [[0.31724482774734497, 0.07491825520992279, 0.6515253782272339, 0.16504333913326263], [0.3453415036201477, 0.4280051290988922, 0.3978252410888672, 0.4569086730480194], [0.4734802842140198, 0.07573281973600388, 0.4924609959125519, 0.08545210212469101]], "num_detections": [100.0]}, "22": {"detection_scores": [0.8251753449440002, 0.7769140005111694], "detection_classes": [1.0, 37.0],