{"0": {"detection_scores": [0.894304096698761, 0.746884286403656, 0.12461286038160324], "detection_classes": [1.0, 37.0, 37.0], "detection_boxes": [[0.3741059899330139, 0.048492319881916046, 0.6879698634147644, 0.13445034623146057], [0.6448538303375244, 0.04909254610538483, 0.6880507469177246, 0.06937326490879059], [0.4618575870990753, 0.10201559215784073, 0.49093306064605713, 0.111429862678051]], "num_detections": [100.0]}, "1": {"detection_scores": [0.880023717880249, 0.7552245259284973], "detection_classes": [1.0, 37.0], "detection_boxes": [[0.3729875683784485, 0.05013589933514595, 0.686076283454895, 0.13290761411190033], [0.6462092399597168, 0.06217143312096596, 0.6831455826759338, 0.08100052177906036]], "num_detections": [100.0]}, "2": {"detection_scores": [0.8546116948127747, 0.7756616473197937], "detection_classes": [1.0, 37.0], "detection_boxes": [[0.3723551332950592, 0.0530228465795517, 0.6843579411506653, 0.13169965147972107], [0.6437497138977051, 0.07889609038829803, 0.6778544187545776, 0.0962139219045639]], "num_detections": [100.0]}, "3": {"detection_scores": [0.8969843983650208, 0.5778239965438843], "detection_classes": [1.0, 37.0], "detection_boxes": [[0.36953005194664, 0.05340539291501045, 0.6869125366210938, 0.12949496507644653], [0.6349366903305054, 0.09142546355724335, 0.6773887276649475, 0.11310535669326782]], "num_detections": [100.0]}, "4": {"detection_scores": [0.8590120077133179, 0.6006697416305542, 0.13711956143379211], "detection_classes": [1.0, 37.0, 37.0], "detection_boxes": [[0.3680437207221985, 0.05405702814459801, 0.6875712871551514, 0.12820158898830414], [0.6326550841331482, 0.10676022619009018, 0.6742660999298096, 0.12903884053230286], [0.4731507897377014, 0.10279752314090729, 0.4973266124725342, 0.11267343163490295]], "num_detections": [100.0]}, "5": {"detection_scores": [0.8526265621185303, 0.8366414308547974, 0.1649266928434372], "detection_classes": [1.0, 37.0, 37.0], "detection_boxes": [[0.3654383420944214, 0.055569786578416824, 0.6873824000358582, 0.12673789262771606], [0.6304918527603149, 0.12499341368675232, 0.6699367761611938, 0.1445510983467102], [0.4774714410305023, 0.11071207374334335, 0.4974347949028015, 0.11643777042627335]], "num_detections": [100.0]}, "6": {"detection_scores": [0.8577170968055725, 0.8576868772506714, 0.31267622113227844, 0.10482244938611984], "detection_classes": [37.0, 1.0, 37.0, 1.0], "detection_boxes": [[0.6224726438522339, 0.14042837917804718, 0.6686022281646729, 0.16316910088062286], [0.365453839302063, 0.05776573717594147, 0.6871793270111084, 0.12376880645751953], [0.47639793157577515, 0.1088777408003807, 0.4974033534526825, 0.1171506717801094], [0.4807586073875427, 0.10767844319343567, 0.5240312218666077, 0.12043777108192444]], "num_detections": [100.0]}, "7": {"detection_scores": [0.8031116724014282, 0.5149356722831726, 0.2558537423610687, 0.20162563025951385, 0.16845010221004486], "detection_classes": [1.0, 37.0, 37.0, 37.0, 1.0], "detection_boxes": [[0.3633682429790497, 0.0598825141787529, 0.6879929304122925, 0.12330875545740128], [0.6160404086112976, 0.15884912014007568, 0.6659879684448242, 0.18258240818977356], [0.5048614740371704, 0.11168312281370163, 0.5260778069496155, 0.11930825561285019], [0.458264023065567, 0.10861688107252121, 0.5131211280822754, 0.11884468048810959], [0.47973117232322693, 0.10830618441104889, 0.5267057418823242, 0.11920647323131561]], "num_detections": [100.0]}, "8": {"detection_scores": [0.8014647960662842, 0.7504991888999939, 0.307049959897995, 0.17584730684757233], "detection_classes": [1.0, 37.0, 37.0, 1.0], "detection_boxes": [[0.3642982244491577, 0.060518305748701096, 0.6877591013908386, 0.1231319010257721], [0.6141161918640137, 0.17698366940021515, 0.6609391570091248, 0.20134644210338593], [0.505222737789154, 0.11084955930709839, 0.5224774479866028, 0.1185777336359024], [0.43919041752815247, 0.10598088055849075, 0.5264723300933838, 0.12001197785139084]], "num_detections": [100.0]}, "9": {"detection_scores": [0.8252238631248474, 0.7670586705207825, 0.19803112745285034, 0.12768033146858215], "detection_classes": [37.0, 1.0, 37.0, 1.0], "detection_boxes": [[0.6085112690925598, 0.19737443327903748, 0.6583515405654907, 0.2209162712097168], [0.36432477831840515, 0.0609072782099247, 0.6872475743293762, 0.12243711948394775], [0.5026711821556091, 0.10970114916563034, 0.5190918445587158, 0.11796120554208755], [0.4323248863220215, 0.10590469092130661, 0.5190539360046387, 0.12091503292322159]], "num_detections": [100.0]}, "10": {"detection_scores": [0.6852796673774719, 0.6716567873954773, 0.12431462854146957, 0.1225103810429573], "detection_classes": [1.0, 37.0, 37.0, 1.0], "detection_boxes": [[0.36020201444625854, 0.06162017583847046, 0.6825255751609802, 0.12322314083576202], [0.6033052802085876, 0.21694669127464294, 0.6534451246261597, 0.24145108461380005], [0.49088889360427856, 0.10584209114313126, 0.5139954686164856, 0.11497566848993301], [0.43040892481803894, 0.10501758009195328, 0.5169715285301208, 0.12084879726171494]], "num_detections": [100.0]}, "11": {"detection_scores": [0.8062917590141296, 0.5390663146972656, 0.14173400402069092], "detection_classes": [1.0, 37.0, 37.0], "detection_boxes": [[0.3578459620475769, 0.0626072809100151, 0.6845703721046448, 0.12905675172805786], [0.6002215147018433, 0.2400551587343216, 0.6454135179519653, 0.26329100131988525], [0.48385608196258545, 0.09822356700897217, 0.5139995813369751, 0.11374105513095856]], "num_detections": [100.0]}, "12": {"detection_scores": [0.8234639763832092, 0.5474776029586792, 0.12040836364030838], "detection_classes": [1.0, 37.0, 37.0], "detection_boxes": [[0.3573368191719055, 0.06384897232055664, 0.6836035847663879, 0.13074713945388794], [0.5938414335250854, 0.2590698003768921, 0.6451427340507507, 0.286581814289093], [0.45912930369377136, 0.09509134292602539, 0.5101922154426575, 0.11687953770160675]], "num_detections": [100.0]}, "13": {"detection_scores": [0.8368033766746521, 0.61307293176651], "detection_classes": [1.0, 37.0], "detection_boxes": [[0.3547998070716858, 0.06444834172725677, 0.6825644969940186, 0.13370925188064575], [0.5884156823158264, 0.2820942997932434, 0.6401283740997314, 0.3102627992630005]], "num_detections": [100.0]}, "14": {"detection_scores": [0.8438494801521301, 0.47111427783966064], "detection_classes": [1.0, 37.0], "detection_boxes": [[0.35616177320480347, 0.06488299369812012, 0.680214524269104, 0.13263607025146484], [0.5840219855308533, 0.3054008185863495, 0.6353697776794434, 0.33414432406425476]], "num_detections": [100.0]}, "15": {"detection_scores": [0.8048664331436157, 0.6619923114776611], "detection_classes": [1.0, 37.0], "detection_boxes": [[0.3550875782966614, 0.06531263887882233, 0.6788960695266724, 0.13354133069515228], [0.5804216861724854, 0.32948368787765503, 0.6326084136962891, 0.35921913385391235]], "num_detections": [100.0]}, "16": {"detection_scores": [0.8407219648361206, 0.8187075853347778], "detection_classes": [1.0, 37.0], "detection_boxes": [[0.35056474804878235, 0.06583259254693985, 0.6806860566139221, 0.1444915533065796], [0.576962947845459, 0.35458019375801086, 0.6305572390556335, 0.38259121775627136]], "num_detections": [100.0]}, "17": {"detection_scores": [0.8495610356330872, 0.7553587555885315], "detection_classes": [1.0, 37.0], "detection_boxes": [[0.352192759513855, 0.06629243493080139, 0.6778885722160339, 0.14710506796836853], [0.5734136700630188, 0.3808339238166809, 0.6275063157081604, 0.40950727462768555]], "num_detections": [100.0]}, "18": {"detection_scores": [0.8256955742835999, 0.5663765668869019], "detection_classes": [1.0, 37.0], "detection_boxes": [[0.34878700971603394, 0.06547357141971588, 0.6790088415145874, 0.14721083641052246], [0.5705791711807251, 0.40771472454071045, 0.625855028629303, 0.43851155042648315]], "num_detections": [100.0]}, "19": {"detection_scores": [0.7931093573570251, 0.7406135201454163], "detection_classes": [1.0, 37.0],