{"0": {"detection_scores": [0.8304870128631592, 0.7580525279045105, 0.10438909381628036], "detection_classes": [1.0, 37.0, 37.0], "detection_boxes": [[0.3853224515914917, 0.03927229717373848, 0.6858726143836975, 0.12015154957771301], [0.6458046436309814, 0.04735440015792847, 0.6870324611663818, 0.06721501052379608], [0.5416083335876465, 0.11200736463069916, 0.5537593364715576, 0.12016192078590393]], "num_detections": [100.0]}, "1": {"detection_scores": [0.8494200110435486, 0.49961739778518677, 0.15391364693641663], "detection_classes": [1.0, 37.0, 37.0], "detection_boxes": [[0.3837825655937195, 0.03948096185922623, 0.6845346689224243, 0.11996661871671677], [0.6363635063171387, 0.056578852236270905, 0.6683011054992676, 0.07241614907979965], [0.5432486534118652, 0.11239467561244965, 0.5551907420158386, 0.11944293975830078]], "num_detections": [100.0]}, "2": {"detection_scores": [0.8287917375564575, 0.37964895367622375, 0.12144994735717773, 0.10621656477451324], "detection_classes": [1.0, 37.0, 37.0, 37.0], "detection_boxes": [[0.38188931345939636, 0.03801580145955086, 0.683668315410614, 0.12095214426517487], [0.6274035573005676, 0.06304442137479782, 0.6616191267967224, 0.08029409497976303], [0.5239840745925903, 0.032555531710386276, 0.5367093086242676, 0.04168471321463585], [0.5420604944229126, 0.11189857870340347, 0.5532369017601013, 0.1198965385556221]], "num_detections": [100.0]}, "3": {"detection_scores": [0.8354876637458801, 0.20063282549381256], "detection_classes": [1.0, 37.0], "detection_boxes": [[0.37903842329978943, 0.033634088933467865, 0.6858140826225281, 0.11857584863901138], [0.613030195236206, 0.06903208792209625, 0.652214527130127, 0.08898229897022247]], "num_detections": [100.0]}, "4": {"detection_scores": [0.8557621240615845, 0.20942991971969604], "detection_classes": [1.0, 37.0], "detection_boxes": [[0.37852710485458374, 0.03323015570640564, 0.687305748462677, 0.1183188259601593], [0.6000127196311951, 0.0757211446762085, 0.6439085006713867, 0.09848426282405853]], "num_detections": [100.0]}, "5": {"detection_scores": [0.8767544031143188, 0.5855924487113953], "detection_classes": [1.0, 37.0], "detection_boxes": [[0.3812941610813141, 0.03371797502040863, 0.688589334487915, 0.11766557395458221], [0.5923179388046265, 0.0850406363606453, 0.6343826055526733, 0.10595609992742538]], "num_detections": [100.0]}, "6": {"detection_scores": [0.8874523639678955, 0.8288833498954773], "detection_classes": [1.0, 37.0], "detection_boxes": [[0.3795432448387146, 0.033432696014642715, 0.6873870491981506, 0.1176639050245285], [0.5768132209777832, 0.09231835603713989, 0.6260793209075928, 0.11575649678707123]], "num_detections": [100.0]}, "7": {"detection_scores": [0.8958401679992676, 0.7907049655914307], "detection_classes": [1.0, 37.0], "detection_boxes": [[0.3778444826602936, 0.032967355102300644, 0.6875944137573242, 0.11753398180007935], [0.5686644315719604, 0.10080106556415558, 0.615277886390686, 0.12418793141841888]], "num_detections": [100.0]}, "8": {"detection_scores": [0.8713407516479492, 0.7123934030532837, 0.11039790511131287], "detection_classes": [1.0, 37.0, 37.0], "detection_boxes": [[0.3783082664012909, 0.03318879380822182, 0.6859142780303955, 0.11721408367156982], [0.5535473227500916, 0.1116240993142128, 0.60340815782547, 0.1340663731098175], [0.5174106359481812, 0.03153837472200394, 0.5345732569694519, 0.041154876351356506]], "num_detections": [100.0]}, "9": {"detection_scores": [0.8583694696426392, 0.4720298647880554, 0.10000614821910858], "detection_classes": [1.0, 37.0, 37.0], "detection_boxes": [[0.37640810012817383, 0.032032743096351624, 0.6846756339073181, 0.11880016326904297], [0.5402408838272095, 0.12023521959781647, 0.5886865854263306, 0.1440645307302475], [0.5171106457710266, 0.031156830489635468, 0.5357725620269775, 0.04073087126016617]], "num_detections": [100.0]}, "10": {"detection_scores": [0.8858012557029724, 0.5998281836509705], "detection_classes": [1.0, 37.0], "detection_boxes": [[0.3740023672580719, 0.032013844698667526, 0.6859384775161743, 0.1164049357175827], [0.5282958745956421, 0.1297568678855896, 0.5798158645629883, 0.15626400709152222]], "num_detections": [100.0]}, "11": {"detection_scores": [0.9049698710441589, 0.8098630309104919], "detection_classes": [1.0, 37.0], "detection_boxes": [[0.37352827191352844, 0.03129881992936134, 0.6852724552154541, 0.11624175310134888], [0.5157905220985413, 0.1424797773361206, 0.5675040483474731, 0.16687574982643127]], "num_detections": [100.0]}, "12": {"detection_scores": [0.9133021235466003, 0.2791175842285156], "detection_classes": [1.0, 37.0], "detection_boxes": [[0.3745346665382385, 0.030469458550214767, 0.685580849647522, 0.11669699847698212], [0.49954530596733093, 0.15319128334522247, 0.551180362701416, 0.18039558827877045]], "num_detections": [100.0]}, "13": {"detection_scores": [0.9002828001976013], "detection_classes": [1.0], "detection_boxes": [[0.3733294904232025, 0.029214467853307724, 0.6867241859436035, 0.11742651462554932]], "num_detections": [100.0]}, "14": {"detection_scores": [0.883820116519928], "detection_classes": [1.0], "detection_boxes": [[0.37296929955482483, 0.028823811560869217, 0.687299370765686, 0.11920200288295746]], "num_detections": [100.0]}, "15": {"detection_scores": [0.829891562461853, 0.7076138257980347], "detection_classes": [1.0, 37.0], "detection_boxes": [[0.37483400106430054, 0.028965935111045837, 0.6860089898109436, 0.11959922313690186], [0.4606468677520752, 0.19432897865772247, 0.5075943470001221, 0.222588911652565]], "num_detections": [100.0]}, "16": {"detection_scores": [0.8405342102050781, 0.83553147315979], "detection_classes": [37.0, 1.0], "detection_boxes": [[0.44505298137664795, 0.20966261625289917, 0.5007626414299011, 0.23768869042396545], [0.37547266483306885, 0.03194072097539902, 0.6847196817398071, 0.1289817988872528]], "num_detections": [100.0]}, "17": {"detection_scores": [0.8865709900856018, 0.6820547580718994, 0.10789512097835541], "detection_classes": [1.0, 37.0, 1.0], "detection_boxes": [[0.37623628973960876, 0.030645068734884262, 0.6844617128372192, 0.13187356293201447], [0.4292059540748596, 0.2251778542995453, 0.48642876744270325, 0.2550524175167084], [0.381081759929657, 0.6331372261047363, 0.4209064245223999, 0.702398419380188]], "num_detections": [100.0]}, "18": {"detection_scores": [0.9027938842773438, 0.6222317218780518], "detection_classes": [1.0, 37.0], "detection_boxes": [[0.3750482499599457, 0.030154503881931305, 0.6842666864395142, 0.13386178016662598], [0.4144580364227295, 0.24121983349323273, 0.4689960777759552, 0.2724217474460602]], "num_detections": [100.0]}, "19": {"detection_scores": [0.9015622138977051, 0.8212364912033081, 0.10519132018089294], "detection_classes": [1.0, 37.0, 1.0], "detection_boxes": [[0.3756119906902313, 0.02990308776497841, 0.6841399669647217, 0.13438184559345245], [0.3958946764469147, 0.259341835975647, 0.45773378014564514, 0.291472852230072], [0.3816817104816437, 0.6579898595809937, 0.42035043239593506, 0.6960330009460449]], "num_detections": [100.0]}, "20": {"detection_scores": [0.840287446975708, 0.8191783428192139], "detection_classes": [1.0, 37.0], "detection_boxes": [[0.374610960483551, 0.037852827459573746, 0.6849152445793152, 0.13800984621047974], [0.37907543778419495, 0.2772993743419647, 0.4419303238391876, 0.3107873499393463]], "num_detections": [100.0]}, "21": {"detection_scores": [0.8860454559326172, 0.7344346046447754, 0.11958303302526474], "detection_classes": [1.0, 37.0, 1.0], "detection_boxes": [[0.37415578961372375, 0.03641413897275925, 0.685766339302063, 0.13859978318214417], [0.3654444217681885, 0.2962132692337036, 0.4269406795501709, 0.33074384927749634], [0.48795464634895325, 0.10542576760053635, 0.5412553548812866, 0.11828962713479996]], "num_detections": [100.0]}, "22": {"detection_scores": [0.8875749707221985, 0.6549481153488159], "detection_classes": [1.0, 37.0],