{"0": {"detection_scores": [0.7689591646194458, 0.4214716851711273], "detection_classes": [1.0, 37.0], "detection_boxes": [[0.3875614106655121, 0.04826045408844948, 0.6842501759529114, 0.11104269325733185], [0.641085147857666, 0.050356898456811905, 0.6821345090866089, 0.07067622989416122]], "num_detections": [100.0]}, "1": {"detection_scores": [0.8366560339927673, 0.5323970913887024], "detection_classes": [1.0, 37.0], "detection_boxes": [[0.3860296308994293, 0.0477009154856205, 0.6792583465576172, 0.11178098618984222], [0.6350609064102173, 0.06325151026248932, 0.6674916744232178, 0.08013629913330078]], "num_detections": [100.0]}, "2": {"detection_scores": [0.7846370339393616, 0.7488222718238831], "detection_classes": [1.0, 37.0], "detection_boxes": [[0.38480064272880554, 0.04849535599350929, 0.6780027747154236, 0.11285163462162018], [0.6234441995620728, 0.07205823808908463, 0.6634465456008911, 0.09097529202699661]], "num_detections": [100.0]}, "3": {"detection_scores": [0.8424341678619385, 0.6229947209358215], "detection_classes": [1.0, 37.0], "detection_boxes": [[0.38388317823410034, 0.05051494389772415, 0.6870776414871216, 0.11439969390630722], [0.6170840263366699, 0.08111957460641861, 0.654077410697937, 0.10122308880090714]], "num_detections": [100.0]}, "4": {"detection_scores": [0.8747491240501404, 0.3215685486793518], "detection_classes": [1.0, 37.0], "detection_boxes": [[0.38390424847602844, 0.05087115615606308, 0.6849653720855713, 0.1154002770781517], [0.603676974773407, 0.08936715871095657, 0.6483400464057922, 0.11288081854581833]], "num_detections": [100.0]}, "5": {"detection_scores": [0.8531509041786194, 0.7335314154624939], "detection_classes": [1.0, 37.0], "detection_boxes": [[0.3813095986843109, 0.05195332318544388, 0.6843838691711426, 0.1165357455611229], [0.5964155197143555, 0.10081732273101807, 0.6380788683891296, 0.1236688494682312]], "num_detections": [100.0]}, "6": {"detection_scores": [0.8149603605270386, 0.6619952321052551], "detection_classes": [1.0, 37.0], "detection_boxes": [[0.3789428174495697, 0.055260103195905685, 0.6822510361671448, 0.11865387856960297], [0.5864993333816528, 0.1119084432721138, 0.6311248540878296, 0.13566607236862183]], "num_detections": [100.0]}, "7": {"detection_scores": [0.8278248906135559, 0.501273512840271], "detection_classes": [1.0, 37.0], "detection_boxes": [[0.3759235739707947, 0.05530688911676407, 0.6825159192085266, 0.11892547458410263], [0.5746082663536072, 0.12404409795999527, 0.6196205615997314, 0.1484897881746292]], "num_detections": [100.0]}, "8": {"detection_scores": [0.8424866795539856, 0.6816073656082153], "detection_classes": [1.0, 37.0], "detection_boxes": [[0.3732796907424927, 0.055556654930114746, 0.6844276189804077, 0.1195850521326065], [0.5621628761291504, 0.13628444075584412, 0.6102047562599182, 0.1620725691318512]], "num_detections": [100.0]}, "9": {"detection_scores": [0.8530099987983704, 0.8390185236930847], "detection_classes": [1.0, 37.0], "detection_boxes": [[0.3681897521018982, 0.05619760975241661, 0.6857141852378845, 0.12169294059276581], [0.5505838394165039, 0.15044036507606506, 0.6017647981643677, 0.174825519323349]], "num_detections": [100.0]}, "10": {"detection_scores": [0.8425930738449097, 0.8298169374465942, 0.10713156312704086], "detection_classes": [1.0, 37.0, 37.0], "detection_boxes": [[0.3679206371307373, 0.05661790445446968, 0.6848437190055847, 0.12185509502887726], [0.5391910672187805, 0.16473042964935303, 0.5864863395690918, 0.1893138587474823], [0.4692392349243164, 0.06697944551706314, 0.4958192706108093, 0.07935862988233566]], "num_detections": [100.0]}, "11": {"detection_scores": [0.8025298714637756, 0.5782769322395325], "detection_classes": [1.0, 37.0], "detection_boxes": [[0.3629577159881592, 0.055977508425712585, 0.6792404651641846, 0.12357187271118164], [0.5267907977104187, 0.1787506341934204, 0.5760427117347717, 0.2052302062511444]], "num_detections": [100.0]}, "12": {"detection_scores": [0.8299345374107361, 0.8151470422744751, 0.12114425748586655], "detection_classes": [37.0, 1.0, 37.0], "detection_boxes": [[0.5163642764091492, 0.19503691792488098, 0.5676218271255493, 0.22061297297477722], [0.3653714656829834, 0.05400245264172554, 0.6857984662055969, 0.12516699731349945], [0.4584362208843231, 0.06759797036647797, 0.49116250872612, 0.08134941756725311]], "num_detections": [100.0]}, "13": {"detection_scores": [0.7619171738624573, 0.2625280022621155, 0.15649832785129547], "detection_classes": [1.0, 37.0, 37.0], "detection_boxes": [[0.36496472358703613, 0.05545852705836296, 0.6862834095954895, 0.12758226692676544], [0.505713939666748, 0.2120686173439026, 0.557166337966919, 0.23779937624931335], [0.45838814973831177, 0.06696702539920807, 0.4902271032333374, 0.08249349892139435]], "num_detections": [100.0]}, "14": {"detection_scores": [0.7489834427833557], "detection_classes": [1.0], "detection_boxes": [[0.3624119460582733, 0.056047603487968445, 0.6804256439208984, 0.1278819739818573]], "num_detections": [100.0]}, "15": {"detection_scores": [0.767705500125885, 0.10159658640623093], "detection_classes": [1.0, 37.0], "detection_boxes": [[0.36039984226226807, 0.057904377579689026, 0.6817501783370972, 0.13309325277805328], [0.4821277856826782, 0.2479534149169922, 0.5287833213806152, 0.27541351318359375]], "num_detections": [100.0]}, "16": {"detection_scores": [0.7911332249641418, 0.3409537076950073], "detection_classes": [1.0, 37.0], "detection_boxes": [[0.3598783314228058, 0.05800088867545128, 0.6816956400871277, 0.13378529250621796], [0.467252254486084, 0.2644716203212738, 0.5152113437652588, 0.29472705721855164]], "num_detections": [100.0]}, "17": {"detection_scores": [0.8749504089355469, 0.5839816927909851], "detection_classes": [1.0, 37.0], "detection_boxes": [[0.3599139451980591, 0.05740464851260185, 0.6791722178459167, 0.1374419778585434], [0.4548358619213104, 0.2846737802028656, 0.5101240873336792, 0.3143558204174042]], "num_detections": [100.0]}, "18": {"detection_scores": [0.872061014175415, 0.5603331327438354], "detection_classes": [1.0, 37.0], "detection_boxes": [[0.3594488501548767, 0.056549735367298126, 0.6796834468841553, 0.13852283358573914], [0.4408226013183594, 0.3049745261669159, 0.49658241868019104, 0.33427920937538147]], "num_detections": [100.0]}, "19": {"detection_scores": [0.8607475161552429, 0.7611910104751587], "detection_classes": [1.0, 37.0], "detection_boxes": [[0.35801249742507935, 0.058108627796173096, 0.67828768491745, 0.13785745203495026], [0.43036726117134094, 0.32565316557884216, 0.48603472113609314, 0.3579101860523224]], "num_detections": [100.0]}, "20": {"detection_scores": [0.8367703557014465, 0.7956321835517883], "detection_classes": [1.0, 37.0], "detection_boxes": [[0.3558371365070343, 0.057606760412454605, 0.6816937327384949, 0.14123502373695374], [0.4162430763244629, 0.3487494885921478, 0.47199884057044983, 0.3800903856754303]], "num_detections": [100.0]}, "21": {"detection_scores": [0.8738852739334106, 0.8459039926528931], "detection_classes": [1.0, 37.0], "detection_boxes": [[0.351676344871521, 0.05717283487319946, 0.6861522197723389, 0.15040701627731323], [0.4015832245349884, 0.37099483609199524, 0.46079131960868835, 0.4049568474292755]], "num_detections": [100.0]}, "22": {"detection_scores": [0.8896317481994629, 0.7871140241622925, 0.12243170291185379], "detection_classes": [1.0, 37.0, 37.0], "detection_boxes": [[0.34953752160072327, 0.05665072798728943, 0.6886526346206665, 0.15095219016075134], [0.38816991448402405, 0.3948427736759186, 0.44877615571022034, 0.4288022220134735], [0.4738016128540039, 0.07279254496097565, 0.49173063039779663, 0.08614623546600342]], "num_detections": [100.0]}, "23": {"detection_scores": [0.8882599472999573, 0.5109474062919617, 0.12455923110246658], "detection_classes": [1.0, 37.0, 37.0],