{"0": {"detection_scores": [0.8385318517684937, 0.2709989547729492], "detection_classes": [1.0, 37.0], "detection_boxes": [[0.4481595754623413, 0.05734831467270851, 0.7662404179573059, 0.12623482942581177], [0.7214688062667847, 0.06261187046766281, 0.7597203850746155, 0.08085174113512039]], "num_detections": [100.0]}, "1": {"detection_scores": [0.8762045502662659, 0.2499622106552124], "detection_classes": [1.0, 37.0], "detection_boxes": [[0.4457046091556549, 0.05663314461708069, 0.7605796456336975, 0.12729445099830627], [0.7209270000457764, 0.07477696239948273, 0.7549441456794739, 0.09016789495944977]], "num_detections": [100.0]}, "2": {"detection_scores": [0.7573697566986084, 0.6316419243812561], "detection_classes": [1.0, 37.0], "detection_boxes": [[0.44335880875587463, 0.058591362088918686, 0.7568930983543396, 0.12641461193561554], [0.7160297632217407, 0.0850418210029602, 0.7545004487037659, 0.10407426953315735]], "num_detections": [100.0]}, "3": {"detection_scores": [0.81475830078125, 0.8000025749206543], "detection_classes": [1.0, 37.0], "detection_boxes": [[0.4385189712047577, 0.06167460232973099, 0.7656481862068176, 0.1284944713115692], [0.7119742631912231, 0.0938577800989151, 0.7530564665794373, 0.11443254351615906]], "num_detections": [100.0]}, "4": {"detection_scores": [0.8441054224967957, 0.7161825895309448], "detection_classes": [1.0, 37.0], "detection_boxes": [[0.4383091330528259, 0.06286060810089111, 0.7683020234107971, 0.1283400058746338], [0.7063400149345398, 0.10435967892408371, 0.75258868932724, 0.12753663957118988]], "num_detections": [100.0]}, "5": {"detection_scores": [0.8044714331626892, 0.6562498211860657], "detection_classes": [1.0, 37.0], "detection_boxes": [[0.43558475375175476, 0.061211567372083664, 0.7668265104293823, 0.12952077388763428], [0.7042362093925476, 0.11684895306825638, 0.747272253036499, 0.13893437385559082]], "num_detections": [100.0]}, "6": {"detection_scores": [0.7820401191711426, 0.7680102586746216], "detection_classes": [1.0, 37.0], "detection_boxes": [[0.4334730803966522, 0.06253771483898163, 0.7647413611412048, 0.12951798737049103], [0.6991522908210754, 0.12988296151161194, 0.7446510195732117, 0.15296560525894165]], "num_detections": [100.0]}, "7": {"detection_scores": [0.8176578879356384, 0.7165998220443726], "detection_classes": [1.0, 37.0], "detection_boxes": [[0.4284668266773224, 0.062191449105739594, 0.7579897046089172, 0.13055825233459473], [0.6930068731307983, 0.1434875726699829, 0.7418565154075623, 0.16768226027488708]], "num_detections": [100.0]}, "8": {"detection_scores": [0.8302823901176453, 0.7368693351745605], "detection_classes": [1.0, 37.0], "detection_boxes": [[0.4250176250934601, 0.06270502507686615, 0.7595980763435364, 0.13195446133613586], [0.6904767751693726, 0.1580335795879364, 0.7388647794723511, 0.1820562183856964]], "num_detections": [100.0]}, "9": {"detection_scores": [0.805212676525116, 0.7223970293998718], "detection_classes": [1.0, 37.0], "detection_boxes": [[0.42171743512153625, 0.06480148434638977, 0.7590867877006531, 0.13298697769641876], [0.6872804164886475, 0.17294959723949432, 0.7352257370948792, 0.1974250227212906]], "num_detections": [100.0]}, "10": {"detection_scores": [0.8089488744735718, 0.7978662848472595], "detection_classes": [37.0, 1.0], "detection_boxes": [[0.6810081601142883, 0.1879948228597641, 0.7325202822685242, 0.21517826616764069], [0.41968029737472534, 0.06542684137821198, 0.7584829926490784, 0.13343052566051483]], "num_detections": [100.0]}, "11": {"detection_scores": [0.7581597566604614, 0.5325392484664917], "detection_classes": [1.0, 37.0], "detection_boxes": [[0.4166605472564697, 0.06527145206928253, 0.7599307298660278, 0.1349717676639557], [0.6769726872444153, 0.2040259689092636, 0.7293378114700317, 0.2322653979063034]], "num_detections": [100.0]}, "12": {"detection_scores": [0.7827215194702148, 0.49996417760849], "detection_classes": [1.0, 37.0], "detection_boxes": [[0.41355279088020325, 0.07031414657831192, 0.7597740888595581, 0.13572600483894348], [0.6723353266716003, 0.22183236479759216, 0.7264028191566467, 0.2511455714702606]], "num_detections": [100.0]}, "13": {"detection_scores": [0.8280367255210876, 0.7929683923721313], "detection_classes": [1.0, 37.0], "detection_boxes": [[0.4120289087295532, 0.0690663605928421, 0.7594053149223328, 0.13745108246803284], [0.6679274439811707, 0.24249300360679626, 0.7218696475028992, 0.2701520025730133]], "num_detections": [100.0]}, "14": {"detection_scores": [0.8156019449234009, 0.8087613582611084], "detection_classes": [1.0, 37.0], "detection_boxes": [[0.4103294909000397, 0.0692049115896225, 0.7591903209686279, 0.13812166452407837], [0.6635372042655945, 0.26032575964927673, 0.7200043797492981, 0.2900576889514923]], "num_detections": [100.0]}, "15": {"detection_scores": [0.8305652737617493, 0.6702368259429932, 0.10714869946241379], "detection_classes": [1.0, 37.0, 37.0], "detection_boxes": [[0.41002383828163147, 0.0698375254869461, 0.7594900727272034, 0.1405283361673355], [0.6593592762947083, 0.28081217408180237, 0.7166229486465454, 0.3117765486240387], [0.5498932600021362, 0.08261245489120483, 0.5698292255401611, 0.09447677433490753]], "num_detections": [100.0]}, "16": {"detection_scores": [0.8121781349182129, 0.5894716382026672], "detection_classes": [1.0, 37.0], "detection_boxes": [[0.4054791331291199, 0.06933443993330002, 0.752869725227356, 0.1415540874004364], [0.6541707515716553, 0.3034510612487793, 0.7165138721466064, 0.33421438932418823]], "num_detections": [100.0]}, "17": {"detection_scores": [0.8152481913566589, 0.18810266256332397], "detection_classes": [1.0, 37.0], "detection_boxes": [[0.4026644229888916, 0.06991563737392426, 0.7559396624565125, 0.14375141263008118], [0.6503208875656128, 0.3252522945404053, 0.7105153203010559, 0.3580479621887207]], "num_detections": [100.0]}, "18": {"detection_scores": [0.7948290109634399, 0.595879852771759], "detection_classes": [1.0, 37.0], "detection_boxes": [[0.40106695890426636, 0.06970451772212982, 0.7566874027252197, 0.14610087871551514], [0.6467459201812744, 0.349981427192688, 0.7058544754981995, 0.38211923837661743]], "num_detections": [100.0]}, "19": {"detection_scores": [0.8353543281555176, 0.6540209054946899], "detection_classes": [1.0, 37.0], "detection_boxes": [[0.4005894362926483, 0.07212232053279877, 0.7568671703338623, 0.15011876821517944], [0.6442839503288269, 0.37485983967781067, 0.7033377885818481, 0.4081245958805084]], "num_detections": [100.0]}, "20": {"detection_scores": [0.875299334526062, 0.5501689314842224], "detection_classes": [1.0, 37.0], "detection_boxes": [[0.40105974674224854, 0.07199536263942719, 0.7559521198272705, 0.15274359285831451], [0.6374921798706055, 0.4008331000804901, 0.6978129148483276, 0.43416133522987366]], "num_detections": [100.0]}, "21": {"detection_scores": [0.8935659527778625, 0.5664573311805725, 0.11842329800128937], "detection_classes": [1.0, 37.0, 37.0], "detection_boxes": [[0.40195396542549133, 0.07222406566143036, 0.753706693649292, 0.15315945446491241], [0.6366922855377197, 0.4269927740097046, 0.697451114654541, 0.459017813205719], [0.5471499562263489, 0.08849833905696869, 0.5675631165504456, 0.10119162499904633]], "num_detections": [100.0]}, "22": {"detection_scores": [0.8483123779296875, 0.7674170136451721, 0.12668557465076447, 0.1078818291425705], "detection_classes": [1.0, 37.0, 37.0, 37.0], "detection_boxes": [[0.39985713362693787, 0.07377929985523224, 0.7552157640457153, 0.15470243990421295], [0.630485475063324, 0.455036461353302, 0.6934989094734192, 0.48956555128097534], [0.5529950857162476, 0.0704878643155098, 0.5692617297172546, 0.0799136832356453], [0.5494505763053894, 0.0897069126367569, 0.5687323808670044, 0.10311521589756012]], "num_detections": [100.0]}, "23": {"detection_scores": [0.8218616843223572, 0.28564852476119995, 0.1543683111667633, 0.1423802226781845], "detection_classes": [1.0, 37.0, 37.0, 37.0],