{"0": {"detection_scores": [0.7587082982063293, 0.28712207078933716, 0.21376323699951172, 0.14187070727348328, 0.13706494867801666, 0.11371865123510361], "detection_classes": [1.0, 37.0, 37.0, 37.0, 1.0, 37.0], "detection_boxes": [[0.3961435556411743, 0.04966322332620621, 0.6881551742553711, 0.14724969863891602], [0.6437139511108398, 0.0503983236849308, 0.6846415400505066, 0.0722927451133728], [0.4663023352622986, 0.10419066995382309, 0.48796504735946655, 0.11652595549821854], [0.43382492661476135, 0.12228012084960938, 0.4571998417377472, 0.1318781077861786], [0.43226903676986694, 0.13275784254074097, 0.4876788258552551, 0.15468677878379822], [0.4621202349662781, 0.12814852595329285, 0.4827535152435303, 0.14741292595863342]], "num_detections": [100.0]}, "1": {"detection_scores": [0.7509591579437256, 0.3897606432437897, 0.316986083984375, 0.25639286637306213, 0.14577291905879974, 0.12160059064626694], "detection_classes": [1.0, 37.0, 37.0, 1.0, 37.0, 1.0], "detection_boxes": [[0.39738282561302185, 0.0536363311111927, 0.6846534609794617, 0.12401117384433746], [0.6339384913444519, 0.06384449452161789, 0.6715797781944275, 0.08425096422433853], [0.4641016721725464, 0.10500739514827728, 0.49010154604911804, 0.11641207337379456], [0.4340256452560425, 0.1320779174566269, 0.4888843894004822, 0.15524287521839142], [0.43521320819854736, 0.12272841483354568, 0.4567749798297882, 0.1323983073234558], [0.43999162316322327, 0.12070751935243607, 0.4752175509929657, 0.1365109384059906]], "num_detections": [100.0]}, "2": {"detection_scores": [0.7500514984130859, 0.7120642066001892, 0.1454925537109375, 0.13263815641403198], "detection_classes": [1.0, 37.0, 1.0, 37.0], "detection_boxes": [[0.398062527179718, 0.05352341756224632, 0.6842368245124817, 0.12542057037353516], [0.6255399584770203, 0.07791437208652496, 0.6655638217926025, 0.09680327773094177], [0.4487069249153137, 0.13371248543262482, 0.4914456903934479, 0.15369941294193268], [0.4586641192436218, 0.13291135430335999, 0.484542578458786, 0.14508676528930664]], "num_detections": [100.0]}, "3": {"detection_scores": [0.7888995409011841, 0.6566793918609619], "detection_classes": [1.0, 37.0], "detection_boxes": [[0.3862917423248291, 0.05304122343659401, 0.6853092908859253, 0.14325304329395294], [0.6115111112594604, 0.0894928127527237, 0.6579148173332214, 0.11155544221401215]], "num_detections": [100.0]}, "4": {"detection_scores": [0.8057576417922974, 0.7400044202804565, 0.14533129334449768], "detection_classes": [1.0, 37.0, 37.0], "detection_boxes": [[0.3832845389842987, 0.05552133545279503, 0.6864126324653625, 0.14465287327766418], [0.6004595756530762, 0.10447601228952408, 0.645749032497406, 0.12614060938358307], [0.6162146329879761, 0.08493021130561829, 0.6394880414009094, 0.09445363283157349]], "num_detections": [100.0]}, "5": {"detection_scores": [0.8200557827949524, 0.5587342381477356, 0.22584135830402374, 0.11162799596786499], "detection_classes": [1.0, 37.0, 37.0, 37.0], "detection_boxes": [[0.3839340806007385, 0.05694681778550148, 0.6856198906898499, 0.14160189032554626], [0.5887988209724426, 0.11849937587976456, 0.6339527368545532, 0.14124561846256256], [0.6043633222579956, 0.08856351673603058, 0.634747326374054, 0.10288365185260773], [0.4587079584598541, 0.13077613711357117, 0.4867013394832611, 0.14564365148544312]], "num_detections": [100.0]}, "6": {"detection_scores": [0.8070127964019775, 0.7539342045783997, 0.24489928781986237], "detection_classes": [1.0, 37.0, 37.0], "detection_boxes": [[0.3804580569267273, 0.05990539863705635, 0.6858118176460266, 0.13982711732387543], [0.5752478837966919, 0.13435770571231842, 0.6220982074737549, 0.15729190409183502], [0.5897225141525269, 0.09325046092271805, 0.6232742071151733, 0.10630237311124802]], "num_detections": [100.0]}, "7": {"detection_scores": [0.8425400853157043, 0.7454332709312439, 0.18433451652526855], "detection_classes": [1.0, 37.0, 37.0], "detection_boxes": [[0.37622520327568054, 0.061226166784763336, 0.6853297352790833, 0.145218163728714], [0.5616211891174316, 0.1515982747077942, 0.6124151349067688, 0.1746985912322998], [0.5845188498497009, 0.09779467433691025, 0.6197217106819153, 0.11187129467725754]], "num_detections": [100.0]}, "8": {"detection_scores": [0.8335806727409363, 0.8252376317977905], "detection_classes": [37.0, 1.0], "detection_boxes": [[0.5503050684928894, 0.1699383705854416, 0.5995484590530396, 0.19325481355190277], [0.3724234998226166, 0.061795320361852646, 0.6843445301055908, 0.145788311958313]], "num_detections": [100.0]}, "9": {"detection_scores": [0.8289614319801331, 0.7513220906257629], "detection_classes": [1.0, 37.0], "detection_boxes": [[0.36835694313049316, 0.061083149164915085, 0.6865034699440002, 0.14648810029029846], [0.5369418859481812, 0.18811942636966705, 0.5865451097488403, 0.2128324657678604]], "num_detections": [100.0]}, "10": {"detection_scores": [0.8148152828216553, 0.655687153339386], "detection_classes": [1.0, 37.0], "detection_boxes": [[0.3654923439025879, 0.06314974278211594, 0.6884856224060059, 0.1441144347190857], [0.5247595310211182, 0.2069617062807083, 0.5735700130462646, 0.23259593546390533]], "num_detections": [100.0]}, "11": {"detection_scores": [0.7437072992324829, 0.4449448883533478], "detection_classes": [1.0, 37.0], "detection_boxes": [[0.35883858799934387, 0.06329645216464996, 0.684008002281189, 0.14370591938495636], [0.5117883086204529, 0.22740113735198975, 0.5580211281776428, 0.25153645873069763]], "num_detections": [100.0]}, "12": {"detection_scores": [0.8093757033348083, 0.12298257648944855, 0.1017560139298439], "detection_classes": [1.0, 37.0, 37.0], "detection_boxes": [[0.3581826388835907, 0.06372269243001938, 0.6821204423904419, 0.14291098713874817], [0.4384099245071411, 0.1130395382642746, 0.4748910367488861, 0.12623797357082367], [0.37367695569992065, 0.07900071889162064, 0.37689289450645447, 0.08348988741636276]], "num_detections": [100.0]}, "13": {"detection_scores": [0.8561401963233948, 0.1176985576748848, 0.10120867937803268], "detection_classes": [1.0, 37.0, 37.0], "detection_boxes": [[0.3576664626598358, 0.06607066094875336, 0.6794117093086243, 0.14221788942813873], [0.483622282743454, 0.268684983253479, 0.5514166951179504, 0.3005520701408386], [0.3728812634944916, 0.080543652176857, 0.3786095082759857, 0.08608724176883698]], "num_detections": [100.0]}, "14": {"detection_scores": [0.8718451261520386, 0.5130544304847717, 0.1028335765004158], "detection_classes": [1.0, 37.0, 1.0], "detection_boxes": [[0.3561044931411743, 0.06701645255088806, 0.677808403968811, 0.1440250128507614], [0.47127392888069153, 0.29632073640823364, 0.5211232304573059, 0.3251158595085144], [0.5017328262329102, 0.26946425437927246, 0.5522486567497253, 0.29805803298950195]], "num_detections": [100.0]}, "15": {"detection_scores": [0.8663721084594727, 0.5452255010604858], "detection_classes": [1.0, 37.0], "detection_boxes": [[0.35356590151786804, 0.06707526743412018, 0.6763038039207458, 0.14430983364582062], [0.4608539938926697, 0.32284116744995117, 0.5049594640731812, 0.3459441661834717]], "num_detections": [100.0]}, "16": {"detection_scores": [0.8305085301399231, 0.6696975827217102], "detection_classes": [1.0, 37.0], "detection_boxes": [[0.3507694900035858, 0.06959666311740875, 0.6767845749855042, 0.145453080534935], [0.4436844289302826, 0.3492753505706787, 0.49424073100090027, 0.37748974561691284]], "num_detections": [100.0]}, "17": {"detection_scores": [0.7536646723747253, 0.5329055190086365, 0.1124679446220398], "detection_classes": [1.0, 37.0, 1.0], "detection_boxes": [[0.3490995168685913, 0.07049469649791718, 0.6767839789390564, 0.15090011060237885], [0.42715415358543396, 0.37464219331741333, 0.4791795313358307, 0.40469521284103394], [0.4307068884372711, 0.13307979702949524, 0.49159523844718933, 0.15216028690338135]], "num_detections": [100.0]}, "18": {"detection_scores": [0.7795999646186829, 0.5242387652397156, 0.11471807956695557], "detection_classes": [1.0, 37.0, 1.0],