{"0": {"detection_scores": [0.809123158454895, 0.492092490196228, 0.16002431511878967, 0.11554694175720215], "detection_classes": [1.0, 37.0, 37.0, 37.0], "detection_boxes": [[0.36496415734291077, 0.03945613652467728, 0.687648355960846, 0.13733720779418945], [0.64690101146698, 0.05318974703550339, 0.6826558709144592, 0.0743289366364479], [0.4714129567146301, 0.1000637635588646, 0.4953964650630951, 0.10944218188524246], [0.5007491111755371, 0.03516901284456253, 0.5293029546737671, 0.049890413880348206]], "num_detections": [100.0]}, "1": {"detection_scores": [0.8429130911827087, 0.7771658301353455, 0.21417203545570374, 0.19830599427223206, 0.10261984914541245], "detection_classes": [1.0, 37.0, 37.0, 37.0, 37.0], "detection_boxes": [[0.3620096743106842, 0.039270706474781036, 0.6748959422111511, 0.12723428010940552], [0.6447284817695618, 0.06682318449020386, 0.6798344850540161, 0.08677351474761963], [0.47315239906311035, 0.10098529607057571, 0.49247291684150696, 0.11030378192663193], [0.4905696213245392, 0.12109778821468353, 0.5189838409423828, 0.1328795999288559], [0.5001068115234375, 0.03340417519211769, 0.5151342153549194, 0.0424068458378315]], "num_detections": [100.0]}, "2": {"detection_scores": [0.8593175411224365, 0.703696072101593, 0.3564804494380951], "detection_classes": [1.0, 37.0, 37.0], "detection_boxes": [[0.3594777584075928, 0.035741228610277176, 0.680620551109314, 0.13186369836330414], [0.6362111568450928, 0.08212774991989136, 0.6747137904167175, 0.10020981729030609], [0.4732447564601898, 0.10119007527828217, 0.49141913652420044, 0.11023268103599548]], "num_detections": [100.0]}, "3": {"detection_scores": [0.8233574032783508, 0.7272022366523743, 0.2138538509607315, 0.16509069502353668], "detection_classes": [1.0, 37.0, 37.0, 37.0], "detection_boxes": [[0.3615346848964691, 0.0359785296022892, 0.6893817782402039, 0.13096122443675995], [0.632939875125885, 0.09456692636013031, 0.6738404631614685, 0.11727111041545868], [0.476252943277359, 0.1097281202673912, 0.49411261081695557, 0.11835402995347977], [0.4928796887397766, 0.03440338373184204, 0.5111580491065979, 0.04709988832473755]], "num_detections": [100.0]}, "4": {"detection_scores": [0.8743361234664917, 0.8541421890258789, 0.2663852572441101, 0.10600315779447556], "detection_classes": [37.0, 1.0, 37.0, 37.0], "detection_boxes": [[0.629524290561676, 0.11079003661870956, 0.6699604988098145, 0.13160839676856995], [0.35584893822669983, 0.03598671033978462, 0.6852100491523743, 0.12977948784828186], [0.4877440333366394, 0.11905957758426666, 0.5142289400100708, 0.12766169011592865], [0.4890742003917694, 0.03451010584831238, 0.5086088180541992, 0.046893179416656494]], "num_detections": [100.0]}, "5": {"detection_scores": [0.857204794883728, 0.7963472604751587], "detection_classes": [1.0, 37.0], "detection_boxes": [[0.3502792716026306, 0.036060310900211334, 0.6853204369544983, 0.12670889496803284], [0.6248993277549744, 0.125422403216362, 0.6657615303993225, 0.1483091562986374]], "num_detections": [100.0]}, "6": {"detection_scores": [0.8635907769203186, 0.6341819763183594, 0.11351994425058365], "detection_classes": [1.0, 37.0, 37.0], "detection_boxes": [[0.35097649693489075, 0.0370326042175293, 0.6843358874320984, 0.12425041198730469], [0.6204635500907898, 0.14186811447143555, 0.6622369885444641, 0.16397038102149963], [0.4868814945220947, 0.11873793601989746, 0.5098714232444763, 0.12533564865589142]], "num_detections": [100.0]}, "7": {"detection_scores": [0.8535523414611816, 0.7811884880065918], "detection_classes": [1.0, 37.0], "detection_boxes": [[0.34751325845718384, 0.037381477653980255, 0.6838158965110779, 0.1232469454407692], [0.6147046685218811, 0.1591365784406662, 0.6583280563354492, 0.18187914788722992]], "num_detections": [100.0]}, "8": {"detection_scores": [0.8240288496017456, 0.6150473952293396, 0.10910486429929733], "detection_classes": [1.0, 37.0, 37.0], "detection_boxes": [[0.3468938171863556, 0.03606102988123894, 0.6839627027511597, 0.11588700115680695], [0.6091074347496033, 0.176332488656044, 0.656589150428772, 0.19953791797161102], [0.4707203209400177, 0.1109948381781578, 0.4937576651573181, 0.12056819349527359]], "num_detections": [100.0]}, "9": {"detection_scores": [0.8486275672912598, 0.8062981367111206, 0.177479088306427, 0.10214583575725555], "detection_classes": [37.0, 1.0, 37.0, 1.0], "detection_boxes": [[0.6078535914421082, 0.1941470205783844, 0.6510957479476929, 0.21707046031951904], [0.34383055567741394, 0.03674819692969322, 0.6848893761634827, 0.11481554806232452], [0.4739980697631836, 0.10974812507629395, 0.4915609061717987, 0.1188003420829773], [0.34518375992774963, 0.0, 0.44932329654693604, 0.012919663451611996]], "num_detections": [100.0]}, "10": {"detection_scores": [0.8015896677970886, 0.5824054479598999, 0.20287619531154633], "detection_classes": [1.0, 37.0, 37.0], "detection_boxes": [[0.3415209949016571, 0.04336753487586975, 0.6864120364189148, 0.11728790402412415], [0.6050546169281006, 0.21104508638381958, 0.6489205956459045, 0.23704758286476135], [0.47383174300193787, 0.10924666374921799, 0.49071216583251953, 0.11939594894647598]], "num_detections": [100.0]}, "11": {"detection_scores": [0.8335556983947754, 0.511249840259552, 0.1147843673825264, 0.11030407249927521], "detection_classes": [1.0, 37.0, 37.0, 1.0], "detection_boxes": [[0.3412635922431946, 0.04565022885799408, 0.6885370016098022, 0.11552119255065918], [0.6012092232704163, 0.23009546101093292, 0.6439949870109558, 0.25597742199897766], [0.45908480882644653, 0.10654306411743164, 0.4877378046512604, 0.11846280097961426], [0.3452388346195221, 0.0, 0.45090818405151367, 0.012964053079485893]], "num_detections": [100.0]}, "12": {"detection_scores": [0.8491096496582031, 0.8187822699546814, 0.1353188157081604, 0.10075545310974121], "detection_classes": [37.0, 1.0, 1.0, 37.0], "detection_boxes": [[0.5958627462387085, 0.24941378831863403, 0.6441584229469299, 0.2751738429069519], [0.34252434968948364, 0.0530887171626091, 0.6859260201454163, 0.11398934572935104], [0.3454219102859497, 0.0, 0.45141878724098206, 0.013060389086604118], [0.47037258744239807, 0.1003463938832283, 0.49844232201576233, 0.11417669802904129]], "num_detections": [100.0]}, "13": {"detection_scores": [0.8211629390716553, 0.8161358833312988, 0.16299238801002502, 0.12249036878347397], "detection_classes": [37.0, 1.0, 1.0, 37.0], "detection_boxes": [[0.5887770652770996, 0.27011415362358093, 0.6410308480262756, 0.29602935910224915], [0.34318575263023376, 0.05085018277168274, 0.6865630149841309, 0.11638893187046051], [0.34555649757385254, 0.0, 0.45113760232925415, 0.013059653341770172], [0.4675986170768738, 0.0995689406991005, 0.49889543652534485, 0.11453279107809067]], "num_detections": [100.0]}, "14": {"detection_scores": [0.8070501089096069, 0.4494123160839081, 0.17780186235904694], "detection_classes": [1.0, 37.0, 1.0], "detection_boxes": [[0.3401694595813751, 0.0496673621237278, 0.6884415149688721, 0.11790120601654053], [0.5877216458320618, 0.29199695587158203, 0.6370419263839722, 0.3166031837463379], [0.3458579182624817, 0.0, 0.45089080929756165, 0.013109318912029266]], "num_detections": [100.0]}, "15": {"detection_scores": [0.7914988398551941, 0.7812027335166931, 0.21271419525146484, 0.12128839641809464], "detection_classes": [1.0, 37.0, 1.0, 37.0], "detection_boxes": [[0.3401068150997162, 0.0466371551156044, 0.6882504820823669, 0.11915693432092667], [0.5836325883865356, 0.3116726875305176, 0.633837103843689, 0.3381408452987671], [0.346057653427124, 0.0, 0.4510383605957031, 0.013251755386590958], [0.4621656835079193, 0.06448555737733841, 0.5122528076171875, 0.09876378625631332]], "num_detections": [100.0]}, "16": {"detection_scores": [0.7978204488754272, 0.7916425466537476, 0.2194110006093979, 0.1051681637763977], "detection_classes": [37.0, 1.0, 1.0, 37.0],