{"0": {"detection_scores": [0.8421853184700012, 0.5287825465202332, 0.14593173563480377], "detection_classes": [1.0, 37.0, 37.0], "detection_boxes": [[0.3718772232532501, 0.042029306292533875, 0.6862198114395142, 0.10510370135307312], [0.6493616700172424, 0.0461709126830101, 0.6849961280822754, 0.06516916304826736], [0.5095388889312744, 0.08728596568107605, 0.5335530042648315, 0.09736365079879761]], "num_detections": [100.0]}, "1": {"detection_scores": [0.7943342924118042, 0.48591646552085876, 0.11601530015468597], "detection_classes": [1.0, 37.0, 37.0], "detection_boxes": [[0.36729639768600464, 0.04093024134635925, 0.6847285628318787, 0.10640333592891693], [0.6379901766777039, 0.05761813744902611, 0.6741246581077576, 0.0732668861746788], [0.4724753797054291, 0.09222036600112915, 0.5004241466522217, 0.10519121587276459]], "num_detections": [100.0]}, "2": {"detection_scores": [0.8028270602226257, 0.537118136882782, 0.12565085291862488], "detection_classes": [1.0, 37.0, 37.0], "detection_boxes": [[0.36463993787765503, 0.04224487021565437, 0.6772995591163635, 0.1077004224061966], [0.625802755355835, 0.06933490186929703, 0.6624919772148132, 0.08728968352079391], [0.6619821786880493, 0.06534098833799362, 0.6840814352035522, 0.08158386498689651]], "num_detections": [100.0]}, "3": {"detection_scores": [0.8532378673553467, 0.7377399802207947], "detection_classes": [1.0, 37.0], "detection_boxes": [[0.36437922716140747, 0.042937904596328735, 0.6902826428413391, 0.10776616632938385], [0.6187391877174377, 0.08257919549942017, 0.6546016931533813, 0.10070912539958954]], "num_detections": [100.0]}, "4": {"detection_scores": [0.8069841265678406, 0.7114840149879456], "detection_classes": [1.0, 37.0], "detection_boxes": [[0.3612113893032074, 0.04359296336770058, 0.6912290453910828, 0.10879455506801605], [0.6032711267471313, 0.09257464855909348, 0.6436445713043213, 0.11410977691411972]], "num_detections": [100.0]}, "5": {"detection_scores": [0.7933592796325684, 0.5377704501152039], "detection_classes": [1.0, 37.0], "detection_boxes": [[0.36059266328811646, 0.042721226811409, 0.6913459300994873, 0.109359011054039], [0.5923641324043274, 0.10577154904603958, 0.6328071355819702, 0.1282753050327301]], "num_detections": [100.0]}, "6": {"detection_scores": [0.7674296498298645, 0.7601779699325562], "detection_classes": [1.0, 37.0], "detection_boxes": [[0.3545362949371338, 0.04211203381419182, 0.6881173849105835, 0.10970452427864075], [0.5778372883796692, 0.12029817700386047, 0.6207185983657837, 0.14230665564537048]], "num_detections": [100.0]}, "7": {"detection_scores": [0.7765790224075317, 0.769034206867218], "detection_classes": [37.0, 1.0], "detection_boxes": [[0.5668516159057617, 0.13504035770893097, 0.61237633228302, 0.15726737678050995], [0.3492909073829651, 0.04311533272266388, 0.6907830238342285, 0.10995243489742279]], "num_detections": [100.0]}, "8": {"detection_scores": [0.7890187501907349, 0.7312559485435486], "detection_classes": [1.0, 37.0], "detection_boxes": [[0.34726062417030334, 0.04318280518054962, 0.6874923706054688, 0.10969926416873932], [0.556187629699707, 0.14966841042041779, 0.5998592972755432, 0.17132417857646942]], "num_detections": [100.0]}, "9": {"detection_scores": [0.7921328544616699, 0.624390721321106, 0.10236130654811859], "detection_classes": [1.0, 37.0, 37.0], "detection_boxes": [[0.3449572026729584, 0.04424614459276199, 0.6877495646476746, 0.10973959416151047], [0.542579710483551, 0.1638876497745514, 0.5870375037193298, 0.18822908401489258], [0.5171443223953247, 0.04594483971595764, 0.5363997220993042, 0.0543309822678566]], "num_detections": [100.0]}, "10": {"detection_scores": [0.7546171545982361, 0.708273708820343, 0.11996042728424072, 0.10854312777519226], "detection_classes": [1.0, 37.0, 37.0, 37.0], "detection_boxes": [[0.343180775642395, 0.04744144529104233, 0.6861437559127808, 0.11119507998228073], [0.5312824249267578, 0.18016737699508667, 0.5780066251754761, 0.2043202817440033], [0.5830360651016235, 0.09198517352342606, 0.6176338791847229, 0.10726945847272873], [0.5181675553321838, 0.04696818068623543, 0.5369734764099121, 0.054351937025785446]], "num_detections": [100.0]}, "11": {"detection_scores": [0.7683601975440979, 0.7502396702766418], "detection_classes": [1.0, 37.0], "detection_boxes": [[0.3431466519832611, 0.04746793955564499, 0.6845718622207642, 0.111887626349926], [0.5180193781852722, 0.19801701605319977, 0.5658935308456421, 0.22163428366184235]], "num_detections": [100.0]}, "12": {"detection_scores": [0.8230390548706055], "detection_classes": [1.0], "detection_boxes": [[0.34152331948280334, 0.04866088554263115, 0.6846028566360474, 0.11581823229789734]], "num_detections": [100.0]}, "13": {"detection_scores": [0.7650896906852722], "detection_classes": [1.0], "detection_boxes": [[0.3401772379875183, 0.048581499606370926, 0.6855981349945068, 0.11962674558162689]], "num_detections": [100.0]}, "14": {"detection_scores": [0.8419985771179199, 0.11370696872472763], "detection_classes": [1.0, 1.0], "detection_boxes": [[0.33991172909736633, 0.05263697728514671, 0.6863642334938049, 0.12402914464473724], [0.4980660080909729, 0.27296730875968933, 0.5552332401275635, 0.29713764786720276]], "num_detections": [100.0]}, "15": {"detection_scores": [0.8721075654029846, 0.22213149070739746, 0.10952427238225937], "detection_classes": [1.0, 37.0, 1.0], "detection_boxes": [[0.3402467966079712, 0.05201025679707527, 0.6850854754447937, 0.12927018105983734], [0.47306135296821594, 0.268893301486969, 0.5250465273857117, 0.29585766792297363], [0.4720197021961212, 0.2676641345024109, 0.5565495491027832, 0.29764658212661743]], "num_detections": [100.0]}, "16": {"detection_scores": [0.8583518266677856, 0.7828092575073242], "detection_classes": [1.0, 37.0], "detection_boxes": [[0.3409973084926605, 0.05082990601658821, 0.6854286789894104, 0.13221247494220734], [0.4604606032371521, 0.29038408398628235, 0.506061851978302, 0.31530359387397766]], "num_detections": [100.0]}, "17": {"detection_scores": [0.8607991337776184, 0.8332539796829224, 0.1418197602033615], "detection_classes": [37.0, 1.0, 1.0], "detection_boxes": [[0.4491168260574341, 0.310832142829895, 0.49492958188056946, 0.3361891508102417], [0.33951082825660706, 0.05582021176815033, 0.6851485967636108, 0.13642388582229614], [0.50064617395401, 0.2696554362773895, 0.5536026358604431, 0.2962699830532074]], "num_detections": [100.0]}, "18": {"detection_scores": [0.8716959953308105, 0.5646536946296692], "detection_classes": [1.0, 37.0], "detection_boxes": [[0.34027042984962463, 0.05318298190832138, 0.6850153207778931, 0.14075803756713867], [0.4371327757835388, 0.3306000530719757, 0.4843839406967163, 0.35777679085731506]], "num_detections": [100.0]}, "19": {"detection_scores": [0.8889330625534058, 0.6985840201377869], "detection_classes": [1.0, 37.0], "detection_boxes": [[0.3405536115169525, 0.05346781387925148, 0.6842338442802429, 0.1433609426021576], [0.42528748512268066, 0.3522830307483673, 0.471871942281723, 0.3794027268886566]], "num_detections": [100.0]}, "20": {"detection_scores": [0.8367152810096741, 0.5369150042533875], "detection_classes": [1.0, 37.0], "detection_boxes": [[0.340613454580307, 0.053502898663282394, 0.6855157017707825, 0.14646412432193756], [0.4131985008716583, 0.37275010347366333, 0.4613390266895294, 0.4005345106124878]], "num_detections": [100.0]}, "21": {"detection_scores": [0.8404605984687805, 0.8352429270744324], "detection_classes": [1.0, 37.0], "detection_boxes": [[0.3406486511230469, 0.0567171573638916, 0.6862128376960754, 0.1494898796081543], [0.39938482642173767, 0.39464494585990906, 0.45214882493019104, 0.4235534369945526]], "num_detections": [100.0]}, "22": {"detection_scores": [0.8648248910903931, 0.8622376322746277], "detection_classes": [37.0, 1.0], "detection_boxes": [[0.38893434405326843, 0.4174078702926636, 0.4406531751155853, 0.44482266902923584], [0.33998817205429077, 0.0565049834549427, 0.6888154149055481, 0.1496831178665161]], "num_detections": [100.0]},