{"0": {"detection_scores": [0.8654127717018127, 0.6735771298408508, 0.15947045385837555, 0.1174900084733963], "detection_classes": [1.0, 37.0, 37.0, 1.0], "detection_boxes": [[0.37297430634498596, 0.043528199195861816, 0.6912742257118225, 0.12438052892684937], [0.643266499042511, 0.058396756649017334, 0.6789543032646179, 0.07782219350337982], [0.46643099188804626, 0.04005486145615578, 0.48621782660484314, 0.04941796883940697], [0.46643099188804626, 0.04005486145615578, 0.48621782660484314, 0.04941796883940697]], "num_detections": [100.0]}, "1": {"detection_scores": [0.880264937877655, 0.5356974601745605, 0.14038968086242676, 0.10522465407848358], "detection_classes": [1.0, 37.0, 37.0, 1.0], "detection_boxes": [[0.37027066946029663, 0.04213985055685043, 0.6861027479171753, 0.12440993636846542], [0.629874587059021, 0.07156765460968018, 0.673406183719635, 0.08985480666160583], [0.4647744297981262, 0.0402304083108902, 0.48558223247528076, 0.04896322637796402], [0.4647744297981262, 0.0402304083108902, 0.48558223247528076, 0.04896322637796402]], "num_detections": [100.0]}, "2": {"detection_scores": [0.8962621688842773, 0.44264182448387146, 0.16492804884910583], "detection_classes": [1.0, 37.0, 37.0], "detection_boxes": [[0.37012872099876404, 0.044095661491155624, 0.6912009716033936, 0.12270855903625488], [0.6266775727272034, 0.08240684866905212, 0.6643481254577637, 0.10288752615451813], [0.46515849232673645, 0.039445385336875916, 0.4836558997631073, 0.04944762587547302]], "num_detections": [100.0]}, "3": {"detection_scores": [0.9042508006095886, 0.7992470264434814], "detection_classes": [1.0, 37.0], "detection_boxes": [[0.36706215143203735, 0.0442131832242012, 0.6905956268310547, 0.12186893075704575], [0.6157501339912415, 0.09350883215665817, 0.6554733514785767, 0.11549248546361923]], "num_detections": [100.0]}, "4": {"detection_scores": [0.8417844176292419, 0.5100976824760437], "detection_classes": [1.0, 37.0], "detection_boxes": [[0.36554643511772156, 0.045157477259635925, 0.6895933151245117, 0.12206052243709564], [0.6051545143127441, 0.10630431771278381, 0.6472145318984985, 0.1287277191877365]], "num_detections": [100.0]}, "5": {"detection_scores": [0.8040831685066223, 0.682960569858551, 0.10575305670499802], "detection_classes": [1.0, 37.0, 1.0], "detection_boxes": [[0.36332181096076965, 0.04702582210302353, 0.6896746754646301, 0.11973802000284195], [0.5932469367980957, 0.12014010548591614, 0.6377777457237244, 0.1431187093257904], [0.45745500922203064, 0.10391555726528168, 0.5490089654922485, 0.12108020484447479]], "num_detections": [100.0]}, "6": {"detection_scores": [0.8134322762489319, 0.7191640734672546, 0.10182853788137436], "detection_classes": [1.0, 37.0, 37.0], "detection_boxes": [[0.36263972520828247, 0.048696503043174744, 0.6905325651168823, 0.11785855889320374], [0.5853774547576904, 0.1344710886478424, 0.6313263177871704, 0.15676355361938477], [0.5162125825881958, 0.10862244665622711, 0.5399879217147827, 0.11909148097038269]], "num_detections": [100.0]}, "7": {"detection_scores": [0.7868210673332214, 0.5647783875465393], "detection_classes": [1.0, 37.0], "detection_boxes": [[0.35941433906555176, 0.04893118515610695, 0.6926729679107666, 0.11786925792694092], [0.5733366012573242, 0.14945381879806519, 0.6168093085289001, 0.17208430171012878]], "num_detections": [100.0]}, "8": {"detection_scores": [0.784741222858429, 0.7785888910293579], "detection_classes": [1.0, 37.0], "detection_boxes": [[0.3535429835319519, 0.048978470265865326, 0.689350962638855, 0.11634954065084457], [0.5614936351776123, 0.16469977796077728, 0.6083476543426514, 0.18649934232234955]], "num_detections": [100.0]}, "9": {"detection_scores": [0.8081970810890198, 0.7794851660728455, 0.1744665503501892], "detection_classes": [1.0, 37.0, 37.0], "detection_boxes": [[0.3546493947505951, 0.04924793168902397, 0.6879938840866089, 0.11690838634967804], [0.5528968572616577, 0.17909888923168182, 0.5998811721801758, 0.20249949395656586], [0.4611499011516571, 0.06612895429134369, 0.487084299325943, 0.07788297533988953]], "num_detections": [100.0]}, "10": {"detection_scores": [0.7891924977302551, 0.5765553116798401, 0.15202747285366058], "detection_classes": [1.0, 37.0, 37.0], "detection_boxes": [[0.3517659604549408, 0.048887576907873154, 0.6898008584976196, 0.11830566823482513], [0.5433902740478516, 0.19532500207424164, 0.587137758731842, 0.21938972175121307], [0.4586861729621887, 0.06622616201639175, 0.484628289937973, 0.0781397745013237]], "num_detections": [100.0]}, "11": {"detection_scores": [0.8320683836936951, 0.8135477304458618], "detection_classes": [1.0, 37.0], "detection_boxes": [[0.35023048520088196, 0.05444084107875824, 0.6902384757995605, 0.1253976970911026], [0.5327195525169373, 0.21174059808254242, 0.581898033618927, 0.23620055615901947]], "num_detections": [100.0]}, "12": {"detection_scores": [0.7925289273262024, 0.687149703502655], "detection_classes": [1.0, 37.0], "detection_boxes": [[0.34949758648872375, 0.059441182762384415, 0.6902973651885986, 0.13318055868148804], [0.525255560874939, 0.22858305275440216, 0.5698623061180115, 0.2541384696960449]], "num_detections": [100.0]}, "13": {"detection_scores": [0.827872097492218, 0.4137221574783325], "detection_classes": [1.0, 37.0], "detection_boxes": [[0.34836071729660034, 0.05572926253080368, 0.6913159489631653, 0.1371917724609375], [0.5149383544921875, 0.24807429313659668, 0.5634758472442627, 0.2731510400772095]], "num_detections": [100.0]}, "14": {"detection_scores": [0.8668790459632874, 0.13121910393238068], "detection_classes": [1.0, 37.0], "detection_boxes": [[0.34828370809555054, 0.054319534450769424, 0.6891498565673828, 0.1397586464881897], [0.5044196248054504, 0.26397714018821716, 0.5474853515625, 0.2912723124027252]], "num_detections": [100.0]}, "15": {"detection_scores": [0.8568469882011414, 0.30332714319229126], "detection_classes": [1.0, 37.0], "detection_boxes": [[0.3474974036216736, 0.04936249926686287, 0.6907384991645813, 0.1462116837501526], [0.498570054769516, 0.28138673305511475, 0.5414586067199707, 0.30971771478652954]], "num_detections": [100.0]}, "16": {"detection_scores": [0.8702660799026489, 0.2971162796020508], "detection_classes": [1.0, 37.0], "detection_boxes": [[0.34730857610702515, 0.04676394164562225, 0.6888811588287354, 0.14837677776813507], [0.4865248203277588, 0.30040886998176575, 0.5340379476547241, 0.3286832273006439]], "num_detections": [100.0]}, "17": {"detection_scores": [0.8236469626426697, 0.5475406646728516], "detection_classes": [1.0, 37.0], "detection_boxes": [[0.347459614276886, 0.061752818524837494, 0.6879894137382507, 0.14963975548744202], [0.4804668724536896, 0.3216553330421448, 0.5237410068511963, 0.34665143489837646]], "num_detections": [100.0]}, "18": {"detection_scores": [0.8551856875419617, 0.6153130531311035], "detection_classes": [1.0, 37.0], "detection_boxes": [[0.34589770436286926, 0.046897340565919876, 0.6889524459838867, 0.1492457091808319], [0.46978333592414856, 0.340838760137558, 0.5133628845214844, 0.36637964844703674]], "num_detections": [100.0]}, "19": {"detection_scores": [0.79819256067276, 0.5907630324363708], "detection_classes": [1.0, 37.0], "detection_boxes": [[0.34635719656944275, 0.04773770272731781, 0.6900579333305359, 0.14820033311843872], [0.4596936106681824, 0.36095374822616577, 0.5082343220710754, 0.3874235153198242]], "num_detections": [100.0]}, "20": {"detection_scores": [0.782508373260498, 0.7261938452720642], "detection_classes": [1.0, 37.0], "detection_boxes": [[0.3468874394893646, 0.05752922222018242, 0.6899102330207825, 0.15225863456726074], [0.44879940152168274, 0.3818381130695343, 0.5021006464958191, 0.409654825925827]], "num_detections": [100.0]}, "21": {"detection_scores": [0.8423702716827393, 0.6771455407142639], "detection_classes": [1.0, 37.0], "detection_boxes": [[0.34827953577041626, 0.044005852192640305, 0.6896876692771912, 0.1535506248474121], [0.4382997751235962, 0.4031752049922943, 0.4893696904182434, 0.42947784066200256]],