{"0": {"detection_scores": [0.7906152606010437, 0.5870728492736816, 0.16931013762950897, 0.1460024118423462, 0.11238212138414383], "detection_classes": [1.0, 37.0, 1.0, 37.0, 37.0], "detection_boxes": [[0.37491968274116516, 0.04462377727031708, 0.6869158148765564, 0.11395519971847534], [0.6444440484046936, 0.04854714125394821, 0.6855357885360718, 0.07341181486845016], [0.46600624918937683, 0.1000390350818634, 0.5452322363853455, 0.11317253112792969], [0.5400963425636292, 0.10394123196601868, 0.5554955005645752, 0.11152787506580353], [0.4917064905166626, 0.04294074699282646, 0.5008253455162048, 0.04865386709570885]], "num_detections": [100.0]}, "1": {"detection_scores": [0.8262821435928345, 0.6281542181968689, 0.19043023884296417, 0.14055368304252625], "detection_classes": [1.0, 37.0, 1.0, 37.0], "detection_boxes": [[0.3689742088317871, 0.044516973197460175, 0.6868536472320557, 0.11454769223928452], [0.6416860818862915, 0.06472522765398026, 0.680256724357605, 0.08388610929250717], [0.4644380211830139, 0.10135719180107117, 0.546183168888092, 0.11348211765289307], [0.4876739978790283, 0.04478706419467926, 0.5059582591056824, 0.05422300845384598]], "num_detections": [100.0]}, "2": {"detection_scores": [0.8054056167602539, 0.6917275786399841, 0.1804748773574829, 0.14366431534290314], "detection_classes": [1.0, 37.0, 1.0, 37.0], "detection_boxes": [[0.36718112230300903, 0.04445536807179451, 0.6855731010437012, 0.11515115201473236], [0.6357368230819702, 0.07908883690834045, 0.6704984307289124, 0.09605900943279266], [0.45977967977523804, 0.10235720127820969, 0.5471892356872559, 0.11404047161340714], [0.4801681339740753, 0.043841809034347534, 0.49994441866874695, 0.05602507293224335]], "num_detections": [100.0]}, "3": {"detection_scores": [0.8594765663146973, 0.7585750222206116, 0.18350447714328766, 0.13140174746513367], "detection_classes": [1.0, 37.0, 1.0, 37.0], "detection_boxes": [[0.36668333411216736, 0.04511763155460358, 0.6876072883605957, 0.11559446156024933], [0.6285982728004456, 0.08908098936080933, 0.6708288192749023, 0.11159893870353699], [0.4543952941894531, 0.1028372049331665, 0.5484236478805542, 0.11483404040336609], [0.4779101610183716, 0.0445963479578495, 0.49805575609207153, 0.056934457272291183]], "num_detections": [100.0]}, "4": {"detection_scores": [0.766542375087738, 0.6133723258972168, 0.1725742220878601], "detection_classes": [1.0, 37.0, 1.0], "detection_boxes": [[0.3625222146511078, 0.04808223620057106, 0.6889714002609253, 0.1177598237991333], [0.6195799708366394, 0.1023324504494667, 0.6621338129043579, 0.12437465041875839], [0.45165368914604187, 0.10296685248613358, 0.5465413331985474, 0.11540501564741135]], "num_detections": [100.0]}, "5": {"detection_scores": [0.8188367486000061, 0.7888998985290527, 0.1030254140496254], "detection_classes": [37.0, 1.0, 37.0], "detection_boxes": [[0.6142016649246216, 0.1158820316195488, 0.6574696898460388, 0.13826456665992737], [0.3569522500038147, 0.04915621876716614, 0.6839620471000671, 0.11831465363502502], [0.6197262406349182, 0.08255396038293839, 0.6454149484634399, 0.09258922189474106]], "num_detections": [100.0]}, "6": {"detection_scores": [0.7693676948547363, 0.7643514275550842, 0.17655272781848907], "detection_classes": [1.0, 37.0, 37.0], "detection_boxes": [[0.3534768223762512, 0.04981743544340134, 0.68479323387146, 0.11910628527402878], [0.6073195338249207, 0.1314649134874344, 0.6504388451576233, 0.1546795815229416], [0.6048418283462524, 0.08684615790843964, 0.6399245858192444, 0.097328782081604]], "num_detections": [100.0]}, "7": {"detection_scores": [0.7845970988273621, 0.7032819986343384, 0.3434019088745117, 0.1118076890707016], "detection_classes": [1.0, 37.0, 37.0, 1.0], "detection_boxes": [[0.3508255183696747, 0.05533772334456444, 0.6867536902427673, 0.11945945024490356], [0.5999310612678528, 0.1461637169122696, 0.6458010673522949, 0.171253964304924], [0.5987991094589233, 0.09059041738510132, 0.6303415298461914, 0.10344579815864563], [0.3410833775997162, 0.0, 0.45568349957466125, 0.018809285014867783]], "num_detections": [100.0]}, "8": {"detection_scores": [0.8443970084190369, 0.784534752368927, 0.21385736763477325, 0.14920435845851898], "detection_classes": [37.0, 1.0, 37.0, 1.0], "detection_boxes": [[0.5920310616493225, 0.16406382620334625, 0.6400480270385742, 0.18749748170375824], [0.3477323353290558, 0.05570213496685028, 0.6850063800811768, 0.11994196474552155], [0.5875096321105957, 0.09360316395759583, 0.6207156181335449, 0.1062634289264679], [0.438912034034729, 0.10446517914533615, 0.5379934906959534, 0.11777371913194656]], "num_detections": [100.0]}, "9": {"detection_scores": [0.7813284397125244, 0.6880609393119812, 0.14629752933979034, 0.10305510461330414], "detection_classes": [1.0, 37.0, 1.0, 37.0], "detection_boxes": [[0.3457472324371338, 0.053397681564092636, 0.6861620545387268, 0.12211184203624725], [0.5859928727149963, 0.18117983639240265, 0.6327967643737793, 0.20464999973773956], [0.4323548972606659, 0.10390779376029968, 0.5400274991989136, 0.11878164112567902], [0.5842326879501343, 0.09951482713222504, 0.614725649356842, 0.1120852380990982]], "num_detections": [100.0]}, "10": {"detection_scores": [0.8000272512435913, 0.6759822368621826, 0.10218316316604614], "detection_classes": [1.0, 37.0, 1.0], "detection_boxes": [[0.3418665826320648, 0.0545734167098999, 0.6857558488845825, 0.12308143079280853], [0.5773199796676636, 0.1982412487268448, 0.624995768070221, 0.22204171121120453], [0.4294608533382416, 0.10395412147045135, 0.5407654643058777, 0.11979731917381287]], "num_detections": [100.0]}, "11": {"detection_scores": [0.8072161674499512, 0.5331416726112366], "detection_classes": [1.0, 37.0], "detection_boxes": [[0.34038046002388, 0.055432699620723724, 0.6857185959815979, 0.12336894124746323], [0.5722304582595825, 0.21520227193832397, 0.6190353035926819, 0.24187779426574707]], "num_detections": [100.0]}, "12": {"detection_scores": [0.8543041348457336, 0.783380389213562, 0.12394116818904877], "detection_classes": [1.0, 37.0, 1.0], "detection_boxes": [[0.3394985496997833, 0.054832372814416885, 0.6860321760177612, 0.12491928040981293], [0.5659949779510498, 0.2350456863641739, 0.6138639450073242, 0.2609524130821228], [0.41907408833503723, 0.10557214915752411, 0.5349443554878235, 0.12181912362575531]], "num_detections": [100.0]}, "13": {"detection_scores": [0.780855119228363, 0.5972976088523865, 0.1012716218829155], "detection_classes": [1.0, 37.0, 1.0], "detection_boxes": [[0.3378579020500183, 0.053704891353845596, 0.6851199865341187, 0.12966912984848022], [0.5576515793800354, 0.25416240096092224, 0.6099019050598145, 0.2828890383243561], [0.3411860167980194, 0.0, 0.4554619789123535, 0.018430229276418686]], "num_detections": [100.0]}, "14": {"detection_scores": [0.7974697351455688, 0.31979620456695557], "detection_classes": [1.0, 37.0], "detection_boxes": [[0.33809617161750793, 0.05828668549656868, 0.6855155825614929, 0.13400177657604218], [0.5524067878723145, 0.275500625371933, 0.6018345952033997, 0.3038816750049591]], "num_detections": [100.0]}, "15": {"detection_scores": [0.7728679776191711, 0.613598644733429], "detection_classes": [1.0, 37.0], "detection_boxes": [[0.33199194073677063, 0.05948813259601593, 0.6800186634063721, 0.13811446726322174], [0.5447856187820435, 0.296959787607193, 0.5965577363967896, 0.3247869908809662]], "num_detections": [100.0]}, "16": {"detection_scores": [0.8224107027053833, 0.4331153631210327], "detection_classes": [1.0, 37.0], "detection_boxes": [[0.3311936855316162, 0.06492970883846283, 0.6780849695205688, 0.1426563709974289], [0.5392009615898132, 0.3195965588092804, 0.5913218855857849, 0.3462832272052765]], "num_detections": [100.0]}, "17": {"detection_scores": [0.8855655193328857, 0.5998085737228394], "detection_classes": [1.0, 37.0], "detection_boxes": [[0.3284434378147125, 0.06266860663890839, 0.6791964173316956, 0.14638665318489075], [0.5336195826530457, 0.3402811586856842, 0.5862002372741699, 0.3711300790309906]],