{"0": {"detection_scores": [0.7939928770065308, 0.6886172294616699, 0.16464796662330627], "detection_classes": [1.0, 37.0, 1.0], "detection_boxes": [[0.39050358533859253, 0.04908238351345062, 0.6896674036979675, 0.13476470112800598], [0.6479206681251526, 0.0487847663462162, 0.6867373585700989, 0.06797323375940323], [0.4556955099105835, 0.12105565518140793, 0.5484880208969116, 0.13333970308303833]], "num_detections": [100.0]}, "1": {"detection_scores": [0.804538369178772, 0.7274914979934692, 0.13255317509174347, 0.11492873728275299], "detection_classes": [1.0, 37.0, 1.0, 1.0], "detection_boxes": [[0.3844090402126312, 0.05825619399547577, 0.6870960593223572, 0.13330042362213135], [0.6420891284942627, 0.05696416646242142, 0.6736323237419128, 0.07619407027959824], [0.429458349943161, 0.13646242022514343, 0.4952084720134735, 0.15245065093040466], [0.4570774435997009, 0.12057626247406006, 0.5463939309120178, 0.1330336034297943]], "num_detections": [100.0]}, "2": {"detection_scores": [0.8441082239151001, 0.6054072976112366, 0.13832926750183105, 0.12154361605644226], "detection_classes": [1.0, 37.0, 1.0, 1.0], "detection_boxes": [[0.3822435438632965, 0.06048673763871193, 0.686465859413147, 0.13400039076805115], [0.6341690421104431, 0.06694643944501877, 0.663731038570404, 0.08329635113477707], [0.42969200015068054, 0.13651642203330994, 0.49462562799453735, 0.1525193452835083], [0.45387035608291626, 0.12081056833267212, 0.5477733016014099, 0.13345542550086975]], "num_detections": [100.0]}, "3": {"detection_scores": [0.8578721880912781, 0.5397945046424866], "detection_classes": [1.0, 37.0], "detection_boxes": [[0.3786870837211609, 0.0637451559305191, 0.6890761256217957, 0.1343860775232315], [0.6246732473373413, 0.0705302357673645, 0.6717236042022705, 0.09503161907196045]], "num_detections": [100.0]}, "4": {"detection_scores": [0.7889647483825684, 0.546607494354248], "detection_classes": [1.0, 37.0], "detection_boxes": [[0.3770507872104645, 0.0676201730966568, 0.6923038959503174, 0.13376258313655853], [0.6143075823783875, 0.08257673680782318, 0.6519045829772949, 0.10381001234054565]], "num_detections": [100.0]}, "5": {"detection_scores": [0.8608989715576172, 0.8486946225166321], "detection_classes": [1.0, 37.0], "detection_boxes": [[0.3740941286087036, 0.07118159532546997, 0.6924827098846436, 0.13527196645736694], [0.6091516613960266, 0.09314572811126709, 0.6477550864219666, 0.11504243314266205]], "num_detections": [100.0]}, "6": {"detection_scores": [0.8573295474052429, 0.8298118114471436], "detection_classes": [37.0, 1.0], "detection_boxes": [[0.5971622467041016, 0.10133316367864609, 0.6411042213439941, 0.12482849508523941], [0.3742556571960449, 0.07124760746955872, 0.6961513161659241, 0.13565629720687866]], "num_detections": [100.0]}, "7": {"detection_scores": [0.8959515690803528, 0.4407871961593628, 0.17005914449691772], "detection_classes": [1.0, 37.0, 1.0], "detection_boxes": [[0.37079641222953796, 0.07274989783763885, 0.694760799407959, 0.13670192658901215], [0.5853811502456665, 0.11259762942790985, 0.6332992911338806, 0.13690166175365448], [0.43082180619239807, 0.13676589727401733, 0.4935636818408966, 0.15208125114440918]], "num_detections": [100.0]}, "8": {"detection_scores": [0.8965092301368713, 0.8642638325691223, 0.20067645609378815], "detection_classes": [1.0, 37.0, 1.0], "detection_boxes": [[0.36810827255249023, 0.07206599414348602, 0.6973516345024109, 0.13689188659191132], [0.5760195851325989, 0.12482500076293945, 0.6266595721244812, 0.14848697185516357], [0.4307474195957184, 0.13691987097263336, 0.4936273694038391, 0.15231765806674957]], "num_detections": [100.0]}, "9": {"detection_scores": [0.8905240297317505, 0.5711776614189148, 0.11121372878551483], "detection_classes": [1.0, 37.0, 37.0], "detection_boxes": [[0.36461341381073, 0.07343703508377075, 0.6979719996452332, 0.13757622241973877], [0.567436933517456, 0.13584010303020477, 0.6194846034049988, 0.16175870597362518], [0.4728034734725952, 0.08321624994277954, 0.4945153295993805, 0.09627939760684967]], "num_detections": [100.0]}, "10": {"detection_scores": [0.8707780241966248, 0.6293564438819885], "detection_classes": [1.0, 37.0], "detection_boxes": [[0.3630262613296509, 0.07407906651496887, 0.6970788836479187, 0.13808651268482208], [0.5561392307281494, 0.14962831139564514, 0.6111644506454468, 0.17359504103660583]], "num_detections": [100.0]}, "11": {"detection_scores": [0.8431076407432556, 0.8157544136047363], "detection_classes": [1.0, 37.0], "detection_boxes": [[0.3623679578304291, 0.07412867993116379, 0.6969930529594421, 0.13941913843154907], [0.5482252836227417, 0.16194313764572144, 0.6013051867485046, 0.18849095702171326]], "num_detections": [100.0]}, "12": {"detection_scores": [0.834226667881012, 0.7991095781326294], "detection_classes": [1.0, 37.0], "detection_boxes": [[0.36018288135528564, 0.07276768982410431, 0.6976512670516968, 0.14083872735500336], [0.5367856621742249, 0.17535093426704407, 0.5896173715591431, 0.204624742269516]], "num_detections": [100.0]}, "13": {"detection_scores": [0.8047494292259216, 0.6633098721504211], "detection_classes": [1.0, 37.0], "detection_boxes": [[0.35876649618148804, 0.0725468322634697, 0.6982914209365845, 0.14210975170135498], [0.5268120765686035, 0.1907477080821991, 0.5820847153663635, 0.22046872973442078]], "num_detections": [100.0]}, "14": {"detection_scores": [0.810155987739563, 0.7984359264373779], "detection_classes": [1.0, 37.0], "detection_boxes": [[0.3597980737686157, 0.073362797498703, 0.6977154612541199, 0.14150285720825195], [0.5172029733657837, 0.20597349107265472, 0.5714025497436523, 0.23651890456676483]], "num_detections": [100.0]}, "15": {"detection_scores": [0.8143047094345093, 0.5490532517433167], "detection_classes": [1.0, 37.0], "detection_boxes": [[0.35950934886932373, 0.07413767278194427, 0.6982467770576477, 0.14720502495765686], [0.5107733011245728, 0.22285351157188416, 0.5598878860473633, 0.25309598445892334]], "num_detections": [100.0]}, "16": {"detection_scores": [0.8288254737854004], "detection_classes": [1.0], "detection_boxes": [[0.35642701387405396, 0.07388290762901306, 0.6986922025680542, 0.14798122644424438]], "num_detections": [100.0]}, "17": {"detection_scores": [0.8510643839836121, 0.22387661039829254], "detection_classes": [1.0, 1.0], "detection_boxes": [[0.3562973737716675, 0.0746067464351654, 0.6988210082054138, 0.1489693969488144], [0.4813879430294037, 0.2570939064025879, 0.5498803853988647, 0.29368048906326294]], "num_detections": [100.0]}, "18": {"detection_scores": [0.8594922423362732, 0.28549250960350037, 0.2524769604206085], "detection_classes": [1.0, 1.0, 37.0], "detection_boxes": [[0.35790759325027466, 0.07403090596199036, 0.6979724168777466, 0.15103819966316223], [0.5060263276100159, 0.2680746018886566, 0.5498054027557373, 0.28982284665107727], [0.47403815388679504, 0.27917996048927307, 0.5323049426078796, 0.3104439675807953]], "num_detections": [100.0]}, "19": {"detection_scores": [0.8322405815124512, 0.723944902420044], "detection_classes": [1.0, 37.0], "detection_boxes": [[0.35833945870399475, 0.07277394831180573, 0.6967477798461914, 0.15324994921684265], [0.45922282338142395, 0.2991967797279358, 0.5204142332077026, 0.3329540491104126]], "num_detections": [100.0]}, "20": {"detection_scores": [0.7463827133178711, 0.4833587408065796], "detection_classes": [1.0, 37.0], "detection_boxes": [[0.3569978177547455, 0.07155288755893707, 0.6979231238365173, 0.15587162971496582], [0.44748857617378235, 0.32072022557258606, 0.5088950395584106, 0.3541906774044037]], "num_detections": [100.0]}, "21": {"detection_scores": [0.7166375517845154, 0.6340272426605225], "detection_classes": [1.0, 37.0], "detection_boxes": [[0.3542736768722534, 0.08183734118938446, 0.699859082698822, 0.159262552857399], [0.4360296130180359, 0.3433096706867218, 0.49932152032852173, 0.37902531027793884]], "num_detections": [100.0]}, "22": {"detection_scores": [0.7296182513237, 0.6583107709884644], "detection_classes": [1.0, 37.0],