{"0": {"detection_scores": [0.763894259929657, 0.6680959463119507], "detection_classes": [1.0, 37.0], "detection_boxes": [[0.3847635090351105, 0.05095173045992851, 0.6868554949760437, 0.118753582239151], [0.6434680819511414, 0.05073130130767822, 0.686302661895752, 0.07081335037946701]], "num_detections": [100.0]}, "1": {"detection_scores": [0.8280142545700073, 0.28080296516418457], "detection_classes": [1.0, 37.0], "detection_boxes": [[0.3803907334804535, 0.05321015790104866, 0.6884229779243469, 0.12210291624069214], [0.6377074718475342, 0.057208623737096786, 0.6812941431999207, 0.07857516407966614]], "num_detections": [100.0]}, "2": {"detection_scores": [0.816525399684906, 0.5199427008628845], "detection_classes": [1.0, 37.0], "detection_boxes": [[0.3775710165500641, 0.05899474769830704, 0.6861483454704285, 0.12380190938711166], [0.6304593682289124, 0.06581960618495941, 0.6737539172172546, 0.08751651644706726]], "num_detections": [100.0]}, "3": {"detection_scores": [0.603090763092041, 0.5301289558410645, 0.26703163981437683, 0.15470683574676514], "detection_classes": [1.0, 37.0, 37.0, 1.0], "detection_boxes": [[0.37501707673072815, 0.06288348138332367, 0.660771369934082, 0.12707211077213287], [0.6267758011817932, 0.07548369467258453, 0.6628808379173279, 0.09672375023365021], [0.6611928343772888, 0.07341869175434113, 0.6850884556770325, 0.08583991229534149], [0.45771363377571106, 0.10960360616445541, 0.547610878944397, 0.12151793390512466]], "num_detections": [100.0]}, "4": {"detection_scores": [0.803444504737854, 0.7495067119598389, 0.11622227728366852], "detection_classes": [1.0, 37.0, 37.0], "detection_boxes": [[0.3720870912075043, 0.06294383108615875, 0.6889837384223938, 0.12734951078891754], [0.6170085072517395, 0.08476707339286804, 0.6593376994132996, 0.10623885691165924], [0.6654073596000671, 0.07388001680374146, 0.6840487718582153, 0.08579568564891815]], "num_detections": [100.0]}, "5": {"detection_scores": [0.8683191537857056, 0.8293452262878418, 0.10413910448551178], "detection_classes": [1.0, 37.0, 37.0], "detection_boxes": [[0.36725470423698425, 0.06521198153495789, 0.6908191442489624, 0.13058920204639435], [0.6082889437675476, 0.09326981753110886, 0.6541421413421631, 0.11672044545412064], [0.6604560613632202, 0.07367724180221558, 0.6855846643447876, 0.08620533347129822]], "num_detections": [100.0]}, "6": {"detection_scores": [0.8626647591590881, 0.6097671985626221], "detection_classes": [1.0, 37.0], "detection_boxes": [[0.36431702971458435, 0.06619784981012344, 0.689599871635437, 0.13150396943092346], [0.600652277469635, 0.10237857699394226, 0.648580014705658, 0.1281336545944214]], "num_detections": [100.0]}, "7": {"detection_scores": [0.8474699854850769, 0.8132727146148682], "detection_classes": [1.0, 37.0], "detection_boxes": [[0.35850104689598083, 0.06762552261352539, 0.6791772246360779, 0.13170966506004333], [0.5901595950126648, 0.1145952120423317, 0.6408064365386963, 0.13937807083129883]], "num_detections": [100.0]}, "8": {"detection_scores": [0.8162426948547363, 0.7611507773399353], "detection_classes": [1.0, 37.0], "detection_boxes": [[0.35393476486206055, 0.0677141547203064, 0.6834191083908081, 0.13299059867858887], [0.5832282900810242, 0.12682899832725525, 0.6341395974159241, 0.15175676345825195]], "num_detections": [100.0]}, "9": {"detection_scores": [0.8237230777740479, 0.7839583158493042], "detection_classes": [1.0, 37.0], "detection_boxes": [[0.3497699797153473, 0.06947875767946243, 0.6845726370811462, 0.13627463579177856], [0.5739539861679077, 0.13925373554229736, 0.624394953250885, 0.1655850112438202]], "num_detections": [100.0]}, "10": {"detection_scores": [0.8189703226089478, 0.647284746170044], "detection_classes": [1.0, 37.0], "detection_boxes": [[0.34680768847465515, 0.0704604834318161, 0.6818839311599731, 0.1357690393924713], [0.5668802857398987, 0.1523558795452118, 0.6181673407554626, 0.17960748076438904]], "num_detections": [100.0]}, "11": {"detection_scores": [0.8308841586112976, 0.5575289130210876], "detection_classes": [1.0, 37.0], "detection_boxes": [[0.34232527017593384, 0.07275155186653137, 0.6847851872444153, 0.13744348287582397], [0.5557882189750671, 0.165883868932724, 0.6115237474441528, 0.19612336158752441]], "num_detections": [100.0]}, "12": {"detection_scores": [0.8308063745498657, 0.6322786211967468], "detection_classes": [1.0, 37.0], "detection_boxes": [[0.34215882420539856, 0.07311984896659851, 0.6826733946800232, 0.13824312388896942], [0.5477352738380432, 0.18112340569496155, 0.6031858325004578, 0.21166333556175232]], "num_detections": [100.0]}, "13": {"detection_scores": [0.7756615281105042, 0.6212716698646545], "detection_classes": [1.0, 37.0], "detection_boxes": [[0.33841073513031006, 0.07458332180976868, 0.6739761829376221, 0.140314981341362], [0.5366105437278748, 0.19836542010307312, 0.5913226008415222, 0.22802412509918213]], "num_detections": [100.0]}, "14": {"detection_scores": [0.7946538925170898, 0.6360060572624207, 0.11650244146585464, 0.10040171444416046, 0.10018385946750641], "detection_classes": [1.0, 37.0, 37.0, 1.0, 1.0], "detection_boxes": [[0.3371146619319916, 0.0760890543460846, 0.673416256904602, 0.14502345025539398], [0.5278417468070984, 0.21532288193702698, 0.5873029828071594, 0.24838659167289734], [0.4709461033344269, 0.12935422360897064, 0.49604320526123047, 0.14143981039524078], [0.5024141073226929, 0.26936644315719604, 0.5512659549713135, 0.295864999294281], [0.4285001754760742, 0.13587161898612976, 0.4867408871650696, 0.15092995762825012]], "num_detections": [100.0]}, "15": {"detection_scores": [0.8566130995750427, 0.5991249680519104, 0.11667164415121078, 0.11590654402971268], "detection_classes": [1.0, 37.0, 1.0, 1.0], "detection_boxes": [[0.3381584584712982, 0.07594740390777588, 0.6724033951759338, 0.14688123762607574], [0.5193997025489807, 0.234669491648674, 0.5770436525344849, 0.2672604024410248], [0.3411291241645813, 0.0, 0.45414841175079346, 0.018332837149500847], [0.4290268123149872, 0.13693402707576752, 0.487165242433548, 0.15071700513362885]], "num_detections": [100.0]}, "16": {"detection_scores": [0.8721573352813721, 0.5704768896102905, 0.16789840161800385, 0.14852571487426758], "detection_classes": [1.0, 37.0, 1.0, 1.0], "detection_boxes": [[0.336736798286438, 0.07643303275108337, 0.6698548793792725, 0.14756928384304047], [0.5058377385139465, 0.2546490728855133, 0.5658009052276611, 0.2890101373195648], [0.42760229110717773, 0.13798940181732178, 0.48717862367630005, 0.15079253911972046], [0.3409942090511322, 0.0, 0.4550689160823822, 0.018313603475689888]], "num_detections": [100.0]}, "17": {"detection_scores": [0.8594818115234375, 0.32431548833847046, 0.1322735995054245], "detection_classes": [1.0, 37.0, 1.0], "detection_boxes": [[0.3348998427391052, 0.07720166444778442, 0.6729418635368347, 0.14868026971817017], [0.4951801002025604, 0.27687951922416687, 0.5549653768539429, 0.3102458417415619], [0.3408712148666382, 0.0, 0.45396852493286133, 0.01824849471449852]], "num_detections": [100.0]}, "18": {"detection_scores": [0.8736795783042908, 0.7083745002746582, 0.11573600023984909], "detection_classes": [1.0, 37.0, 1.0], "detection_boxes": [[0.332550972700119, 0.07713952660560608, 0.6671742796897888, 0.15221847593784332], [0.4799608886241913, 0.29936453700065613, 0.5456781983375549, 0.3348579704761505], [0.34095171093940735, 0.0, 0.453950434923172, 0.01826336607336998]], "num_detections": [100.0]}, "19": {"detection_scores": [0.8379397988319397, 0.5382128357887268, 0.11631017178297043], "detection_classes": [1.0, 37.0, 1.0], "detection_boxes": [[0.3284759521484375, 0.07642433047294617, 0.6681452393531799, 0.15473723411560059], [0.4681648313999176, 0.3257508873939514, 0.5339335799217224, 0.3608781099319458], [0.34082064032554626, 0.0, 0.45450350642204285, 0.018142113462090492]], "num_detections": [100.0]}, "20": {"detection_scores": [0.8455045223236084, 0.8043778538703918, 0.103135846555233], "detection_classes": [37.0, 1.0, 1.0],