{"0": {"detection_scores": [0.8516230583190918, 0.5671712756156921, 0.12359007447957993], "detection_classes": [1.0, 37.0, 37.0], "detection_boxes": [[0.38297978043556213, 0.05198097974061966, 0.6891021728515625, 0.1261610984802246], [0.6465843319892883, 0.04978043586015701, 0.6883201599121094, 0.07276845723390579], [0.47549328207969666, 0.10884756594896317, 0.4994235038757324, 0.11802246421575546]], "num_detections": [100.0]}, "1": {"detection_scores": [0.8707392811775208, 0.741822361946106], "detection_classes": [1.0, 37.0], "detection_boxes": [[0.3818708658218384, 0.053901392966508865, 0.6885979771614075, 0.12715718150138855], [0.6479146480560303, 0.06515562534332275, 0.685004711151123, 0.08520108461380005]], "num_detections": [100.0]}, "2": {"detection_scores": [0.8559600710868835, 0.8524669408798218], "detection_classes": [37.0, 1.0], "detection_boxes": [[0.6451192498207092, 0.07696717232465744, 0.6851955056190491, 0.09887849539518356], [0.382534384727478, 0.05663527548313141, 0.6831508874893188, 0.12743481993675232]], "num_detections": [100.0]}, "3": {"detection_scores": [0.8478747010231018, 0.8315038084983826, 0.2181738018989563], "detection_classes": [1.0, 37.0, 1.0], "detection_boxes": [[0.37943416833877563, 0.05704642832279205, 0.6877380609512329, 0.1273055523633957], [0.6424340605735779, 0.09235575795173645, 0.6837783455848694, 0.11325706541538239], [0.45645079016685486, 0.11324943602085114, 0.5433703660964966, 0.1265040636062622]], "num_detections": [100.0]}, "4": {"detection_scores": [0.8676333427429199, 0.6877304315567017, 0.25800222158432007, 0.15580907464027405], "detection_classes": [1.0, 37.0, 37.0, 37.0], "detection_boxes": [[0.3745885491371155, 0.05950186029076576, 0.6870540976524353, 0.13100369274616241], [0.6386423110961914, 0.1056898832321167, 0.684158205986023, 0.1298931986093521], [0.4805167019367218, 0.054054662585258484, 0.49377673864364624, 0.06278763711452484], [0.4513750374317169, 0.05977232754230499, 0.46949541568756104, 0.06708939373493195]], "num_detections": [100.0]}, "5": {"detection_scores": [0.8527525663375854, 0.7895771265029907, 0.2058841437101364], "detection_classes": [1.0, 37.0, 37.0], "detection_boxes": [[0.3713064193725586, 0.059801310300827026, 0.6857457756996155, 0.13093683123588562], [0.6354596614837646, 0.12204614281654358, 0.6811415553092957, 0.1456281840801239], [0.46107131242752075, 0.051856525242328644, 0.4900253713130951, 0.06449887156486511]], "num_detections": [100.0]}, "6": {"detection_scores": [0.8511461615562439, 0.7777868509292603, 0.20013836026191711, 0.19009828567504883], "detection_classes": [1.0, 37.0, 37.0, 37.0], "detection_boxes": [[0.36676114797592163, 0.06289754807949066, 0.6876490116119385, 0.13230900466442108], [0.6344053745269775, 0.13926580548286438, 0.6801058053970337, 0.1627403199672699], [0.45087331533432007, 0.05957641825079918, 0.4707428514957428, 0.06780675798654556], [0.4754636585712433, 0.05276685580611229, 0.4905323386192322, 0.06222950294613838]], "num_detections": [100.0]}, "7": {"detection_scores": [0.8357133269309998, 0.6931074261665344, 0.1541135609149933], "detection_classes": [1.0, 37.0, 37.0], "detection_boxes": [[0.36444875597953796, 0.06444304436445236, 0.6880135536193848, 0.13318750262260437], [0.6329350471496582, 0.1568307876586914, 0.6798491477966309, 0.18176662921905518], [0.4504944682121277, 0.05949883535504341, 0.4728185534477234, 0.0686667263507843]], "num_detections": [100.0]}, "8": {"detection_scores": [0.7797028422355652, 0.6614439487457275], "detection_classes": [1.0, 37.0], "detection_boxes": [[0.3608558177947998, 0.06540443003177643, 0.680986762046814, 0.13399383425712585], [0.629757285118103, 0.17597796022891998, 0.6757171154022217, 0.2021389752626419]], "num_detections": [100.0]}, "9": {"detection_scores": [0.7862120866775513, 0.7433480024337769], "detection_classes": [1.0, 37.0], "detection_boxes": [[0.3596242368221283, 0.06610840559005737, 0.6816986799240112, 0.13376079499721527], [0.6263125538825989, 0.19747696816921234, 0.6758665442466736, 0.22176606953144073]], "num_detections": [100.0]}, "10": {"detection_scores": [0.8211634755134583, 0.7703689932823181], "detection_classes": [37.0, 1.0], "detection_boxes": [[0.624555766582489, 0.21653741598129272, 0.6742082238197327, 0.24519115686416626], [0.3563001751899719, 0.06908036768436432, 0.6843520402908325, 0.136515274643898]], "num_detections": [100.0]}, "11": {"detection_scores": [0.809553325176239, 0.7964687347412109], "detection_classes": [37.0, 1.0], "detection_boxes": [[0.6232887506484985, 0.23913316428661346, 0.6721108555793762, 0.2679002285003662], [0.35798779129981995, 0.06907333433628082, 0.6805952191352844, 0.13692238926887512]], "num_detections": [100.0]}, "12": {"detection_scores": [0.8512284755706787, 0.7952665686607361], "detection_classes": [1.0, 37.0], "detection_boxes": [[0.3554069995880127, 0.07101690769195557, 0.6797010898590088, 0.13980162143707275], [0.618813157081604, 0.2622241973876953, 0.6711145043373108, 0.2925170660018921]], "num_detections": [100.0]}, "13": {"detection_scores": [0.857384443283081, 0.7554919719696045], "detection_classes": [1.0, 37.0], "detection_boxes": [[0.3540995717048645, 0.07144039124250412, 0.6761423349380493, 0.14259454607963562], [0.6175887584686279, 0.28692498803138733, 0.6693003177642822, 0.3178894817829132]], "num_detections": [100.0]}, "14": {"detection_scores": [0.8258053660392761, 0.6107121706008911], "detection_classes": [1.0, 37.0], "detection_boxes": [[0.3528267741203308, 0.07316961884498596, 0.6763293147087097, 0.1490790843963623], [0.6155043244361877, 0.3139922618865967, 0.6696329712867737, 0.34468233585357666]], "num_detections": [100.0]}, "15": {"detection_scores": [0.8702829480171204, 0.6102122068405151], "detection_classes": [1.0, 37.0], "detection_boxes": [[0.3500811755657196, 0.07346376776695251, 0.6754031181335449, 0.1524563580751419], [0.6129003167152405, 0.340702086687088, 0.6692149043083191, 0.3728679120540619]], "num_detections": [100.0]}, "16": {"detection_scores": [0.8186016082763672, 0.6585724353790283, 0.10444257408380508], "detection_classes": [1.0, 37.0, 37.0], "detection_boxes": [[0.35000544786453247, 0.07353321462869644, 0.6751918792724609, 0.15595704317092896], [0.6114102005958557, 0.36986076831817627, 0.6644722819328308, 0.400252103805542], [0.43858805298805237, 0.07145082950592041, 0.4576019048690796, 0.07924829423427582]], "num_detections": [100.0]}, "17": {"detection_scores": [0.7625912427902222, 0.7327827215194702], "detection_classes": [1.0, 37.0], "detection_boxes": [[0.34922853112220764, 0.07473525404930115, 0.675025999546051, 0.16231155395507812], [0.6063125729560852, 0.39853328466415405, 0.6656254529953003, 0.43125319480895996]], "num_detections": [100.0]}, "18": {"detection_scores": [0.8356570601463318, 0.7164598703384399], "detection_classes": [1.0, 37.0], "detection_boxes": [[0.3440406918525696, 0.07665605843067169, 0.6682952642440796, 0.1622912734746933], [0.6051071286201477, 0.42913806438446045, 0.6659202575683594, 0.462830126285553]], "num_detections": [100.0]}, "19": {"detection_scores": [0.8974920511245728, 0.6757723093032837], "detection_classes": [1.0, 37.0], "detection_boxes": [[0.3423672318458557, 0.07659348845481873, 0.6643199324607849, 0.165164515376091], [0.6018713712692261, 0.4604105055332184, 0.6648482084274292, 0.4938543140888214]], "num_detections": [100.0]}, "20": {"detection_scores": [0.8996413946151733, 0.8600113987922668], "detection_classes": [1.0, 37.0], "detection_boxes": [[0.3400351107120514, 0.07650801539421082, 0.6635881662368774, 0.1667611002922058], [0.6019445061683655, 0.4924207031726837, 0.663742184638977, 0.5268040895462036]], "num_detections": [100.0]}, "21": {"detection_scores": [0.889840841293335, 0.7994099855422974], "detection_classes": [1.0, 37.0], "detection_boxes": [[0.3417678475379944, 0.07646077126264572, 0.6591721773147583, 0.1679784655570984], [0.6001811623573303, 0.5254119038581848, 0.6623462438583374, 0.5608248114585876]], "num_detections": [100.0]},