{"0": {"detection_scores": [0.8538303375244141, 0.6166542768478394, 0.13956446945667267], "detection_classes": [1.0, 37.0, 37.0], "detection_boxes": [[0.3958025574684143, 0.04841265082359314, 0.6906409859657288, 0.12809917330741882], [0.6480743288993835, 0.05021946132183075, 0.6849940419197083, 0.07151109725236893], [0.45293867588043213, 0.06008284538984299, 0.47197654843330383, 0.06690908223390579]], "num_detections": [100.0]}, "1": {"detection_scores": [0.8923563361167908, 0.5377470850944519], "detection_classes": [1.0, 37.0], "detection_boxes": [[0.3953655958175659, 0.046530645340681076, 0.691017210483551, 0.12995851039886475], [0.6494866013526917, 0.06486616283655167, 0.6864075064659119, 0.08339474350214005]], "num_detections": [100.0]}, "2": {"detection_scores": [0.8724883198738098, 0.7037374377250671], "detection_classes": [1.0, 37.0], "detection_boxes": [[0.39434415102005005, 0.050761494785547256, 0.6893277168273926, 0.12968358397483826], [0.6498528718948364, 0.07796988636255264, 0.6936306953430176, 0.09620105475187302]], "num_detections": [100.0]}, "3": {"detection_scores": [0.8314666748046875, 0.8268005847930908], "detection_classes": [37.0, 1.0], "detection_boxes": [[0.6526958346366882, 0.08770456910133362, 0.6942798495292664, 0.11023186147212982], [0.3966018557548523, 0.05590295046567917, 0.685213565826416, 0.13452869653701782]], "num_detections": [100.0]}, "4": {"detection_scores": [0.8757262229919434, 0.8564291000366211, 0.14386959373950958], "detection_classes": [1.0, 37.0, 37.0], "detection_boxes": [[0.3936340808868408, 0.061087604612112045, 0.6874579191207886, 0.13356691598892212], [0.6534901857376099, 0.10099457204341888, 0.6997398138046265, 0.12375789880752563], [0.4520457088947296, 0.06005758047103882, 0.46937471628189087, 0.06736460328102112]], "num_detections": [100.0]}, "5": {"detection_scores": [0.8108822703361511, 0.6415339708328247, 0.12940029799938202], "detection_classes": [1.0, 37.0, 37.0], "detection_boxes": [[0.39312928915023804, 0.0648622214794159, 0.6889464855194092, 0.1341758370399475], [0.6557919383049011, 0.11369865387678146, 0.7012559175491333, 0.1373886913061142], [0.4519336223602295, 0.06035393103957176, 0.46950989961624146, 0.06723461300134659]], "num_detections": [100.0]}, "6": {"detection_scores": [0.7567322254180908, 0.6528967618942261, 0.1456398218870163], "detection_classes": [1.0, 37.0, 37.0], "detection_boxes": [[0.39082321524620056, 0.06900253146886826, 0.6898044943809509, 0.13834980130195618], [0.6572152972221375, 0.12837795913219452, 0.703424334526062, 0.1514274924993515], [0.45192620158195496, 0.060254696756601334, 0.46977657079696655, 0.06744292378425598]], "num_detections": [100.0]}, "7": {"detection_scores": [0.8142686486244202, 0.6428148746490479, 0.2269122153520584, 0.11060601472854614], "detection_classes": [1.0, 37.0, 37.0, 37.0], "detection_boxes": [[0.3886827528476715, 0.06957986205816269, 0.6941967606544495, 0.1380777359008789], [0.6619697213172913, 0.14344200491905212, 0.7080262899398804, 0.16613760590553284], [0.4521632492542267, 0.06038779765367508, 0.470016211271286, 0.06742740422487259], [0.7245721220970154, 0.7900765538215637, 0.7425065040588379, 0.798779308795929]], "num_detections": [100.0]}, "8": {"detection_scores": [0.8184860348701477, 0.814500093460083, 0.18931831419467926, 0.139474555850029], "detection_classes": [1.0, 37.0, 37.0, 37.0], "detection_boxes": [[0.3860415816307068, 0.06859822571277618, 0.6976363062858582, 0.13777676224708557], [0.6649184823036194, 0.1581524908542633, 0.7117964625358582, 0.18245545029640198], [0.45201852917671204, 0.06040148064494133, 0.4699002504348755, 0.0673002079129219], [0.7242600321769714, 0.7899908423423767, 0.7428582310676575, 0.7983794808387756]], "num_detections": [100.0]}, "9": {"detection_scores": [0.8521156907081604, 0.7912368178367615, 0.19301627576351166, 0.1488482505083084], "detection_classes": [1.0, 37.0, 37.0, 37.0], "detection_boxes": [[0.38596174120903015, 0.06891553848981857, 0.7016109228134155, 0.1387283205986023], [0.6660715341567993, 0.17420634627342224, 0.716022789478302, 0.1986408829689026], [0.4513985514640808, 0.060268789529800415, 0.47082197666168213, 0.06732170283794403], [0.7245908379554749, 0.7902003526687622, 0.7425376176834106, 0.7985764741897583]], "num_detections": [100.0]}, "10": {"detection_scores": [0.7841216325759888, 0.6654249429702759, 0.14129257202148438, 0.1397126019001007], "detection_classes": [1.0, 37.0, 37.0, 37.0], "detection_boxes": [[0.3779636323451996, 0.06918297708034515, 0.7038739323616028, 0.1381346434354782], [0.6675926446914673, 0.19168248772621155, 0.7212287187576294, 0.21594062447547913], [0.7249670028686523, 0.7900293469429016, 0.7413703799247742, 0.7984660267829895], [0.45120155811309814, 0.06008143723011017, 0.4710179567337036, 0.06729041039943695]], "num_detections": [100.0]}, "11": {"detection_scores": [0.824769914150238, 0.6966750025749207, 0.11415646970272064, 0.107949398458004], "detection_classes": [1.0, 37.0, 37.0, 37.0], "detection_boxes": [[0.376966267824173, 0.06820858269929886, 0.704440176486969, 0.1421869993209839], [0.6747605204582214, 0.2095046490430832, 0.7255287766456604, 0.23384173214435577], [0.4511629045009613, 0.06031366065144539, 0.4721620976924896, 0.06725829839706421], [0.7243167757987976, 0.7902018427848816, 0.7420747876167297, 0.7984662652015686]], "num_detections": [100.0]}, "12": {"detection_scores": [0.8457342386245728, 0.8176581859588623, 0.14181815087795258, 0.1022292822599411], "detection_classes": [37.0, 1.0, 37.0, 1.0], "detection_boxes": [[0.6783357858657837, 0.226206973195076, 0.7280124425888062, 0.2520669400691986], [0.373576819896698, 0.06812747567892075, 0.6994357705116272, 0.14180320501327515], [0.4700542688369751, 0.08345400542020798, 0.4976968765258789, 0.09659839421510696], [0.452813982963562, 0.06023391708731651, 0.4728153347969055, 0.06715945154428482]], "num_detections": [100.0]}, "13": {"detection_scores": [0.8445448279380798, 0.6203864216804504], "detection_classes": [1.0, 37.0], "detection_boxes": [[0.370510995388031, 0.0682852566242218, 0.7009227275848389, 0.14422175288200378], [0.6823300123214722, 0.24376116693019867, 0.7329820990562439, 0.2704647481441498]], "num_detections": [100.0]}, "14": {"detection_scores": [0.8343338966369629, 0.6579936742782593, 0.12180804461240768, 0.1079249158501625], "detection_classes": [1.0, 37.0, 1.0, 1.0], "detection_boxes": [[0.3706928491592407, 0.06886927038431168, 0.700812578201294, 0.14485621452331543], [0.6867630481719971, 0.2629435062408447, 0.7343516945838928, 0.29040008783340454], [0.4304744303226471, 0.13849397003650665, 0.492196649312973, 0.151114359498024], [0.45171886682510376, 0.060073938220739365, 0.4736105799674988, 0.06735559552907944]], "num_detections": [100.0]}, "15": {"detection_scores": [0.8320656418800354, 0.6104715466499329], "detection_classes": [1.0, 37.0], "detection_boxes": [[0.3704715371131897, 0.06815633177757263, 0.700213611125946, 0.14598938822746277], [0.6872957348823547, 0.28202539682388306, 0.740476131439209, 0.3093298077583313]], "num_detections": [100.0]}, "16": {"detection_scores": [0.8504922986030579, 0.8014293909072876], "detection_classes": [1.0, 37.0], "detection_boxes": [[0.36933866143226624, 0.07073216140270233, 0.6985689401626587, 0.1508527249097824], [0.6886364221572876, 0.3013070225715637, 0.7429007887840271, 0.32903462648391724]], "num_detections": [100.0]}, "17": {"detection_scores": [0.8558080196380615, 0.6109439730644226], "detection_classes": [1.0, 37.0], "detection_boxes": [[0.36566802859306335, 0.07110293209552765, 0.7004790902137756, 0.15071257948875427], [0.6891947388648987, 0.3217571973800659, 0.7443074584007263, 0.3490145802497864]], "num_detections": [100.0]}, "18": {"detection_scores": [0.8886744976043701, 0.847770094871521], "detection_classes": [1.0, 37.0], "detection_boxes": [[0.36555591225624084, 0.07072543352842331, 0.7014234066009521, 0.15159186720848083], [0.6910845041275024, 0.3433127999305725, 0.7451678514480591, 0.3704225420951843]],