{"0": {"detection_scores": [0.8548923134803772, 0.39577680826187134], "detection_classes": [1.0, 37.0], "detection_boxes": [[0.37919288873672485, 0.026232337579131126, 0.6844919919967651, 0.08705628663301468], [0.6450464725494385, 0.051685307174921036, 0.6792386770248413, 0.07015536725521088]], "num_detections": [100.0]}, "1": {"detection_scores": [0.8463167548179626, 0.5339125394821167], "detection_classes": [1.0, 37.0], "detection_boxes": [[0.3798297941684723, 0.026190994307398796, 0.676809549331665, 0.08712424337863922], [0.6378636360168457, 0.058678850531578064, 0.6798585653305054, 0.07996873557567596]], "num_detections": [100.0]}, "2": {"detection_scores": [0.8679894804954529, 0.4816609025001526, 0.15198974311351776, 0.1029358059167862], "detection_classes": [1.0, 37.0, 37.0, 37.0], "detection_boxes": [[0.3792843818664551, 0.025226332247257233, 0.6827231049537659, 0.08904445171356201], [0.6366123557090759, 0.0665862113237381, 0.6784246563911438, 0.08830474317073822], [0.5636523962020874, 0.08677476644515991, 0.5764795541763306, 0.09416517615318298], [0.5270190834999084, 0.021797258406877518, 0.5401439666748047, 0.03217615932226181]], "num_detections": [100.0]}, "3": {"detection_scores": [0.8825283646583557, 0.5312288999557495], "detection_classes": [1.0, 37.0], "detection_boxes": [[0.38015425205230713, 0.025639593601226807, 0.6838347911834717, 0.0896720439195633], [0.6351897716522217, 0.07420140504837036, 0.6764710545539856, 0.09658251702785492]], "num_detections": [100.0]}, "4": {"detection_scores": [0.8803905844688416, 0.5760222673416138, 0.10564573109149933], "detection_classes": [1.0, 37.0, 37.0], "detection_boxes": [[0.37904447317123413, 0.025423172861337662, 0.683229386806488, 0.09065628051757812], [0.6332710981369019, 0.08420522511005402, 0.6723485589027405, 0.10514065623283386], [0.5333384871482849, 0.023361213505268097, 0.5447328090667725, 0.03247086703777313]], "num_detections": [100.0]}, "5": {"detection_scores": [0.874971330165863, 0.783045768737793, 0.14974994957447052], "detection_classes": [1.0, 37.0, 37.0], "detection_boxes": [[0.37798795104026794, 0.025447499006986618, 0.6840561628341675, 0.09244680404663086], [0.6294074058532715, 0.09271504729986191, 0.6703353524208069, 0.11411424726247787], [0.53319251537323, 0.023869391530752182, 0.5446239709854126, 0.03246806934475899]], "num_detections": [100.0]}, "6": {"detection_scores": [0.8729543685913086, 0.8551986813545227, 0.19731958210468292], "detection_classes": [1.0, 37.0, 37.0], "detection_boxes": [[0.37749457359313965, 0.02486662194132805, 0.6824502944946289, 0.09329608082771301], [0.6250920295715332, 0.10238233953714371, 0.6696773767471313, 0.12495213001966476], [0.5290839672088623, 0.022679520770907402, 0.5425270199775696, 0.031929388642311096]], "num_detections": [100.0]}, "7": {"detection_scores": [0.8738687038421631, 0.7691363096237183, 0.1939469277858734], "detection_classes": [1.0, 37.0, 37.0], "detection_boxes": [[0.37783390283584595, 0.02477284148335457, 0.6821439862251282, 0.09383073449134827], [0.6221157312393188, 0.11219947040081024, 0.6650988459587097, 0.13505040109157562], [0.5282388925552368, 0.02255897969007492, 0.5425048470497131, 0.031685736030340195]], "num_detections": [100.0]}, "8": {"detection_scores": [0.8618278503417969, 0.5885898470878601, 0.18885602056980133], "detection_classes": [1.0, 37.0, 37.0], "detection_boxes": [[0.3778342306613922, 0.02451617270708084, 0.6823686957359314, 0.09460019320249557], [0.6207667589187622, 0.1222292110323906, 0.6650065183639526, 0.14432458579540253], [0.528396725654602, 0.022436223924160004, 0.5422306060791016, 0.03203418478369713]], "num_detections": [100.0]}, "9": {"detection_scores": [0.8627721071243286, 0.5263985991477966, 0.19759157299995422, 0.10744428634643555], "detection_classes": [1.0, 37.0, 37.0, 1.0], "detection_boxes": [[0.3779708743095398, 0.024355735629796982, 0.683066725730896, 0.09585092961788177], [0.6160946488380432, 0.13105802237987518, 0.6609042286872864, 0.155718132853508], [0.52754807472229, 0.02214587852358818, 0.5418407320976257, 0.03220238909125328], [0.508375883102417, 0.08692889660596848, 0.5532965064048767, 0.09640701860189438]], "num_detections": [100.0]}, "10": {"detection_scores": [0.8501296043395996, 0.6024308800697327, 0.17302946746349335], "detection_classes": [1.0, 37.0, 37.0], "detection_boxes": [[0.3774152100086212, 0.024151816964149475, 0.6896653175354004, 0.09593743830919266], [0.6161062121391296, 0.14307951927185059, 0.6600177884101868, 0.16638416051864624], [0.5270237922668457, 0.02196614257991314, 0.5424562096595764, 0.03217008709907532]], "num_detections": [100.0]}, "11": {"detection_scores": [0.8380625247955322, 0.7697857022285461, 0.14652061462402344], "detection_classes": [1.0, 37.0, 37.0], "detection_boxes": [[0.37638136744499207, 0.02376710996031761, 0.6940812468528748, 0.09632289409637451], [0.614878237247467, 0.15477216243743896, 0.6588582992553711, 0.17794892191886902], [0.5265607833862305, 0.021922387182712555, 0.5423943996429443, 0.032288048416376114]], "num_detections": [100.0]}, "12": {"detection_scores": [0.8228471279144287, 0.6335331201553345, 0.15203391015529633, 0.11152421683073044], "detection_classes": [1.0, 37.0, 37.0, 37.0], "detection_boxes": [[0.37715786695480347, 0.0237487331032753, 0.693050742149353, 0.09758730232715607], [0.611649751663208, 0.16625934839248657, 0.6576454043388367, 0.191185861825943], [0.6579417586326599, 0.07855866849422455, 0.6922096610069275, 0.08947008848190308], [0.5256919264793396, 0.02158374898135662, 0.5415610671043396, 0.03143812343478203]], "num_detections": [100.0]}, "13": {"detection_scores": [0.7763622999191284, 0.7725200057029724, 0.10591165721416473, 0.10211750119924545], "detection_classes": [1.0, 37.0, 37.0, 37.0], "detection_boxes": [[0.3769763708114624, 0.02333768457174301, 0.69516921043396, 0.09775739908218384], [0.6081719398498535, 0.17908361554145813, 0.6579881906509399, 0.20378223061561584], [0.7240135669708252, 0.7903975248336792, 0.7430844902992249, 0.7975454330444336], [0.5267317891120911, 0.021039217710494995, 0.54194575548172, 0.031493932008743286]], "num_detections": [100.0]}, "14": {"detection_scores": [0.7521160244941711, 0.5473635196685791, 0.14435797929763794], "detection_classes": [1.0, 37.0, 37.0], "detection_boxes": [[0.3813368082046509, 0.026501264423131943, 0.6998612880706787, 0.10070163011550903], [0.6049667000770569, 0.19074751436710358, 0.6570287942886353, 0.21645818650722504], [0.5270527601242065, 0.022163724526762962, 0.542458176612854, 0.03218759596347809]], "num_detections": [100.0]}, "15": {"detection_scores": [0.8362721800804138, 0.8125649094581604], "detection_classes": [37.0, 1.0], "detection_boxes": [[0.603766918182373, 0.20372991263866425, 0.6555548310279846, 0.23003585636615753], [0.38174083828926086, 0.026588886976242065, 0.6991159915924072, 0.10131607949733734]], "num_detections": [100.0]}, "16": {"detection_scores": [0.8089441657066345, 0.8056954145431519], "detection_classes": [1.0, 37.0], "detection_boxes": [[0.38252490758895874, 0.027128908783197403, 0.698117733001709, 0.10086575150489807], [0.6025528907775879, 0.2159986048936844, 0.6562682390213013, 0.24466915428638458]], "num_detections": [100.0]}, "17": {"detection_scores": [0.8249233365058899, 0.7612220644950867], "detection_classes": [1.0, 37.0], "detection_boxes": [[0.3821551501750946, 0.02811169996857643, 0.698493242263794, 0.10079890489578247], [0.6013787388801575, 0.22946278750896454, 0.6562864184379578, 0.2585061192512512]], "num_detections": [100.0]}, "18": {"detection_scores": [0.840152382850647, 0.6403656005859375, 0.1028188094496727], "detection_classes": [1.0, 37.0, 37.0], "detection_boxes": [[0.382673054933548, 0.028846703469753265, 0.6981514692306519, 0.10145493596792221], [0.601291298866272, 0.24467353522777557, 0.6547912359237671, 0.27285706996917725], [0.5279006958007812, 0.02560073882341385, 0.5401214361190796, 0.03329475224018097]], "num_detections": [100.0]},