{"0": {"detection_scores": [0.8554739356040955, 0.6885188817977905, 0.13654637336730957, 0.12851323187351227], "detection_classes": [1.0, 37.0, 37.0, 37.0], "detection_boxes": [[0.3825135827064514, 0.05040692910552025, 0.6890251636505127, 0.1326712667942047], [0.6446328163146973, 0.048996224999427795, 0.685520350933075, 0.06985927373170853], [0.547370433807373, 0.12652967870235443, 0.566688060760498, 0.1322728544473648], [0.4969334900379181, 0.05516187101602554, 0.5147148966789246, 0.06567001342773438]], "num_detections": [100.0]}, "1": {"detection_scores": [0.8807059526443481, 0.5749001502990723, 0.16257862746715546, 0.11509769409894943], "detection_classes": [1.0, 37.0, 37.0, 37.0], "detection_boxes": [[0.38404297828674316, 0.05189256742596626, 0.6858380436897278, 0.13138113915920258], [0.6414413452148438, 0.05794857442378998, 0.6773855686187744, 0.08060453832149506], [0.5486326217651367, 0.12449989467859268, 0.5671820640563965, 0.12986087799072266], [0.49661126732826233, 0.05705893412232399, 0.5076075792312622, 0.06572062522172928]], "num_detections": [100.0]}, "2": {"detection_scores": [0.7995828986167908, 0.5405286550521851, 0.15344050526618958], "detection_classes": [1.0, 37.0, 37.0], "detection_boxes": [[0.38367360830307007, 0.05775180459022522, 0.6834805011749268, 0.13195626437664032], [0.6309124231338501, 0.07403901219367981, 0.6732082366943359, 0.09567391872406006], [0.4911559522151947, 0.06048731133341789, 0.5087342858314514, 0.07207098603248596]], "num_detections": [100.0]}, "3": {"detection_scores": [0.8777809739112854, 0.7652536034584045], "detection_classes": [1.0, 37.0], "detection_boxes": [[0.38236328959465027, 0.06074089929461479, 0.6881023645401001, 0.13116241991519928], [0.6209460496902466, 0.08832693845033646, 0.6651921272277832, 0.11145950108766556]], "num_detections": [100.0]}, "4": {"detection_scores": [0.8957216739654541, 0.835682213306427, 0.20518364012241364], "detection_classes": [1.0, 37.0, 37.0], "detection_boxes": [[0.38175487518310547, 0.06284860521554947, 0.6875156164169312, 0.13148444890975952], [0.6130858063697815, 0.10375751554965973, 0.6587730050086975, 0.1261230707168579], [0.47983497381210327, 0.061748623847961426, 0.5014769434928894, 0.07088103890419006]], "num_detections": [100.0]}, "5": {"detection_scores": [0.9007124304771423, 0.7282724976539612, 0.2894132137298584], "detection_classes": [1.0, 37.0, 37.0], "detection_boxes": [[0.3787611126899719, 0.06501911580562592, 0.6868390440940857, 0.13279201090335846], [0.6058955192565918, 0.12004508823156357, 0.6495025753974915, 0.1430780291557312], [0.4804341197013855, 0.06235877424478531, 0.49825116991996765, 0.0715148076415062]], "num_detections": [100.0]}, "6": {"detection_scores": [0.872523844242096, 0.5446867346763611, 0.3011651635169983, 0.12276394665241241], "detection_classes": [1.0, 37.0, 37.0, 37.0], "detection_boxes": [[0.37646862864494324, 0.06509079784154892, 0.6844419240951538, 0.1327534019947052], [0.594319760799408, 0.137220099568367, 0.6408615112304688, 0.15914784371852875], [0.47761934995651245, 0.06242172047495842, 0.4963761270046234, 0.07211846113204956], [0.6131319999694824, 0.16607677936553955, 0.624994695186615, 0.18236708641052246]], "num_detections": [100.0]}, "7": {"detection_scores": [0.8658384084701538, 0.6457345485687256, 0.21443411707878113], "detection_classes": [1.0, 37.0, 37.0], "detection_boxes": [[0.37517932057380676, 0.06651943176984787, 0.6858354210853577, 0.13402751088142395], [0.5865638256072998, 0.15337014198303223, 0.6328088641166687, 0.17792439460754395], [0.474824994802475, 0.06384865194559097, 0.4919067323207855, 0.07328230887651443]], "num_detections": [100.0]}, "8": {"detection_scores": [0.853220522403717, 0.8254691958427429, 0.12281157076358795], "detection_classes": [37.0, 1.0, 37.0], "detection_boxes": [[0.577131450176239, 0.17260998487472534, 0.6252856254577637, 0.1964300572872162], [0.3711710274219513, 0.06756264716386795, 0.685999870300293, 0.13325026631355286], [0.4738689064979553, 0.062075041234493256, 0.49111223220825195, 0.07399751991033554]], "num_detections": [100.0]}, "9": {"detection_scores": [0.826815664768219, 0.6482989192008972], "detection_classes": [1.0, 37.0], "detection_boxes": [[0.370282918214798, 0.0672239363193512, 0.6838338375091553, 0.13337156176567078], [0.5703673362731934, 0.190505713224411, 0.6160866618156433, 0.21690574288368225]], "num_detections": [100.0]}, "10": {"detection_scores": [0.7593624591827393, 0.5530312657356262], "detection_classes": [1.0, 37.0], "detection_boxes": [[0.36684492230415344, 0.0691869705915451, 0.6841964721679688, 0.1365678608417511], [0.5574474334716797, 0.21183276176452637, 0.6082645654678345, 0.23744425177574158]], "num_detections": [100.0]}, "11": {"detection_scores": [0.7976672053337097, 0.6676594614982605], "detection_classes": [1.0, 37.0], "detection_boxes": [[0.36405616998672485, 0.06947754323482513, 0.6773112416267395, 0.1365254819393158], [0.5455859899520874, 0.23164048790931702, 0.6005825400352478, 0.26019197702407837]], "num_detections": [100.0]}, "12": {"detection_scores": [0.8255022764205933, 0.7059600949287415], "detection_classes": [1.0, 37.0], "detection_boxes": [[0.3635970950126648, 0.06947817653417587, 0.6711534857749939, 0.1366511881351471], [0.5382680296897888, 0.25454580783843994, 0.5913332104682922, 0.2824135422706604]], "num_detections": [100.0]}, "13": {"detection_scores": [0.8575164079666138, 0.7613441348075867], "detection_classes": [1.0, 37.0], "detection_boxes": [[0.3627212345600128, 0.06883621215820312, 0.6694594025611877, 0.1385819911956787], [0.5281032919883728, 0.2777063846588135, 0.5819690823554993, 0.30597949028015137]], "num_detections": [100.0]}, "14": {"detection_scores": [0.8678027987480164, 0.8272902369499207, 0.1350087672472], "detection_classes": [1.0, 37.0, 37.0], "detection_boxes": [[0.36065492033958435, 0.06818658858537674, 0.6672112941741943, 0.1407873034477234], [0.5201284289360046, 0.30139413475990295, 0.5718252062797546, 0.33028867840766907], [0.4693397283554077, 0.08659988641738892, 0.49930331110954285, 0.10846444964408875]], "num_detections": [100.0]}, "15": {"detection_scores": [0.873903751373291, 0.4713139533996582], "detection_classes": [1.0, 37.0], "detection_boxes": [[0.3601112365722656, 0.06741754710674286, 0.6643692255020142, 0.1431591808795929], [0.5110171437263489, 0.32752254605293274, 0.5623347163200378, 0.35531190037727356]], "num_detections": [100.0]}, "16": {"detection_scores": [0.841876208782196, 0.42741432785987854], "detection_classes": [1.0, 37.0], "detection_boxes": [[0.3580838143825531, 0.06504474580287933, 0.663695752620697, 0.14487296342849731], [0.5012009143829346, 0.3538215756416321, 0.5547344088554382, 0.3833687901496887]], "num_detections": [100.0]}, "17": {"detection_scores": [0.8518842458724976, 0.6038784384727478, 0.11122168600559235], "detection_classes": [1.0, 37.0, 37.0], "detection_boxes": [[0.35785600543022156, 0.06265303492546082, 0.6651821136474609, 0.14890733361244202], [0.48976635932922363, 0.38103187084198, 0.5481258630752563, 0.4095644950866699], [0.47070640325546265, 0.08055457472801208, 0.4947928786277771, 0.09729908406734467]], "num_detections": [100.0]}, "18": {"detection_scores": [0.8466571569442749, 0.6020135283470154], "detection_classes": [1.0, 37.0], "detection_boxes": [[0.3553147315979004, 0.06322019547224045, 0.6678106188774109, 0.15067079663276672], [0.4820711016654968, 0.41020652651786804, 0.5322934985160828, 0.4374256432056427]], "num_detections": [100.0]}, "19": {"detection_scores": [0.8505949974060059, 0.606636106967926], "detection_classes": [1.0, 37.0], "detection_boxes": [[0.35282400250434875, 0.06201925873756409, 0.6710258722305298, 0.15177494287490845], [0.46932172775268555, 0.43845266103744507, 0.5229297876358032, 0.4647919535636902]], "num_detections": [100.0]}, "20": {"detection_scores": [0.8731260895729065, 0.816511332988739], "detection_classes": [1.0, 37.0],