{"0": {"detection_scores": [0.7740507125854492, 0.7440528869628906, 0.1586170196533203], "detection_classes": [1.0, 37.0, 37.0], "detection_boxes": [[0.3877527415752411, 0.043655455112457275, 0.6841084957122803, 0.10924355685710907], [0.6437790393829346, 0.05003247410058975, 0.6845275163650513, 0.07079479843378067], [0.5059888958930969, 0.043578095734119415, 0.5326437950134277, 0.05667281150817871]], "num_detections": [100.0]}, "1": {"detection_scores": [0.7599571943283081, 0.27708280086517334], "detection_classes": [1.0, 37.0], "detection_boxes": [[0.3902911841869354, 0.04358475282788277, 0.6907281279563904, 0.11029468476772308], [0.631609320640564, 0.05499661713838577, 0.6738547682762146, 0.07863151282072067]], "num_detections": [100.0]}, "2": {"detection_scores": [0.7729980945587158, 0.5141003727912903, 0.13975101709365845], "detection_classes": [1.0, 37.0, 37.0], "detection_boxes": [[0.38650622963905334, 0.04757134988903999, 0.6819571256637573, 0.1114034652709961], [0.6182878017425537, 0.06518135964870453, 0.6542179584503174, 0.08766692876815796], [0.49563494324684143, 0.0467257983982563, 0.5179734826087952, 0.05390283837914467]], "num_detections": [100.0]}, "3": {"detection_scores": [0.8234083652496338, 0.5360612273216248, 0.12349944561719894], "detection_classes": [1.0, 37.0, 37.0], "detection_boxes": [[0.383186936378479, 0.046323180198669434, 0.6856340765953064, 0.1133825033903122], [0.6029689311981201, 0.07396325469017029, 0.6414282917976379, 0.09649510681629181], [0.48803362250328064, 0.047964513301849365, 0.5212953090667725, 0.05507158488035202]], "num_detections": [100.0]}, "4": {"detection_scores": [0.8992628455162048, 0.6278479695320129, 0.1557706892490387], "detection_classes": [1.0, 37.0, 37.0], "detection_boxes": [[0.3819889724254608, 0.04986811429262161, 0.6848691701889038, 0.11503668874502182], [0.5864688158035278, 0.0850992500782013, 0.6287107467651367, 0.10671088099479675], [0.6280625462532043, 0.07718458026647568, 0.6576609015464783, 0.09195894747972488]], "num_detections": [100.0]}, "5": {"detection_scores": [0.8880292177200317, 0.8180454969406128, 0.20997491478919983], "detection_classes": [1.0, 37.0, 37.0], "detection_boxes": [[0.37878453731536865, 0.05128353089094162, 0.6852654814720154, 0.11544912308454514], [0.5692947506904602, 0.09336855262517929, 0.6161039471626282, 0.11666334420442581], [0.6147194504737854, 0.0854199156165123, 0.6492287516593933, 0.09814856201410294]], "num_detections": [100.0]}, "6": {"detection_scores": [0.8179671168327332, 0.7146931290626526], "detection_classes": [1.0, 37.0], "detection_boxes": [[0.3755687177181244, 0.05597055330872536, 0.6864817142486572, 0.11890290677547455], [0.5543590188026428, 0.10452872514724731, 0.599473774433136, 0.12756888568401337]], "num_detections": [100.0]}, "7": {"detection_scores": [0.8420690894126892, 0.6643202304840088, 0.14269259572029114], "detection_classes": [1.0, 37.0, 37.0], "detection_boxes": [[0.3706728219985962, 0.05656840652227402, 0.6851805448532104, 0.11924555152654648], [0.5362739562988281, 0.11771216988563538, 0.5852171778678894, 0.14063480496406555], [0.47918301820755005, 0.05148883908987045, 0.5015840530395508, 0.06377555429935455]], "num_detections": [100.0]}, "8": {"detection_scores": [0.817148745059967, 0.6588757038116455], "detection_classes": [1.0, 37.0], "detection_boxes": [[0.36887723207473755, 0.056970592588186264, 0.6825659871101379, 0.12063878774642944], [0.5203885436058044, 0.12779273092746735, 0.5714869499206543, 0.1524069458246231]], "num_detections": [100.0]}, "9": {"detection_scores": [0.8000643849372864, 0.5936886668205261, 0.11486618965864182, 0.10105716437101364], "detection_classes": [1.0, 37.0, 37.0, 37.0], "detection_boxes": [[0.3651774525642395, 0.05790477618575096, 0.6763415336608887, 0.12310883402824402], [0.5034762024879456, 0.1402467042207718, 0.5520992279052734, 0.1653866022825241], [0.4886191785335541, 0.10538274794816971, 0.5396644473075867, 0.11800340563058853], [0.47138649225234985, 0.07174291461706161, 0.49525001645088196, 0.08735210448503494]], "num_detections": [100.0]}, "10": {"detection_scores": [0.8259417414665222, 0.35412681102752686, 0.18871381878852844, 0.14427387714385986], "detection_classes": [1.0, 37.0, 37.0, 37.0], "detection_boxes": [[0.363727867603302, 0.06402386724948883, 0.6742688417434692, 0.12834914028644562], [0.4869695007801056, 0.15372467041015625, 0.5228156447410583, 0.1803438663482666], [0.4733786880970001, 0.05711624398827553, 0.4922279119491577, 0.06542006880044937], [0.4752078056335449, 0.07237468659877777, 0.4918070435523987, 0.08645318448543549]], "num_detections": [100.0]}, "11": {"detection_scores": [0.8544520139694214, 0.1448751986026764, 0.12485527247190475], "detection_classes": [1.0, 37.0, 37.0], "detection_boxes": [[0.36126795411109924, 0.0664219856262207, 0.6726926565170288, 0.13064958155155182], [0.4589017629623413, 0.05200832337141037, 0.4896841049194336, 0.06883998960256577], [0.4743514358997345, 0.07189293205738068, 0.49180924892425537, 0.08806756138801575]], "num_detections": [100.0]}, "12": {"detection_scores": [0.8619484305381775, 0.6018191576004028, 0.14506375789642334], "detection_classes": [1.0, 37.0, 37.0], "detection_boxes": [[0.35861891508102417, 0.07043606787919998, 0.6718425154685974, 0.13598191738128662], [0.44535136222839355, 0.18298612534999847, 0.4991539418697357, 0.21133320033550262], [0.4741221070289612, 0.0743054449558258, 0.49085772037506104, 0.08869551122188568]], "num_detections": [100.0]}, "13": {"detection_scores": [0.889854907989502, 0.6986644268035889], "detection_classes": [1.0, 37.0], "detection_boxes": [[0.35846656560897827, 0.07124672830104828, 0.672198474407196, 0.13757474720478058], [0.4274570345878601, 0.19927552342414856, 0.47934165596961975, 0.22794857621192932]], "num_detections": [100.0]}, "14": {"detection_scores": [0.8740869164466858, 0.799709677696228, 0.10517175495624542], "detection_classes": [1.0, 37.0, 37.0], "detection_boxes": [[0.35800737142562866, 0.07240961492061615, 0.6700289845466614, 0.13985709846019745], [0.40262097120285034, 0.2159917950630188, 0.4592162072658539, 0.24622130393981934], [0.4721423387527466, 0.08048772811889648, 0.49329978227615356, 0.09378029406070709]], "num_detections": [100.0]}, "15": {"detection_scores": [0.85887610912323, 0.5635780692100525, 0.10059886425733566], "detection_classes": [1.0, 37.0, 37.0], "detection_boxes": [[0.3546748757362366, 0.07201384007930756, 0.672995924949646, 0.1425565481185913], [0.38167086243629456, 0.23499509692192078, 0.43714889883995056, 0.2634080648422241], [0.4727385938167572, 0.06458952277898788, 0.490896999835968, 0.08113504201173782]], "num_detections": [100.0]}, "16": {"detection_scores": [0.8495893478393555, 0.8141372203826904, 0.10878654569387436], "detection_classes": [37.0, 1.0, 37.0], "detection_boxes": [[0.3584458827972412, 0.25396421551704407, 0.4151749610900879, 0.2855367362499237], [0.35345301032066345, 0.07649421691894531, 0.6748091578483582, 0.14478951692581177], [0.47360318899154663, 0.06801284849643707, 0.4897862672805786, 0.07946179807186127]], "num_detections": [100.0]}, "17": {"detection_scores": [0.8487111926078796, 0.5972641110420227], "detection_classes": [1.0, 37.0], "detection_boxes": [[0.3513643443584442, 0.0754181295633316, 0.6744218468666077, 0.14654794335365295], [0.33664605021476746, 0.2740653157234192, 0.3936300277709961, 0.3059912919998169]], "num_detections": [100.0]}, "18": {"detection_scores": [0.8714549541473389, 0.7662694454193115], "detection_classes": [1.0, 37.0], "detection_boxes": [[0.35198214650154114, 0.07676725089550018, 0.6724165081977844, 0.14875441789627075], [0.31132739782333374, 0.2955971956253052, 0.36993885040283203, 0.327675461769104]], "num_detections": [100.0]}, "19": {"detection_scores": [0.8527571558952332, 0.819855272769928, 0.1460762321949005], "detection_classes": [1.0, 37.0, 37.0],