{"0": {"detection_scores": [0.8739837408065796, 0.5369211435317993, 0.15599067509174347, 0.14541572332382202], "detection_classes": [1.0, 37.0, 37.0, 37.0], "detection_boxes": [[0.3802010416984558, 0.04900633171200752, 0.6897479295730591, 0.12725020945072174], [0.645143985748291, 0.0525352768599987, 0.6876435279846191, 0.07689070701599121], [0.4751903712749481, 0.053235508501529694, 0.4883507788181305, 0.06300293654203415], [0.5472131371498108, 0.1208815723657608, 0.5654446482658386, 0.12688331305980682]], "num_detections": [100.0]}, "1": {"detection_scores": [0.8977460265159607, 0.7193229794502258], "detection_classes": [1.0, 37.0], "detection_boxes": [[0.3779650926589966, 0.0501236617565155, 0.6818125247955322, 0.12645864486694336], [0.6451547145843506, 0.06603513658046722, 0.6877926588058472, 0.08826065063476562]], "num_detections": [100.0]}, "2": {"detection_scores": [0.8219326138496399, 0.6771418452262878], "detection_classes": [1.0, 37.0], "detection_boxes": [[0.37596651911735535, 0.05480508133769035, 0.6827197670936584, 0.12606564164161682], [0.6475365161895752, 0.07861167192459106, 0.6879573464393616, 0.10054293274879456]], "num_detections": [100.0]}, "3": {"detection_scores": [0.9046313166618347, 0.6331074833869934], "detection_classes": [1.0, 37.0], "detection_boxes": [[0.3712271451950073, 0.05496431142091751, 0.6895764470100403, 0.12579277157783508], [0.6470788717269897, 0.09358155727386475, 0.6894829869270325, 0.11580367386341095]], "num_detections": [100.0]}, "4": {"detection_scores": [0.8877269625663757, 0.5390927791595459], "detection_classes": [1.0, 37.0], "detection_boxes": [[0.3675418496131897, 0.05501125380396843, 0.6874586343765259, 0.12650887668132782], [0.6467300653457642, 0.10740140825510025, 0.6906285285949707, 0.13007137179374695]], "num_detections": [100.0]}, "5": {"detection_scores": [0.837128758430481, 0.5313499569892883], "detection_classes": [1.0, 37.0], "detection_boxes": [[0.36526915431022644, 0.05503518879413605, 0.6879092454910278, 0.12688809633255005], [0.6482595801353455, 0.12179195135831833, 0.6915087103843689, 0.1466919481754303]], "num_detections": [100.0]}, "6": {"detection_scores": [0.7572657465934753, 0.5439296960830688], "detection_classes": [1.0, 37.0], "detection_boxes": [[0.35772064328193665, 0.05554506555199623, 0.6848685145378113, 0.12694640457630157], [0.6466720700263977, 0.1380840688943863, 0.6932288408279419, 0.16280756890773773]], "num_detections": [100.0]}, "7": {"detection_scores": [0.8325587511062622, 0.7537131905555725, 0.12221920490264893], "detection_classes": [37.0, 1.0, 37.0], "detection_boxes": [[0.6489575505256653, 0.15633772313594818, 0.6949065923690796, 0.18094687163829803], [0.3560275137424469, 0.05548442155122757, 0.6844988465309143, 0.1290784776210785], [0.4036310613155365, 0.055447690188884735, 0.41912418603897095, 0.06274931877851486]], "num_detections": [100.0]}, "8": {"detection_scores": [0.8218722343444824, 0.6280584931373596, 0.1556137651205063], "detection_classes": [1.0, 37.0, 37.0], "detection_boxes": [[0.3512040078639984, 0.05536003038287163, 0.6888740062713623, 0.12854252755641937], [0.6485027074813843, 0.17361606657505035, 0.7006880044937134, 0.200083926320076], [0.39646703004837036, 0.055932387709617615, 0.41477325558662415, 0.06287293136119843]], "num_detections": [100.0]}, "9": {"detection_scores": [0.847159206867218, 0.8466059565544128], "detection_classes": [37.0, 1.0], "detection_boxes": [[0.650482714176178, 0.19452908635139465, 0.7034338712692261, 0.22057312726974487], [0.34668439626693726, 0.05685040354728699, 0.6883437633514404, 0.12742042541503906]], "num_detections": [100.0]}, "10": {"detection_scores": [0.8450579643249512, 0.732282280921936], "detection_classes": [1.0, 37.0], "detection_boxes": [[0.34362703561782837, 0.059761423617601395, 0.6877622604370117, 0.13006511330604553], [0.653834342956543, 0.21457786858081818, 0.7045220732688904, 0.24238474667072296]], "num_detections": [100.0]}, "11": {"detection_scores": [0.8257154822349548, 0.6195586919784546], "detection_classes": [1.0, 37.0], "detection_boxes": [[0.34505710005760193, 0.059858717024326324, 0.6848890781402588, 0.1302315890789032], [0.6566176414489746, 0.23639480769634247, 0.7059956789016724, 0.26573917269706726]], "num_detections": [100.0]}, "12": {"detection_scores": [0.7684411406517029, 0.4709334671497345], "detection_classes": [1.0, 37.0], "detection_boxes": [[0.342050701379776, 0.05941786617040634, 0.681993305683136, 0.13098305463790894], [0.6551280617713928, 0.25952115654945374, 0.7099117636680603, 0.28837040066719055]], "num_detections": [100.0]}, "13": {"detection_scores": [0.8371917605400085, 0.702807605266571], "detection_classes": [1.0, 37.0], "detection_boxes": [[0.3414578139781952, 0.05891703814268112, 0.6708672046661377, 0.13158780336380005], [0.6578006148338318, 0.2836664915084839, 0.7133908867835999, 0.31416797637939453]], "num_detections": [100.0]}, "14": {"detection_scores": [0.8585588932037354, 0.8468527793884277], "detection_classes": [1.0, 37.0], "detection_boxes": [[0.3391297459602356, 0.05957484990358353, 0.6707768440246582, 0.13156965374946594], [0.6603342294692993, 0.31037604808807373, 0.7166965007781982, 0.3417205810546875]], "num_detections": [100.0]}, "15": {"detection_scores": [0.8522986769676208, 0.7903468608856201], "detection_classes": [1.0, 37.0], "detection_boxes": [[0.3354225754737854, 0.06066770479083061, 0.6648080348968506, 0.13144579529762268], [0.6622522473335266, 0.33713290095329285, 0.7199805378913879, 0.3682827651500702]], "num_detections": [100.0]}, "16": {"detection_scores": [0.8598499298095703, 0.7922688722610474], "detection_classes": [1.0, 37.0], "detection_boxes": [[0.33455947041511536, 0.060534849762916565, 0.6620239019393921, 0.13460344076156616], [0.6638163924217224, 0.3643531799316406, 0.7251933813095093, 0.39799565076828003]], "num_detections": [100.0]}, "17": {"detection_scores": [0.8564273118972778, 0.5784330368041992], "detection_classes": [1.0, 37.0], "detection_boxes": [[0.33321526646614075, 0.05967318266630173, 0.6480051875114441, 0.13684514164924622], [0.6682136058807373, 0.3942565619945526, 0.7303990125656128, 0.4286685883998871]], "num_detections": [100.0]}, "18": {"detection_scores": [0.9068867564201355, 0.8454416990280151], "detection_classes": [1.0, 37.0], "detection_boxes": [[0.3310161232948303, 0.059333812445402145, 0.6426153779029846, 0.13893358409404755], [0.6715060472488403, 0.4246729910373688, 0.7338083386421204, 0.4595872461795807]], "num_detections": [100.0]}, "19": {"detection_scores": [0.8828417062759399, 0.7283611297607422], "detection_classes": [1.0, 37.0], "detection_boxes": [[0.32772356271743774, 0.05956157296895981, 0.6410390138626099, 0.1406351625919342], [0.6740198731422424, 0.45662522315979004, 0.7392486333847046, 0.49224722385406494]], "num_detections": [100.0]}, "20": {"detection_scores": [0.8088721632957458, 0.5540307760238647], "detection_classes": [1.0, 37.0], "detection_boxes": [[0.325215607881546, 0.05931580811738968, 0.630383312702179, 0.14163172245025635], [0.6781756281852722, 0.49079930782318115, 0.7433491945266724, 0.5263264179229736]], "num_detections": [100.0]}, "21": {"detection_scores": [0.8695878386497498, 0.649470329284668], "detection_classes": [1.0, 37.0], "detection_boxes": [[0.3224935233592987, 0.05846794694662094, 0.6279900074005127, 0.1423390507698059], [0.6826035976409912, 0.5237784385681152, 0.7463501691818237, 0.559335470199585]], "num_detections": [100.0]}, "22": {"detection_scores": [0.8681253790855408, 0.8211290240287781], "detection_classes": [1.0, 37.0], "detection_boxes": [[0.3196758031845093, 0.05754077807068825, 0.6335446238517761, 0.1431587189435959], [0.686596155166626, 0.5573075413703918, 0.7529296278953552, 0.5946938395500183]], "num_detections": [100.0]}, "23": {"detection_scores": [0.8733784556388855, 0.6797204613685608], "detection_classes": [1.0, 37.0],