{"0": {"detection_scores": [0.8088564276695251, 0.766664445400238, 0.13319024443626404, 0.10087378323078156], "detection_classes": [1.0, 37.0, 37.0, 37.0], "detection_boxes": [[0.3988424241542816, 0.04077121242880821, 0.6826922297477722, 0.1182309240102768], [0.6413134932518005, 0.04562273621559143, 0.6844257116317749, 0.06830892711877823], [0.5368388891220093, 0.11308122426271439, 0.554235577583313, 0.1180969700217247], [0.4773760437965393, 0.039095181971788406, 0.4976585805416107, 0.0503496415913105]], "num_detections": [100.0]}, "1": {"detection_scores": [0.8792222738265991, 0.5497416853904724, 0.16484427452087402], "detection_classes": [1.0, 37.0, 37.0], "detection_boxes": [[0.39564263820648193, 0.04433048516511917, 0.669913649559021, 0.11928959935903549], [0.6378531455993652, 0.05794679746031761, 0.6798579692840576, 0.08114086836576462], [0.4684079885482788, 0.0982721820473671, 0.5024539232254028, 0.10760272294282913]], "num_detections": [100.0]}, "2": {"detection_scores": [0.8884238600730896, 0.7803142070770264, 0.13259047269821167], "detection_classes": [1.0, 37.0, 37.0], "detection_boxes": [[0.3948345482349396, 0.04534164443612099, 0.6740761399269104, 0.11908063292503357], [0.6336243748664856, 0.07426120340824127, 0.6715176701545715, 0.09255580604076385], [0.4656423032283783, 0.09949035942554474, 0.5013626217842102, 0.10764487087726593]], "num_detections": [100.0]}, "3": {"detection_scores": [0.8731504678726196, 0.8343413472175598, 0.20511779189109802], "detection_classes": [37.0, 1.0, 37.0], "detection_boxes": [[0.6273709535598755, 0.08736828714609146, 0.6685340404510498, 0.10669552534818649], [0.3891088366508484, 0.0471721813082695, 0.6815477013587952, 0.12038395553827286], [0.466879278421402, 0.10045792907476425, 0.5022763609886169, 0.10925156623125076]], "num_detections": [100.0]}, "4": {"detection_scores": [0.8188641667366028, 0.6886546015739441], "detection_classes": [1.0, 37.0], "detection_boxes": [[0.3871441185474396, 0.047964394092559814, 0.682172954082489, 0.12093056738376617], [0.6201165914535522, 0.10167989134788513, 0.6625230312347412, 0.12336558103561401]], "num_detections": [100.0]}, "5": {"detection_scores": [0.8534079790115356, 0.8350784778594971, 0.10863230377435684], "detection_classes": [37.0, 1.0, 1.0], "detection_boxes": [[0.6139461994171143, 0.11665818095207214, 0.6590596437454224, 0.13908347487449646], [0.38308587670326233, 0.052951447665691376, 0.6840856671333313, 0.1226130947470665], [0.455929696559906, 0.10741126537322998, 0.5506936311721802, 0.12143400311470032]], "num_detections": [100.0]}, "6": {"detection_scores": [0.8452231884002686, 0.8242926597595215, 0.1016717255115509], "detection_classes": [1.0, 37.0, 1.0], "detection_boxes": [[0.37855762243270874, 0.05154116079211235, 0.6828285455703735, 0.12331539392471313], [0.607150137424469, 0.1330321580171585, 0.6510589718818665, 0.15597273409366608], [0.4910535216331482, 0.10975964367389679, 0.5406490564346313, 0.12048977613449097]], "num_detections": [100.0]}, "7": {"detection_scores": [0.9118779897689819, 0.6308221220970154], "detection_classes": [1.0, 37.0], "detection_boxes": [[0.37832292914390564, 0.051237985491752625, 0.681185245513916, 0.12447024881839752], [0.6024318337440491, 0.15027934312820435, 0.6458882689476013, 0.1726256012916565]], "num_detections": [100.0]}, "8": {"detection_scores": [0.8567298054695129, 0.5543855428695679], "detection_classes": [1.0, 37.0], "detection_boxes": [[0.3727801442146301, 0.05038386583328247, 0.6805334091186523, 0.12701918184757233], [0.5949551463127136, 0.16721391677856445, 0.6403840780258179, 0.19145601987838745]], "num_detections": [100.0]}, "9": {"detection_scores": [0.86577308177948, 0.7714254260063171], "detection_classes": [1.0, 37.0], "detection_boxes": [[0.3706335425376892, 0.05082831159234047, 0.6808552742004395, 0.126211017370224], [0.5908392071723938, 0.18570028245449066, 0.6347696185112, 0.21011044085025787]], "num_detections": [100.0]}, "10": {"detection_scores": [0.8628260493278503, 0.6301553249359131], "detection_classes": [1.0, 37.0], "detection_boxes": [[0.36675742268562317, 0.05091625452041626, 0.6754165291786194, 0.1274930089712143], [0.5822765827178955, 0.20528335869312286, 0.6296026706695557, 0.23081959784030914]], "num_detections": [100.0]}, "11": {"detection_scores": [0.8730007410049438, 0.8381396532058716], "detection_classes": [1.0, 37.0], "detection_boxes": [[0.3638010621070862, 0.05153669789433479, 0.6779393553733826, 0.1297788769006729], [0.5759267210960388, 0.2248130440711975, 0.6248534917831421, 0.2515064775943756]], "num_detections": [100.0]}, "12": {"detection_scores": [0.879946768283844, 0.640246570110321], "detection_classes": [1.0, 37.0], "detection_boxes": [[0.36360445618629456, 0.05173838138580322, 0.677766740322113, 0.12985175848007202], [0.569567084312439, 0.24473488330841064, 0.6194808483123779, 0.2734385132789612]], "num_detections": [100.0]}, "13": {"detection_scores": [0.8404964804649353, 0.5275459885597229], "detection_classes": [1.0, 37.0], "detection_boxes": [[0.36183416843414307, 0.05359921231865883, 0.6773279905319214, 0.13081830739974976], [0.5635690689086914, 0.2683294415473938, 0.6123561263084412, 0.29302823543548584]], "num_detections": [100.0]}, "14": {"detection_scores": [0.7932798862457275, 0.6345516443252563], "detection_classes": [1.0, 37.0], "detection_boxes": [[0.35753872990608215, 0.055044159293174744, 0.667576789855957, 0.13466589152812958], [0.5580523610115051, 0.2907920181751251, 0.611156165599823, 0.31584230065345764]], "num_detections": [100.0]}, "15": {"detection_scores": [0.8722028732299805, 0.31999489665031433], "detection_classes": [1.0, 37.0], "detection_boxes": [[0.3559080958366394, 0.05582500621676445, 0.6522959470748901, 0.13497255742549896], [0.5511088967323303, 0.3136308789253235, 0.601742684841156, 0.34053927659988403]], "num_detections": [100.0]}, "16": {"detection_scores": [0.8912091851234436, 0.4919910132884979], "detection_classes": [1.0, 37.0], "detection_boxes": [[0.3519480526447296, 0.05640300735831261, 0.6501628160476685, 0.1386110782623291], [0.5457808375358582, 0.3379836976528168, 0.5989206433296204, 0.3669984042644501]], "num_detections": [100.0]}, "17": {"detection_scores": [0.8668053150177002, 0.4832393527030945], "detection_classes": [1.0, 37.0], "detection_boxes": [[0.3513495922088623, 0.05745047703385353, 0.6470993161201477, 0.14024928212165833], [0.5493149161338806, 0.3634811341762543, 0.5910952687263489, 0.37942901253700256]], "num_detections": [100.0]}, "18": {"detection_scores": [0.8209782242774963, 0.7523079514503479], "detection_classes": [1.0, 37.0], "detection_boxes": [[0.3514130711555481, 0.05845458433032036, 0.6304681301116943, 0.14205105602741241], [0.5372371077537537, 0.3886326253414154, 0.5884958505630493, 0.4173699915409088]], "num_detections": [100.0]}, "19": {"detection_scores": [0.873570442199707, 0.6329580545425415], "detection_classes": [1.0, 37.0], "detection_boxes": [[0.3448448181152344, 0.060960352420806885, 0.6354483962059021, 0.14472194015979767], [0.5321573615074158, 0.4131721556186676, 0.584556519985199, 0.44369539618492126]], "num_detections": [100.0]}, "20": {"detection_scores": [0.9179204702377319, 0.6723819971084595], "detection_classes": [1.0, 37.0], "detection_boxes": [[0.3429511487483978, 0.0616510733962059, 0.6335356831550598, 0.14826875925064087], [0.5290833711624146, 0.44012001156806946, 0.5821496844291687, 0.47087934613227844]], "num_detections": [100.0]}, "21": {"detection_scores": [0.913498044013977, 0.6976214051246643], "detection_classes": [1.0, 37.0], "detection_boxes": [[0.34285518527030945, 0.06251835823059082, 0.6336093544960022, 0.1495649218559265], [0.5217819809913635, 0.46847397089004517, 0.5767576694488525, 0.4974784255027771]], "num_detections": [100.0]}, "22": {"detection_scores": [0.9019932150840759, 0.8073017001152039, 0.10049723833799362], "detection_classes": [1.0, 37.0, 37.0],