{"0": {"detection_scores": [0.8266129493713379, 0.6701548099517822, 0.1243082657456398], "detection_classes": [1.0, 37.0, 37.0], "detection_boxes": [[0.37800025939941406, 0.046810582280159, 0.6860613226890564, 0.11255098879337311], [0.6462228298187256, 0.048575274646282196, 0.6852409243583679, 0.06852651387453079], [0.5177189111709595, 0.046433284878730774, 0.5384597778320312, 0.05559743940830231]], "num_detections": [100.0]}, "1": {"detection_scores": [0.8344389200210571, 0.4533112347126007], "detection_classes": [1.0, 37.0], "detection_boxes": [[0.3727111220359802, 0.0472637414932251, 0.6832215189933777, 0.11428609490394592], [0.6378023028373718, 0.056466586887836456, 0.679033100605011, 0.0794588252902031]], "num_detections": [100.0]}, "2": {"detection_scores": [0.8501447439193726, 0.7358455061912537], "detection_classes": [1.0, 37.0], "detection_boxes": [[0.37022724747657776, 0.04894108325242996, 0.6691017746925354, 0.1159040704369545], [0.6301547288894653, 0.07018870860338211, 0.6679654121398926, 0.09039173275232315]], "num_detections": [100.0]}, "3": {"detection_scores": [0.8193807005882263, 0.6106253266334534], "detection_classes": [1.0, 37.0], "detection_boxes": [[0.36655092239379883, 0.050222113728523254, 0.689234733581543, 0.11702942848205566], [0.61817467212677, 0.08182583749294281, 0.658135175704956, 0.10310797393321991]], "num_detections": [100.0]}, "4": {"detection_scores": [0.8442280888557434, 0.8256750106811523, 0.139101043343544], "detection_classes": [1.0, 37.0, 37.0], "detection_boxes": [[0.3649674952030182, 0.056675612926483154, 0.6878024935722351, 0.11872275173664093], [0.6070824265480042, 0.09426409751176834, 0.6479730606079102, 0.11551573127508163], [0.48827752470970154, 0.05053054541349411, 0.5133987069129944, 0.06513842940330505]], "num_detections": [100.0]}, "5": {"detection_scores": [0.799375057220459, 0.6884778738021851, 0.20769357681274414], "detection_classes": [1.0, 37.0, 37.0], "detection_boxes": [[0.36220815777778625, 0.054620932787656784, 0.689378023147583, 0.12091316282749176], [0.5968913435935974, 0.10594603419303894, 0.6398581862449646, 0.12918409705162048], [0.48948365449905396, 0.051273100078105927, 0.5122544169425964, 0.06210867315530777]], "num_detections": [100.0]}, "6": {"detection_scores": [0.8700122237205505, 0.6499786972999573, 0.15599936246871948, 0.13568495213985443], "detection_classes": [1.0, 37.0, 37.0, 37.0], "detection_boxes": [[0.3581361472606659, 0.05585813522338867, 0.6798592209815979, 0.12212975323200226], [0.5825498104095459, 0.12036190181970596, 0.629879355430603, 0.14386779069900513], [0.4548484683036804, 0.054167985916137695, 0.4901435375213623, 0.06601402163505554], [0.4893079102039337, 0.05265705659985542, 0.5081443786621094, 0.060949940234422684]], "num_detections": [100.0]}, "7": {"detection_scores": [0.8845688700675964, 0.6542352437973022, 0.1685853749513626, 0.13327114284038544], "detection_classes": [1.0, 37.0, 37.0, 37.0], "detection_boxes": [[0.35406699776649475, 0.05581352114677429, 0.6844778060913086, 0.12314149737358093], [0.5717777609825134, 0.13504081964492798, 0.6184936165809631, 0.15852108597755432], [0.4560009837150574, 0.053717710077762604, 0.4884709119796753, 0.06501957029104233], [0.4896402359008789, 0.053002212196588516, 0.5034604668617249, 0.06076345965266228]], "num_detections": [100.0]}, "8": {"detection_scores": [0.868136465549469, 0.6265929937362671, 0.1780747026205063, 0.11717276275157928, 0.1001080647110939], "detection_classes": [1.0, 37.0, 37.0, 37.0, 37.0], "detection_boxes": [[0.35113030672073364, 0.05666281282901764, 0.6863018870353699, 0.12491989135742188], [0.5596112608909607, 0.1506836861371994, 0.6073670387268066, 0.17415328323841095], [0.4555675685405731, 0.05278656259179115, 0.4928506314754486, 0.064763143658638], [0.49664852023124695, 0.10594240576028824, 0.5350332856178284, 0.11769815534353256], [0.4574483633041382, 0.07394590228796005, 0.4925747513771057, 0.08514174073934555]], "num_detections": [100.0]}, "9": {"detection_scores": [0.828563928604126, 0.8278332948684692, 0.16084209084510803, 0.11217210441827774], "detection_classes": [37.0, 1.0, 37.0, 37.0], "detection_boxes": [[0.5485918521881104, 0.16604211926460266, 0.5975459218025208, 0.1897880733013153], [0.3499450385570526, 0.05708052217960358, 0.682490348815918, 0.12697750329971313], [0.4507177472114563, 0.059720031917095184, 0.4712812304496765, 0.06859410554170609], [0.45566853880882263, 0.07516621053218842, 0.48995500802993774, 0.08671718835830688]], "num_detections": [100.0]}, "10": {"detection_scores": [0.7938434481620789, 0.499388724565506, 0.17600122094154358, 0.14886032044887543, 0.1192552000284195], "detection_classes": [1.0, 37.0, 37.0, 37.0, 37.0], "detection_boxes": [[0.347537636756897, 0.05630955845117569, 0.681640088558197, 0.12857991456985474], [0.5357447266578674, 0.18174898624420166, 0.5873996615409851, 0.20810317993164062], [0.47094160318374634, 0.07575837522745132, 0.4927411377429962, 0.0863775685429573], [0.45392534136772156, 0.052360519766807556, 0.49106234312057495, 0.06675539910793304], [0.49717578291893005, 0.10844694823026657, 0.5324761867523193, 0.12005644291639328]], "num_detections": [100.0]}, "11": {"detection_scores": [0.837371289730072, 0.7608833312988281, 0.14472746849060059, 0.11803989112377167], "detection_classes": [37.0, 1.0, 37.0, 37.0], "detection_boxes": [[0.5231964588165283, 0.2007734328508377, 0.574881911277771, 0.22671417891979218], [0.3458389639854431, 0.060068920254707336, 0.6788332462310791, 0.1302224099636078], [0.4828948378562927, 0.05469553545117378, 0.5001692175865173, 0.06356912106275558], [0.4715039134025574, 0.07581228017807007, 0.49635931849479675, 0.08875089883804321]], "num_detections": [100.0]}, "12": {"detection_scores": [0.7748557329177856, 0.46507447957992554, 0.21352465450763702, 0.1879151612520218, 0.15935556590557098], "detection_classes": [1.0, 37.0, 37.0, 37.0, 37.0], "detection_boxes": [[0.34649598598480225, 0.05924653261899948, 0.6783872842788696, 0.13104993104934692], [0.5147042274475098, 0.22021189332008362, 0.5640255808830261, 0.24651768803596497], [0.4836885333061218, 0.0539601594209671, 0.4999336302280426, 0.06338226050138474], [0.4745204448699951, 0.07745623588562012, 0.4926949143409729, 0.08791670203208923], [0.45127302408218384, 0.05979606881737709, 0.47216784954071045, 0.06805289536714554]], "num_detections": [100.0]}, "13": {"detection_scores": [0.7464543581008911, 0.259431391954422, 0.11852922290563583], "detection_classes": [1.0, 37.0, 37.0], "detection_boxes": [[0.3474700152873993, 0.06185997650027275, 0.6763668656349182, 0.13126309216022491], [0.4818327724933624, 0.054390180855989456, 0.500952422618866, 0.06430462002754211], [0.45542773604393005, 0.07769998908042908, 0.4900886118412018, 0.09086877107620239]], "num_detections": [100.0]}, "14": {"detection_scores": [0.7580379843711853, 0.20724450051784515, 0.1928633600473404], "detection_classes": [1.0, 37.0, 37.0], "detection_boxes": [[0.34636563062667847, 0.0607423409819603, 0.6771402359008789, 0.13142573833465576], [0.4579668641090393, 0.08059190213680267, 0.4880102574825287, 0.0930977612733841], [0.48183199763298035, 0.055108390748500824, 0.5007908344268799, 0.06438129395246506]], "num_detections": [100.0]}, "15": {"detection_scores": [0.7730545401573181, 0.3538581132888794, 0.17720966041088104, 0.14348359405994415, 0.12951064109802246], "detection_classes": [1.0, 37.0, 1.0, 37.0, 37.0], "detection_boxes": [[0.34418344497680664, 0.060366272926330566, 0.668260931968689, 0.13303136825561523], [0.47557252645492554, 0.2800494432449341, 0.52530837059021, 0.30770450830459595], [0.5052568316459656, 0.2670939564704895, 0.5522596836090088, 0.29089975357055664], [0.4566195011138916, 0.08076466619968414, 0.4883973300457001, 0.09395265579223633], [0.48182305693626404, 0.054451096802949905, 0.499718576669693, 0.06365197151899338]], "num_detections": [100.0]},