{"0": {"detection_scores": [0.8637312650680542, 0.8189573287963867, 0.1203012466430664], "detection_classes": [1.0, 37.0, 37.0], "detection_boxes": [[0.3781879246234894, 0.05252451449632645, 0.6877934336662292, 0.10853482037782669], [0.6454665064811707, 0.049580320715904236, 0.6834853291511536, 0.06865361332893372], [0.501589834690094, 0.05434564873576164, 0.5258193612098694, 0.06475892663002014]], "num_detections": [100.0]}, "1": {"detection_scores": [0.8699938058853149, 0.17924608290195465, 0.10921639204025269], "detection_classes": [1.0, 37.0, 37.0], "detection_boxes": [[0.3757685422897339, 0.050299499183893204, 0.6884114742279053, 0.1107245534658432], [0.6317610144615173, 0.053293902426958084, 0.6733499765396118, 0.07445187121629715], [0.4982300400733948, 0.054813481867313385, 0.5277096629142761, 0.06596113741397858]], "num_detections": [100.0]}, "2": {"detection_scores": [0.8137248158454895, 0.3054769039154053, 0.18681558966636658], "detection_classes": [1.0, 37.0, 37.0], "detection_boxes": [[0.3724205195903778, 0.05503459274768829, 0.685565173625946, 0.11040247976779938], [0.6250830888748169, 0.058775730431079865, 0.6663053035736084, 0.08059486001729965], [0.49622392654418945, 0.05483667179942131, 0.517862856388092, 0.06574579328298569]], "num_detections": [100.0]}, "3": {"detection_scores": [0.7920475602149963, 0.6709649562835693, 0.21063894033432007, 0.13475191593170166], "detection_classes": [1.0, 37.0, 37.0, 37.0], "detection_boxes": [[0.3705417215824127, 0.055964745581150055, 0.6882039904594421, 0.11201537400484085], [0.6118160486221313, 0.06662598997354507, 0.6489253640174866, 0.0870322659611702], [0.49745428562164307, 0.0555587038397789, 0.5152437090873718, 0.06482478231191635], [0.6473217606544495, 0.0593542605638504, 0.6806768178939819, 0.07901427149772644]], "num_detections": [100.0]}, "4": {"detection_scores": [0.8136295676231384, 0.5780792236328125, 0.1187080666422844], "detection_classes": [1.0, 37.0, 37.0], "detection_boxes": [[0.37144735455513, 0.05690963566303253, 0.688323438167572, 0.11256073415279388], [0.5974452495574951, 0.07372458279132843, 0.6328511834144592, 0.09382016956806183], [0.4962867796421051, 0.05544472858309746, 0.5140655636787415, 0.0644475519657135]], "num_detections": [100.0]}, "5": {"detection_scores": [0.8490448594093323, 0.7899779677391052, 0.15409177541732788, 0.12200004607439041], "detection_classes": [37.0, 1.0, 37.0, 37.0], "detection_boxes": [[0.5833956599235535, 0.08120965212583542, 0.6240872740745544, 0.10151887685060501], [0.3688688576221466, 0.05762140452861786, 0.6863499879837036, 0.11239258944988251], [0.6290273666381836, 0.07436573505401611, 0.6667799353599548, 0.08881239593029022], [0.4970392882823944, 0.05660845339298248, 0.5120311975479126, 0.06454382836818695]], "num_detections": [100.0]}, "6": {"detection_scores": [0.8600372672080994, 0.7729747295379639, 0.12669657170772552], "detection_classes": [37.0, 1.0, 37.0], "detection_boxes": [[0.57002192735672, 0.0883752629160881, 0.6140462756156921, 0.10863757878541946], [0.36967161297798157, 0.0580921545624733, 0.6849811673164368, 0.11184524744749069], [0.4616810977458954, 0.10783405601978302, 0.48323559761047363, 0.114037424325943]], "num_detections": [100.0]}, "7": {"detection_scores": [0.8180031180381775, 0.7873188853263855], "detection_classes": [1.0, 37.0], "detection_boxes": [[0.3683393895626068, 0.06153284013271332, 0.6833637356758118, 0.11567898094654083], [0.5557537078857422, 0.09571972489356995, 0.6004067063331604, 0.11587278544902802]], "num_detections": [100.0]}, "8": {"detection_scores": [0.834839940071106, 0.5629026889801025, 0.10409213602542877], "detection_classes": [1.0, 37.0, 37.0], "detection_boxes": [[0.3660534918308258, 0.062211744487285614, 0.6849594712257385, 0.11837401241064072], [0.5421195030212402, 0.10121288895606995, 0.5900804996490479, 0.12432682514190674], [0.48707669973373413, 0.062254756689071655, 0.5114210844039917, 0.07462497055530548]], "num_detections": [100.0]}, "9": {"detection_scores": [0.7761538028717041, 0.5928357243537903], "detection_classes": [1.0, 37.0], "detection_boxes": [[0.3616899251937866, 0.06504998356103897, 0.6827212572097778, 0.11885779350996017], [0.5308918356895447, 0.10724938660860062, 0.5790572166442871, 0.1323091834783554]], "num_detections": [100.0]}, "10": {"detection_scores": [0.8012349009513855, 0.6352554559707642, 0.13042539358139038], "detection_classes": [1.0, 37.0, 37.0], "detection_boxes": [[0.3591778576374054, 0.06539688259363174, 0.6824928522109985, 0.1197780892252922], [0.515565812587738, 0.11880117654800415, 0.5633506774902344, 0.14279809594154358], [0.4890488088130951, 0.10473255068063736, 0.5217611193656921, 0.115946926176548]], "num_detections": [100.0]}, "11": {"detection_scores": [0.8509511947631836, 0.4205356538295746, 0.13498252630233765, 0.12347287684679031], "detection_classes": [1.0, 37.0, 37.0, 37.0], "detection_boxes": [[0.3578662872314453, 0.06917932629585266, 0.6815845966339111, 0.12179121375083923], [0.5013413429260254, 0.12655064463615417, 0.5470008254051208, 0.152349054813385], [0.4879195988178253, 0.10535600036382675, 0.5215437412261963, 0.11698760837316513], [0.4876970946788788, 0.06727577745914459, 0.5107112526893616, 0.08250394463539124]], "num_detections": [100.0]}, "12": {"detection_scores": [0.8499775528907776], "detection_classes": [1.0], "detection_boxes": [[0.3589765131473541, 0.07046076655387878, 0.6818390488624573, 0.12430468201637268]], "num_detections": [100.0]}, "13": {"detection_scores": [0.8363778591156006, 0.19915328919887543], "detection_classes": [1.0, 37.0], "detection_boxes": [[0.36012157797813416, 0.07179665565490723, 0.6800397634506226, 0.12586353719234467], [0.47090399265289307, 0.14589793980121613, 0.5129228234291077, 0.169155552983284]], "num_detections": [100.0]}, "14": {"detection_scores": [0.8087107539176941, 0.534244179725647], "detection_classes": [1.0, 37.0], "detection_boxes": [[0.3583272397518158, 0.07198997586965561, 0.6829388737678528, 0.12720711529254913], [0.45692750811576843, 0.15716394782066345, 0.5056828260421753, 0.18268856406211853]], "num_detections": [100.0]}, "15": {"detection_scores": [0.7437686324119568, 0.19225618243217468], "detection_classes": [1.0, 37.0], "detection_boxes": [[0.3565624952316284, 0.07587262243032455, 0.6869542598724365, 0.1300291121006012], [0.4372517764568329, 0.1675514429807663, 0.48516225814819336, 0.19474409520626068]], "num_detections": [100.0]}, "16": {"detection_scores": [0.8263774514198303, 0.5588589906692505], "detection_classes": [1.0, 37.0], "detection_boxes": [[0.3595563769340515, 0.0754120796918869, 0.6926017999649048, 0.13326457142829895], [0.4235428273677826, 0.1779624968767166, 0.47363024950027466, 0.20629914104938507]], "num_detections": [100.0]}, "17": {"detection_scores": [0.8227840065956116, 0.7821540236473083], "detection_classes": [1.0, 37.0], "detection_boxes": [[0.3602003753185272, 0.07746487855911255, 0.6929486989974976, 0.13437382876873016], [0.4055192470550537, 0.18995672464370728, 0.4597260057926178, 0.2189980447292328]], "num_detections": [100.0]}, "18": {"detection_scores": [0.8216316103935242, 0.8048269748687744], "detection_classes": [1.0, 37.0], "detection_boxes": [[0.358546644449234, 0.07934169471263885, 0.6965219378471375, 0.1355699747800827], [0.3899551331996918, 0.20263446867465973, 0.44275805354118347, 0.23192660510540009]], "num_detections": [100.0]}, "19": {"detection_scores": [0.7770981788635254, 0.7724348902702332], "detection_classes": [37.0, 1.0], "detection_boxes": [[0.3722853660583496, 0.21526610851287842, 0.4278329014778137, 0.2448987066745758], [0.3567310869693756, 0.08373621106147766, 0.6974475383758545, 0.1374792605638504]], "num_detections": [100.0]}, "20": {"detection_scores": [0.8339645266532898, 0.8109269738197327], "detection_classes": [1.0, 37.0], "detection_boxes": [[0.3579573631286621, 0.0835912674665451, 0.6958323121070862, 0.13854259252548218], [0.35670948028564453, 0.23011645674705505, 0.4135498106479645, 0.2584778964519501]],