{"0": {"detection_scores": [0.8347316980361938, 0.6754519939422607], "detection_classes": [1.0, 37.0], "detection_boxes": [[0.38438117504119873, 0.054651081562042236, 0.6864257454872131, 0.12160587310791016], [0.6457998156547546, 0.05004802718758583, 0.6855087280273438, 0.06981921195983887]], "num_detections": [100.0]}, "1": {"detection_scores": [0.8499827980995178, 0.29022592306137085], "detection_classes": [1.0, 37.0], "detection_boxes": [[0.3825973570346832, 0.05355001613497734, 0.6875422596931458, 0.12366798520088196], [0.6362279653549194, 0.05512932687997818, 0.6805071830749512, 0.07654713839292526]], "num_detections": [100.0]}, "2": {"detection_scores": [0.8365600109100342, 0.22369515895843506, 0.2003190964460373], "detection_classes": [1.0, 37.0, 37.0], "detection_boxes": [[0.3801620304584503, 0.05838163197040558, 0.6866721510887146, 0.12603279948234558], [0.6224181056022644, 0.06108817085623741, 0.6706458926200867, 0.08180437237024307], [0.4788616895675659, 0.056560710072517395, 0.5036275386810303, 0.06455887109041214]], "num_detections": [100.0]}, "3": {"detection_scores": [0.7902643084526062, 0.23190878331661224, 0.21622081100940704], "detection_classes": [1.0, 37.0, 37.0], "detection_boxes": [[0.3774709701538086, 0.05740000307559967, 0.6845739483833313, 0.12744159996509552], [0.48099732398986816, 0.05630594864487648, 0.4985124170780182, 0.06505750864744186], [0.6104647517204285, 0.0668942779302597, 0.6584582328796387, 0.08737973868846893]], "num_detections": [100.0]}, "4": {"detection_scores": [0.8757424354553223, 0.4258268177509308, 0.1869129240512848, 0.119614377617836], "detection_classes": [1.0, 37.0, 37.0, 37.0], "detection_boxes": [[0.3760417103767395, 0.061276085674762726, 0.6837212443351746, 0.13225364685058594], [0.5978435277938843, 0.07332143187522888, 0.637884259223938, 0.09417325258255005], [0.4771931767463684, 0.05982823669910431, 0.49117597937583923, 0.06925353407859802], [0.47323480248451233, 0.07245876640081406, 0.4943765103816986, 0.08653073757886887]], "num_detections": [100.0]}, "5": {"detection_scores": [0.8748064041137695, 0.48248523473739624, 0.10067745298147202], "detection_classes": [1.0, 37.0, 37.0], "detection_boxes": [[0.3715469539165497, 0.06266795098781586, 0.6857699155807495, 0.13445985317230225], [0.5836339592933655, 0.07923395931720734, 0.6239039897918701, 0.10268533229827881], [0.47577425837516785, 0.06022122874855995, 0.4921242594718933, 0.07274539023637772]], "num_detections": [100.0]}, "6": {"detection_scores": [0.8659186959266663, 0.5249565243721008, 0.14182963967323303], "detection_classes": [1.0, 37.0, 37.0], "detection_boxes": [[0.36746957898139954, 0.0628821924328804, 0.6857102513313293, 0.13424888253211975], [0.5712773203849792, 0.08740396052598953, 0.6113331317901611, 0.11054442077875137], [0.4752785861492157, 0.06198121979832649, 0.491466224193573, 0.0722137987613678]], "num_detections": [100.0]}, "7": {"detection_scores": [0.8935879468917847, 0.7506363391876221], "detection_classes": [1.0, 37.0], "detection_boxes": [[0.36801064014434814, 0.06425963342189789, 0.6843389868736267, 0.13350756466388702], [0.5548749566078186, 0.09604354947805405, 0.5995959639549255, 0.11881113797426224]], "num_detections": [100.0]}, "8": {"detection_scores": [0.8657991290092468, 0.6224918365478516], "detection_classes": [1.0, 37.0], "detection_boxes": [[0.3651057183742523, 0.06534986197948456, 0.6766281723976135, 0.13415919244289398], [0.5391184091567993, 0.10351276397705078, 0.5892285108566284, 0.12828093767166138]], "num_detections": [100.0]}, "9": {"detection_scores": [0.8521571159362793, 0.5885425806045532], "detection_classes": [1.0, 37.0], "detection_boxes": [[0.3601562976837158, 0.06461441516876221, 0.6797773241996765, 0.13608761131763458], [0.5248924493789673, 0.11158005893230438, 0.5733279585838318, 0.136966273188591]], "num_detections": [100.0]}, "10": {"detection_scores": [0.9060367345809937, 0.6687852144241333], "detection_classes": [1.0, 37.0], "detection_boxes": [[0.3558366596698761, 0.06792579591274261, 0.678649365901947, 0.14097274839878082], [0.5115466713905334, 0.12119930237531662, 0.5582147240638733, 0.14672896265983582]], "num_detections": [100.0]}, "11": {"detection_scores": [0.9037308692932129, 0.6381617188453674], "detection_classes": [1.0, 37.0], "detection_boxes": [[0.35202735662460327, 0.06907258927822113, 0.678321123123169, 0.14242593944072723], [0.49424588680267334, 0.13127796351909637, 0.5367881655693054, 0.15711458027362823]], "num_detections": [100.0]}, "12": {"detection_scores": [0.8659900426864624, 0.4139246940612793], "detection_classes": [1.0, 37.0], "detection_boxes": [[0.35201114416122437, 0.06820984929800034, 0.6750485897064209, 0.146170973777771], [0.4901527166366577, 0.14282581210136414, 0.5105997920036316, 0.1501295566558838]], "num_detections": [100.0]}, "13": {"detection_scores": [0.804280161857605, 0.4287775754928589], "detection_classes": [1.0, 37.0], "detection_boxes": [[0.3510652780532837, 0.06722677499055862, 0.6726540923118591, 0.14825332164764404], [0.45904093980789185, 0.1514258235692978, 0.5057140588760376, 0.180845245718956]], "num_detections": [100.0]}, "14": {"detection_scores": [0.8447788953781128, 0.3900178372859955], "detection_classes": [1.0, 37.0], "detection_boxes": [[0.35012078285217285, 0.07094971835613251, 0.6751774549484253, 0.15151934325695038], [0.4428056478500366, 0.1627144068479538, 0.495950311422348, 0.1934647411108017]], "num_detections": [100.0]}, "15": {"detection_scores": [0.8718010187149048, 0.6513712406158447, 0.12481237947940826], "detection_classes": [1.0, 37.0, 37.0], "detection_boxes": [[0.3485237658023834, 0.07067710161209106, 0.6631177067756653, 0.15797430276870728], [0.42121827602386475, 0.17649836838245392, 0.47681546211242676, 0.2068033069372177], [0.47613248229026794, 0.14674925804138184, 0.4948910176753998, 0.15614065527915955]], "num_detections": [100.0]}, "16": {"detection_scores": [0.8582714796066284, 0.787000298500061, 0.10860754549503326], "detection_classes": [37.0, 1.0, 37.0], "detection_boxes": [[0.4002256691455841, 0.18995901942253113, 0.4607319235801697, 0.22171998023986816], [0.3487773537635803, 0.07107985019683838, 0.6749839782714844, 0.1611652672290802], [0.4756387770175934, 0.14629320800304413, 0.4951145350933075, 0.15696333348751068]], "num_detections": [100.0]}, "17": {"detection_scores": [0.858300507068634, 0.7852545380592346], "detection_classes": [1.0, 37.0], "detection_boxes": [[0.34528854489326477, 0.07595482468605042, 0.6668843030929565, 0.16401119530200958], [0.3830429017543793, 0.20402254164218903, 0.4411691427230835, 0.23653574287891388]], "num_detections": [100.0]}, "18": {"detection_scores": [0.853118896484375, 0.5787321329116821], "detection_classes": [1.0, 37.0], "detection_boxes": [[0.3419906497001648, 0.07748260349035263, 0.6707043647766113, 0.16556811332702637], [0.36065879464149475, 0.21961644291877747, 0.42120999097824097, 0.2512992322444916]], "num_detections": [100.0]}, "19": {"detection_scores": [0.8594485521316528, 0.7454369068145752], "detection_classes": [1.0, 37.0], "detection_boxes": [[0.34236016869544983, 0.0762222558259964, 0.6684927940368652, 0.16793285310268402], [0.3390662372112274, 0.23572897911071777, 0.4009423553943634, 0.2696238160133362]], "num_detections": [100.0]}, "20": {"detection_scores": [0.8548458814620972, 0.654761016368866], "detection_classes": [1.0, 37.0], "detection_boxes": [[0.3404370844364166, 0.08148454874753952, 0.6692845821380615, 0.17206984758377075], [0.31492316722869873, 0.2517945468425751, 0.37929537892341614, 0.28872373700141907]], "num_detections": [100.0]}, "21": {"detection_scores": [0.9006845951080322, 0.646670401096344], "detection_classes": [1.0, 37.0], "detection_boxes": [[0.3391842544078827, 0.0821465477347374, 0.667707622051239, 0.1755240559577942], [0.2920248210430145, 0.2714316248893738, 0.3571147620677948, 0.30813533067703247]], "num_detections": [100.0]}, "22": {"detection_scores": [0.8687551617622375, 0.8411928415298462, 0.11987654864788055],