{"0": {"detection_scores": [0.8328337669372559, 0.7274372577667236, 0.1727607101202011], "detection_classes": [1.0, 37.0, 37.0], "detection_boxes": [[0.37728965282440186, 0.051409441977739334, 0.6845662593841553, 0.12326188385486603], [0.64322429895401, 0.04833957552909851, 0.6841651201248169, 0.07071004807949066], [0.5094239115715027, 0.050291649997234344, 0.5334420204162598, 0.06477490812540054]], "num_detections": [100.0]}, "1": {"detection_scores": [0.7903954982757568, 0.7613584399223328, 0.1537637859582901], "detection_classes": [37.0, 1.0, 37.0], "detection_boxes": [[0.6375243663787842, 0.06203851476311684, 0.6792091727256775, 0.08361753821372986], [0.3762165606021881, 0.05107754096388817, 0.6766631603240967, 0.12347811460494995], [0.650578498840332, 0.049137458205223083, 0.6660578846931458, 0.058629222214221954]], "num_detections": [100.0]}, "2": {"detection_scores": [0.8384107351303101, 0.380241334438324], "detection_classes": [1.0, 37.0], "detection_boxes": [[0.3742617666721344, 0.05359137803316116, 0.6674624681472778, 0.12405825406312943], [0.6354292035102844, 0.07679278403520584, 0.6721491813659668, 0.0958641991019249]], "num_detections": [100.0]}, "3": {"detection_scores": [0.8607492446899414, 0.8055049777030945], "detection_classes": [1.0, 37.0], "detection_boxes": [[0.37193652987480164, 0.05627608671784401, 0.6832078695297241, 0.1252662092447281], [0.6287590861320496, 0.08907368034124374, 0.668539822101593, 0.10912040621042252]], "num_detections": [100.0]}, "4": {"detection_scores": [0.8709172606468201, 0.7271996140480042], "detection_classes": [1.0, 37.0], "detection_boxes": [[0.37020909786224365, 0.0555153451859951, 0.68300861120224, 0.12634986639022827], [0.6210872530937195, 0.10335331410169601, 0.6622827649116516, 0.12356535345315933]], "num_detections": [100.0]}, "5": {"detection_scores": [0.8110858798027039, 0.7768162488937378], "detection_classes": [1.0, 37.0], "detection_boxes": [[0.3690691888332367, 0.056891780346632004, 0.6820073127746582, 0.1269238442182541], [0.6161706447601318, 0.1165301501750946, 0.6588881611824036, 0.1391417384147644]], "num_detections": [100.0]}, "6": {"detection_scores": [0.8426811695098877, 0.7514384388923645], "detection_classes": [1.0, 37.0], "detection_boxes": [[0.36309194564819336, 0.05789976939558983, 0.6784918904304504, 0.12600013613700867], [0.6114551424980164, 0.13068799674510956, 0.6514953970909119, 0.1550491601228714]], "num_detections": [100.0]}, "7": {"detection_scores": [0.8286111950874329, 0.6392325162887573, 0.1524329036474228, 0.10683345049619675], "detection_classes": [1.0, 37.0, 37.0, 37.0], "detection_boxes": [[0.36138543486595154, 0.0614435188472271, 0.6764070987701416, 0.12881405651569366], [0.6021554470062256, 0.14663107693195343, 0.6456134915351868, 0.17129658162593842], [0.4898270070552826, 0.0614594966173172, 0.5073283314704895, 0.07203702628612518], [0.6071308255195618, 0.09047067165374756, 0.6370915174484253, 0.09812286496162415]], "num_detections": [100.0]}, "8": {"detection_scores": [0.8463476896286011, 0.8143976926803589, 0.1460058093070984, 0.12462158501148224, 0.100313700735569], "detection_classes": [1.0, 37.0, 37.0, 37.0, 37.0], "detection_boxes": [[0.35921943187713623, 0.06207442283630371, 0.6752330660820007, 0.12887395918369293], [0.5971933007240295, 0.1643403321504593, 0.6407220363616943, 0.1880870908498764], [0.6135157942771912, 0.09444520622491837, 0.644379734992981, 0.10514112561941147], [0.4895537197589874, 0.06266722083091736, 0.5039262771606445, 0.0721450001001358], [0.4857621192932129, 0.11591177433729172, 0.5123756527900696, 0.12666547298431396]], "num_detections": [100.0]}, "9": {"detection_scores": [0.8773142695426941, 0.6573853492736816, 0.19790111482143402], "detection_classes": [1.0, 37.0, 37.0], "detection_boxes": [[0.3574255108833313, 0.06294228881597519, 0.6744831204414368, 0.13136446475982666], [0.5890861749649048, 0.18226544559001923, 0.635830819606781, 0.2055128961801529], [0.4788013696670532, 0.06238532066345215, 0.5019567608833313, 0.0714934915304184]], "num_detections": [100.0]}, "10": {"detection_scores": [0.8712015151977539, 0.8136505484580994, 0.20887747406959534], "detection_classes": [1.0, 37.0, 37.0], "detection_boxes": [[0.35518673062324524, 0.06438647210597992, 0.6752688884735107, 0.13302193582057953], [0.5799389481544495, 0.2005462497472763, 0.6281900405883789, 0.22435764968395233], [0.47891420125961304, 0.062215305864810944, 0.5000694394111633, 0.07128576189279556]], "num_detections": [100.0]}, "11": {"detection_scores": [0.8614163994789124, 0.8094657063484192, 0.24876409769058228], "detection_classes": [1.0, 37.0, 37.0], "detection_boxes": [[0.35332074761390686, 0.06526033580303192, 0.6743928790092468, 0.13239596784114838], [0.5747180581092834, 0.21922194957733154, 0.6247855424880981, 0.24466300010681152], [0.4815702736377716, 0.06283986568450928, 0.4996704161167145, 0.07112236320972443]], "num_detections": [100.0]}, "12": {"detection_scores": [0.8561348915100098, 0.7520842552185059, 0.21494132280349731], "detection_classes": [1.0, 37.0, 37.0], "detection_boxes": [[0.3520330786705017, 0.06630930304527283, 0.6746703386306763, 0.13253852725028992], [0.569242537021637, 0.2374459058046341, 0.617895781993866, 0.2657619118690491], [0.482502281665802, 0.06280164420604706, 0.4985889196395874, 0.07136456668376923]], "num_detections": [100.0]}, "13": {"detection_scores": [0.7923768162727356, 0.6131646037101746, 0.20656634867191315], "detection_classes": [1.0, 37.0, 37.0], "detection_boxes": [[0.35055863857269287, 0.06729516386985779, 0.6733282804489136, 0.13293251395225525], [0.5616702437400818, 0.25932130217552185, 0.6125152111053467, 0.2847677171230316], [0.4816977381706238, 0.0637199655175209, 0.49932223558425903, 0.07210782915353775]], "num_detections": [100.0]}, "14": {"detection_scores": [0.7250214219093323, 0.6974997520446777, 0.22264468669891357, 0.11219669878482819], "detection_classes": [1.0, 37.0, 37.0, 37.0], "detection_boxes": [[0.3457880914211273, 0.06581908464431763, 0.6676635146141052, 0.13515698909759521], [0.559317946434021, 0.2809757590293884, 0.6101540327072144, 0.3075094223022461], [0.4825415015220642, 0.06399501115083694, 0.4989687204360962, 0.07246900349855423], [0.4859703481197357, 0.11832161247730255, 0.513446033000946, 0.1282610148191452]], "num_detections": [100.0]}, "15": {"detection_scores": [0.7602888941764832, 0.6809164881706238, 0.22750884294509888, 0.11963116377592087], "detection_classes": [1.0, 37.0, 37.0, 37.0], "detection_boxes": [[0.34481462836265564, 0.06745117157697678, 0.6681668758392334, 0.13835933804512024], [0.5501795411109924, 0.301830530166626, 0.6032273173332214, 0.32990413904190063], [0.4820219874382019, 0.06463509798049927, 0.4986567199230194, 0.07291975617408752], [0.5915223956108093, 0.31047043204307556, 0.606914758682251, 0.32315245270729065]], "num_detections": [100.0]}, "16": {"detection_scores": [0.8175591230392456, 0.5609124898910522, 0.22521105408668518], "detection_classes": [1.0, 37.0, 37.0], "detection_boxes": [[0.3433157205581665, 0.06753158569335938, 0.6682599782943726, 0.13857240974903107], [0.5447126030921936, 0.32595914602279663, 0.5997844934463501, 0.3560976982116699], [0.4815939664840698, 0.06456315517425537, 0.4974779784679413, 0.07314066588878632]], "num_detections": [100.0]}, "17": {"detection_scores": [0.8020765781402588, 0.6205881237983704, 0.17208032310009003, 0.11897450685501099, 0.11078786104917526, 0.1041543111205101], "detection_classes": [1.0, 37.0, 37.0, 1.0, 37.0, 37.0],