{"0": {"detection_scores": [0.8710457682609558, 0.42071476578712463, 0.15808913111686707], "detection_classes": [1.0, 37.0, 37.0], "detection_boxes": [[0.36782070994377136, 0.04854818806052208, 0.6885485053062439, 0.11784768104553223], [0.6399404406547546, 0.0512433759868145, 0.6829889416694641, 0.072136290371418], [0.5201182961463928, 0.10135836154222488, 0.5420560836791992, 0.1109844520688057]], "num_detections": [100.0]}, "1": {"detection_scores": [0.825290322303772, 0.6312559843063354, 0.17316214740276337], "detection_classes": [1.0, 37.0, 37.0], "detection_boxes": [[0.3666718006134033, 0.04800977557897568, 0.6883494853973389, 0.11950547248125076], [0.6261090040206909, 0.059593457728624344, 0.6628350615501404, 0.07854436337947845], [0.5176275968551636, 0.1027618944644928, 0.5393350720405579, 0.11331495642662048]], "num_detections": [100.0]}, "2": {"detection_scores": [0.8061049580574036, 0.43088850378990173, 0.11794387549161911], "detection_classes": [1.0, 37.0, 37.0], "detection_boxes": [[0.3651980757713318, 0.05416947603225708, 0.6883990168571472, 0.1202479898929596], [0.6144484281539917, 0.06597809493541718, 0.6471169590950012, 0.08721923828125], [0.5183873176574707, 0.10589909553527832, 0.5370228886604309, 0.11463651061058044]], "num_detections": [100.0]}, "3": {"detection_scores": [0.8259088397026062, 0.5768511891365051], "detection_classes": [1.0, 37.0], "detection_boxes": [[0.36620044708251953, 0.053707998245954514, 0.6875013709068298, 0.12182658910751343], [0.6000909209251404, 0.07757381349802017, 0.6382501125335693, 0.09614104777574539]], "num_detections": [100.0]}, "4": {"detection_scores": [0.8673015236854553, 0.5962955951690674], "detection_classes": [1.0, 37.0], "detection_boxes": [[0.36522459983825684, 0.052947815507650375, 0.6883718371391296, 0.1224265843629837], [0.5847423076629639, 0.0836830586194992, 0.6285549402236938, 0.10480965673923492]], "num_detections": [100.0]}, "5": {"detection_scores": [0.8655208945274353, 0.6978233456611633, 0.17896758019924164], "detection_classes": [1.0, 37.0, 37.0], "detection_boxes": [[0.36574336886405945, 0.055061448365449905, 0.6855279207229614, 0.12427593767642975], [0.5729457139968872, 0.0929061621427536, 0.6140438318252563, 0.11393120884895325], [0.5079594254493713, 0.10641086101531982, 0.5319510102272034, 0.11764274537563324]], "num_detections": [100.0]}, "6": {"detection_scores": [0.8673843741416931, 0.45148414373397827], "detection_classes": [1.0, 37.0], "detection_boxes": [[0.3628426194190979, 0.0545317605137825, 0.6798658967018127, 0.12671536207199097], [0.5593956708908081, 0.1014273539185524, 0.600908637046814, 0.12263558059930801]], "num_detections": [100.0]}, "7": {"detection_scores": [0.8460083603858948, 0.49300289154052734], "detection_classes": [1.0, 37.0], "detection_boxes": [[0.359765887260437, 0.0553465373814106, 0.6826955676078796, 0.12737838923931122], [0.5474345088005066, 0.10970690846443176, 0.5896846055984497, 0.1327797919511795]], "num_detections": [100.0]}, "8": {"detection_scores": [0.8386290073394775, 0.47264981269836426], "detection_classes": [1.0, 37.0], "detection_boxes": [[0.35773903131484985, 0.05597837269306183, 0.6827499270439148, 0.12862586975097656], [0.5295779705047607, 0.12023653090000153, 0.573341429233551, 0.14338918030261993]], "num_detections": [100.0]}, "9": {"detection_scores": [0.8502181172370911, 0.5582259297370911, 0.10500659048557281], "detection_classes": [1.0, 37.0, 37.0], "detection_boxes": [[0.3560544550418854, 0.05711642652750015, 0.6817087531089783, 0.1334972083568573], [0.515317976474762, 0.13035540282726288, 0.5629855394363403, 0.15478597581386566], [0.4982360303401947, 0.11290564388036728, 0.5332818627357483, 0.12378672510385513]], "num_detections": [100.0]}, "10": {"detection_scores": [0.8752143979072571, 0.4426286220550537, 0.12182162702083588], "detection_classes": [1.0, 37.0, 37.0], "detection_boxes": [[0.35596176981925964, 0.06058026850223541, 0.6759763360023499, 0.13249753415584564], [0.49825429916381836, 0.14049343764781952, 0.542972207069397, 0.16654153168201447], [0.5026460289955139, 0.11345323175191879, 0.5291853547096252, 0.12412657588720322]], "num_detections": [100.0]}, "11": {"detection_scores": [0.8742775321006775, 0.10300465673208237], "detection_classes": [1.0, 37.0], "detection_boxes": [[0.3555324077606201, 0.059554845094680786, 0.6765615344047546, 0.1332607865333557], [0.4237224757671356, 0.06013396382331848, 0.4379965662956238, 0.06906303763389587]], "num_detections": [100.0]}, "12": {"detection_scores": [0.8585577607154846], "detection_classes": [1.0], "detection_boxes": [[0.3557896316051483, 0.06185295432806015, 0.6764225363731384, 0.1338420808315277]], "num_detections": [100.0]}, "13": {"detection_scores": [0.8685550689697266, 0.1196606233716011], "detection_classes": [1.0, 37.0], "detection_boxes": [[0.3546338379383087, 0.061950135976076126, 0.678840160369873, 0.13470424711704254], [0.5004183053970337, 0.11772432178258896, 0.5304927825927734, 0.1289552003145218]], "num_detections": [100.0]}, "14": {"detection_scores": [0.8723941445350647, 0.6813566088676453], "detection_classes": [1.0, 37.0], "detection_boxes": [[0.35718050599098206, 0.062650665640831, 0.6793771386146545, 0.1352447271347046], [0.4382430911064148, 0.18930096924304962, 0.48670947551727295, 0.2143448442220688]], "num_detections": [100.0]}, "15": {"detection_scores": [0.8542824983596802, 0.7967038750648499], "detection_classes": [37.0, 1.0], "detection_boxes": [[0.4223116338253021, 0.2010851949453354, 0.4730972647666931, 0.22823379933834076], [0.3572363257408142, 0.06409355252981186, 0.6828121542930603, 0.1363144814968109]], "num_detections": [100.0]}, "16": {"detection_scores": [0.7348414659500122, 0.7222015261650085], "detection_classes": [1.0, 37.0], "detection_boxes": [[0.3533913195133209, 0.06841455399990082, 0.689325749874115, 0.13739244639873505], [0.40640246868133545, 0.21405264735221863, 0.4569033980369568, 0.2424589991569519]], "num_detections": [100.0]}, "17": {"detection_scores": [0.803568959236145, 0.4448080360889435], "detection_classes": [1.0, 37.0], "detection_boxes": [[0.35664576292037964, 0.06828866899013519, 0.6963449120521545, 0.13876141607761383], [0.39039114117622375, 0.2294113039970398, 0.4403301179409027, 0.256313681602478]], "num_detections": [100.0]}, "18": {"detection_scores": [0.8290241956710815, 0.6686484813690186], "detection_classes": [1.0, 37.0], "detection_boxes": [[0.35575562715530396, 0.06982230395078659, 0.70013028383255, 0.14187824726104736], [0.3748438060283661, 0.24251925945281982, 0.4236101806163788, 0.2703017592430115]], "num_detections": [100.0]}, "19": {"detection_scores": [0.7975617051124573, 0.7380881309509277], "detection_classes": [1.0, 37.0], "detection_boxes": [[0.3550359606742859, 0.0691087543964386, 0.6996767520904541, 0.14437679946422577], [0.35563206672668457, 0.2580789029598236, 0.40842270851135254, 0.2869056761264801]], "num_detections": [100.0]}, "20": {"detection_scores": [0.7973604798316956, 0.6371511220932007], "detection_classes": [1.0, 37.0], "detection_boxes": [[0.35594069957733154, 0.07442943751811981, 0.7011454701423645, 0.14728111028671265], [0.33896806836128235, 0.2736377418041229, 0.392440527677536, 0.30280324816703796]], "num_detections": [100.0]}, "21": {"detection_scores": [0.8304087519645691, 0.4790145456790924], "detection_classes": [1.0, 37.0], "detection_boxes": [[0.3570670485496521, 0.07452227920293808, 0.6998888850212097, 0.14947524666786194], [0.32040077447891235, 0.2891945242881775, 0.375538170337677, 0.31950950622558594]], "num_detections": [100.0]}, "22": {"detection_scores": [0.822003185749054, 0.7635510563850403], "detection_classes": [1.0, 37.0], "detection_boxes": [[0.35832104086875916, 0.07664313912391663, 0.7007395625114441, 0.15208983421325684], [0.3028858006000519, 0.30617791414260864, 0.3599317967891693, 0.33631187677383423]], "num_detections": [100.0]}, "23": {"detection_scores": [0.8455384373664856, 0.8205670118331909, 0.17881958186626434],