{"0": {"detection_scores": [0.7661088109016418, 0.546503484249115], "detection_classes": [1.0, 37.0], "detection_boxes": [[0.3832705318927765, 0.04463312774896622, 0.687162458896637, 0.10917434841394424], [0.6431075930595398, 0.05308843031525612, 0.6823780536651611, 0.07377896457910538]], "num_detections": [100.0]}, "1": {"detection_scores": [0.7733670473098755, 0.6032859683036804, 0.20807471871376038], "detection_classes": [1.0, 37.0, 1.0], "detection_boxes": [[0.3783125579357147, 0.048119716346263885, 0.6793386936187744, 0.11086254566907883], [0.6332710385322571, 0.06090613082051277, 0.6705891489982605, 0.08094984292984009], [0.4531463086605072, 0.09749495983123779, 0.5453514456748962, 0.11117777228355408]], "num_detections": [100.0]}, "2": {"detection_scores": [0.7922465801239014, 0.592383086681366, 0.11434867978096008], "detection_classes": [1.0, 37.0, 1.0], "detection_boxes": [[0.3724910020828247, 0.04791337251663208, 0.6845061779022217, 0.11145952343940735], [0.6194959282875061, 0.06924010813236237, 0.6564121842384338, 0.08909238874912262], [0.4488643407821655, 0.0967705026268959, 0.5466768145561218, 0.1112607941031456]], "num_detections": [100.0]}, "3": {"detection_scores": [0.8124479055404663, 0.49030977487564087], "detection_classes": [1.0, 37.0], "detection_boxes": [[0.3697408139705658, 0.051369696855545044, 0.6855069994926453, 0.11149504780769348], [0.6054380536079407, 0.07842148840427399, 0.6477915644645691, 0.0979524701833725]], "num_detections": [100.0]}, "4": {"detection_scores": [0.8163834810256958, 0.7052581906318665], "detection_classes": [1.0, 37.0], "detection_boxes": [[0.36791715025901794, 0.05216248705983162, 0.6859308481216431, 0.11460927128791809], [0.5932562351226807, 0.08773735165596008, 0.6358637809753418, 0.10867863893508911]], "num_detections": [100.0]}, "5": {"detection_scores": [0.7738491892814636, 0.5838032364845276], "detection_classes": [1.0, 37.0], "detection_boxes": [[0.36712026596069336, 0.05356607586145401, 0.6850460767745972, 0.11531370133161545], [0.5774886608123779, 0.09587176144123077, 0.6274385452270508, 0.11920703947544098]], "num_detections": [100.0]}, "6": {"detection_scores": [0.7407058477401733, 0.6793314814567566], "detection_classes": [37.0, 1.0], "detection_boxes": [[0.5636866688728333, 0.10579036921262741, 0.6121954321861267, 0.13024087250232697], [0.36072686314582825, 0.05610177665948868, 0.6826146245002747, 0.11816822737455368]], "num_detections": [100.0]}, "7": {"detection_scores": [0.7551412582397461, 0.7433391809463501], "detection_classes": [1.0, 37.0], "detection_boxes": [[0.3572668433189392, 0.05614688992500305, 0.6827864050865173, 0.11781713366508484], [0.5512679219245911, 0.11858684569597244, 0.6010384559631348, 0.14186334609985352]], "num_detections": [100.0]}, "8": {"detection_scores": [0.8348200917243958, 0.7414040565490723], "detection_classes": [1.0, 37.0], "detection_boxes": [[0.350571870803833, 0.056622691452503204, 0.6797159314155579, 0.11809393018484116], [0.5332115292549133, 0.1285683661699295, 0.5836309790611267, 0.1546628624200821]], "num_detections": [100.0]}, "9": {"detection_scores": [0.8820485472679138, 0.7900839447975159], "detection_classes": [1.0, 37.0], "detection_boxes": [[0.3501054048538208, 0.05830994248390198, 0.6803604364395142, 0.11943463981151581], [0.5167456269264221, 0.1423867791891098, 0.5692694783210754, 0.16715164482593536]], "num_detections": [100.0]}, "10": {"detection_scores": [0.8314976096153259, 0.24872763454914093], "detection_classes": [1.0, 37.0], "detection_boxes": [[0.34873607754707336, 0.05836350470781326, 0.6785845160484314, 0.12016201764345169], [0.4979792535305023, 0.1541043519973755, 0.5529313087463379, 0.18025285005569458]], "num_detections": [100.0]}, "11": {"detection_scores": [0.7666803002357483], "detection_classes": [1.0], "detection_boxes": [[0.3447468876838684, 0.059048864990472794, 0.6805474162101746, 0.12478141486644745]], "num_detections": [100.0]}, "12": {"detection_scores": [0.7522817254066467, 0.2473808079957962], "detection_classes": [1.0, 37.0], "detection_boxes": [[0.34140053391456604, 0.060432303696870804, 0.6717564463615417, 0.1297668218612671], [0.4674423038959503, 0.18592098355293274, 0.5132425427436829, 0.21358144283294678]], "num_detections": [100.0]}, "13": {"detection_scores": [0.8147269487380981, 0.5842220783233643], "detection_classes": [1.0, 37.0], "detection_boxes": [[0.3411136865615845, 0.06023172289133072, 0.6704645752906799, 0.13018497824668884], [0.4471438527107239, 0.20135580003261566, 0.5025914311408997, 0.23098035156726837]], "num_detections": [100.0]}, "14": {"detection_scores": [0.8749474883079529, 0.5221419334411621], "detection_classes": [1.0, 37.0], "detection_boxes": [[0.3380213677883148, 0.06011061370372772, 0.6632869243621826, 0.13267134130001068], [0.4275239109992981, 0.21997906267642975, 0.48091474175453186, 0.2473226636648178]], "num_detections": [100.0]}, "15": {"detection_scores": [0.8623286485671997, 0.6698678135871887], "detection_classes": [1.0, 37.0], "detection_boxes": [[0.33569836616516113, 0.06104844808578491, 0.6658795475959778, 0.13205759227275848], [0.40399664640426636, 0.2389889806509018, 0.46187838912010193, 0.26961854100227356]], "num_detections": [100.0]}, "16": {"detection_scores": [0.8421803116798401, 0.8194765448570251], "detection_classes": [37.0, 1.0], "detection_boxes": [[0.38253700733184814, 0.2593866288661957, 0.4418759346008301, 0.29255005717277527], [0.33472588658332825, 0.060775525867938995, 0.6595879793167114, 0.13420328497886658]], "num_detections": [100.0]}, "17": {"detection_scores": [0.7992379665374756, 0.7594311833381653], "detection_classes": [1.0, 37.0], "detection_boxes": [[0.33315813541412354, 0.061280954629182816, 0.6506706476211548, 0.13737334311008453], [0.35676777362823486, 0.2808670401573181, 0.4211970865726471, 0.31523597240448]], "num_detections": [100.0]}, "18": {"detection_scores": [0.8604305982589722, 0.6711528897285461], "detection_classes": [1.0, 37.0], "detection_boxes": [[0.33004918694496155, 0.060086820274591446, 0.6518173217773438, 0.1400301456451416], [0.33314040303230286, 0.30438968539237976, 0.39947229623794556, 0.33967921137809753]], "num_detections": [100.0]}, "19": {"detection_scores": [0.8974198698997498, 0.8041058778762817], "detection_classes": [1.0, 37.0], "detection_boxes": [[0.32894930243492126, 0.05894431099295616, 0.647617757320404, 0.1390804946422577], [0.30664578080177307, 0.32929080724716187, 0.37549710273742676, 0.3658694624900818]], "num_detections": [100.0]}, "20": {"detection_scores": [0.8846979737281799, 0.5728429555892944], "detection_classes": [1.0, 37.0], "detection_boxes": [[0.3276195526123047, 0.05766746774315834, 0.6454479098320007, 0.14119574427604675], [0.28165096044540405, 0.35638895630836487, 0.351318895816803, 0.39439406991004944]], "num_detections": [100.0]}, "21": {"detection_scores": [0.8962409496307373, 0.6506885886192322], "detection_classes": [1.0, 37.0], "detection_boxes": [[0.3219113349914551, 0.05580144748091698, 0.6448969841003418, 0.14120905101299286], [0.2540895938873291, 0.3845357894897461, 0.3250112235546112, 0.42439109086990356]], "num_detections": [100.0]}, "22": {"detection_scores": [0.8506363034248352, 0.5890319347381592], "detection_classes": [1.0, 37.0], "detection_boxes": [[0.31978392601013184, 0.055181924253702164, 0.6483136415481567, 0.14325062930583954], [0.22675810754299164, 0.4155021011829376, 0.29877495765686035, 0.45486387610435486]], "num_detections": [100.0]}, "23": {"detection_scores": [0.8624427318572998, 0.5943654179573059], "detection_classes": [1.0, 37.0], "detection_boxes": [[0.3184851408004761, 0.054449114948511124, 0.6499136686325073, 0.14355042576789856], [0.19713625311851501, 0.4469527006149292, 0.2721157968044281, 0.4876675605773926]], "num_detections": [100.0]}, "24": {"detection_scores": [0.8944875597953796, 0.7466038465499878], "detection_classes": [1.0, 37.0],