{"0": {"detection_scores": [0.8156700134277344, 0.4704364240169525], "detection_classes": [1.0, 37.0], "detection_boxes": [[0.4640688896179199, 0.05558861792087555, 0.7625088095664978, 0.11951440572738647], [0.7237209677696228, 0.05613918602466583, 0.7636530995368958, 0.07824033498764038]], "num_detections": [100.0]}, "1": {"detection_scores": [0.8411471247673035, 0.206143319606781], "detection_classes": [1.0, 37.0], "detection_boxes": [[0.46400657296180725, 0.05539005249738693, 0.7638872861862183, 0.12126030772924423], [0.7205837965011597, 0.06333806365728378, 0.7599495649337769, 0.08839958161115646]], "num_detections": [100.0]}, "2": {"detection_scores": [0.8371509313583374, 0.288822740316391], "detection_classes": [1.0, 37.0], "detection_boxes": [[0.46081775426864624, 0.055762551724910736, 0.7557336688041687, 0.12151473015546799], [0.7129733562469482, 0.07379788160324097, 0.7524853944778442, 0.09542021155357361]], "num_detections": [100.0]}, "3": {"detection_scores": [0.8491759300231934, 0.5945173501968384], "detection_classes": [1.0, 37.0], "detection_boxes": [[0.4591839611530304, 0.0564638152718544, 0.7564732432365417, 0.12289061397314072], [0.7042185068130493, 0.08387249708175659, 0.7429255843162537, 0.10518865287303925]], "num_detections": [100.0]}, "4": {"detection_scores": [0.882554292678833, 0.8284167647361755], "detection_classes": [37.0, 1.0], "detection_boxes": [[0.6974506378173828, 0.09496313333511353, 0.7394332885742188, 0.11620199680328369], [0.456464946269989, 0.0567212849855423, 0.7615682482719421, 0.1239422857761383]], "num_detections": [100.0]}, "5": {"detection_scores": [0.8661983609199524, 0.6410366892814636], "detection_classes": [1.0, 37.0], "detection_boxes": [[0.4543634355068207, 0.05597406253218651, 0.7629714012145996, 0.12628239393234253], [0.6880279183387756, 0.10466961562633514, 0.7330058217048645, 0.12773731350898743]], "num_detections": [100.0]}, "6": {"detection_scores": [0.8821002840995789, 0.8099337816238403], "detection_classes": [1.0, 37.0], "detection_boxes": [[0.45279085636138916, 0.05718370899558067, 0.7610652446746826, 0.1267973929643631], [0.6809768676757812, 0.11666715145111084, 0.7251678705215454, 0.13967561721801758]], "num_detections": [100.0]}, "7": {"detection_scores": [0.8408394455909729, 0.45332348346710205], "detection_classes": [1.0, 37.0], "detection_boxes": [[0.4499570429325104, 0.057996053248643875, 0.7604079246520996, 0.12714114785194397], [0.6716102957725525, 0.12879163026809692, 0.718277096748352, 0.15206679701805115]], "num_detections": [100.0]}, "8": {"detection_scores": [0.8616669774055481, 0.7483072876930237], "detection_classes": [1.0, 37.0], "detection_boxes": [[0.4478567838668823, 0.06101355329155922, 0.7595832943916321, 0.12924624979496002], [0.662936806678772, 0.1427769660949707, 0.7090802788734436, 0.16560488939285278]], "num_detections": [100.0]}, "9": {"detection_scores": [0.8874757289886475, 0.8119157552719116], "detection_classes": [1.0, 37.0], "detection_boxes": [[0.4441189467906952, 0.06155672296881676, 0.761553943157196, 0.1292814463376999], [0.6549630761146545, 0.155148446559906, 0.7022131085395813, 0.17953619360923767]], "num_detections": [100.0]}, "10": {"detection_scores": [0.8700762391090393, 0.5700439810752869], "detection_classes": [1.0, 37.0], "detection_boxes": [[0.4422554075717926, 0.06022392958402634, 0.7673851251602173, 0.13045966625213623], [0.6453774571418762, 0.16797611117362976, 0.6949178576469421, 0.19420674443244934]], "num_detections": [100.0]}, "11": {"detection_scores": [0.8876832723617554, 0.7022581100463867], "detection_classes": [1.0, 37.0], "detection_boxes": [[0.44055452942848206, 0.06098570302128792, 0.7690265774726868, 0.13141758739948273], [0.6374117136001587, 0.1827368587255478, 0.6893647313117981, 0.209309920668602]], "num_detections": [100.0]}, "12": {"detection_scores": [0.8667479753494263, 0.5996919274330139], "detection_classes": [1.0, 37.0], "detection_boxes": [[0.44029152393341064, 0.06181016564369202, 0.7748769521713257, 0.13273659348487854], [0.629359245300293, 0.19818048179149628, 0.6773600578308105, 0.2250167578458786]], "num_detections": [100.0]}, "13": {"detection_scores": [0.8536084890365601, 0.7843478322029114], "detection_classes": [1.0, 37.0], "detection_boxes": [[0.4407540559768677, 0.06289692223072052, 0.7708566188812256, 0.1346692591905594], [0.6166556477546692, 0.21458590030670166, 0.6700401306152344, 0.24171391129493713]], "num_detections": [100.0]}, "14": {"detection_scores": [0.8535630106925964, 0.750990092754364, 0.11298757791519165], "detection_classes": [1.0, 37.0, 37.0], "detection_boxes": [[0.4403134286403656, 0.06310400366783142, 0.7689313292503357, 0.1357712298631668], [0.6062031388282776, 0.2315281629562378, 0.6598163843154907, 0.25946757197380066], [0.5380451083183289, 0.06426037847995758, 0.572213888168335, 0.07222211360931396]], "num_detections": [100.0]}, "15": {"detection_scores": [0.8021442294120789, 0.4789252281188965], "detection_classes": [1.0, 37.0], "detection_boxes": [[0.4398661255836487, 0.06333045661449432, 0.7702087163925171, 0.13738304376602173], [0.5984141826629639, 0.24996808171272278, 0.6508017778396606, 0.2786564528942108]], "num_detections": [100.0]}, "16": {"detection_scores": [0.8681547045707703, 0.5868445038795471, 0.19541214406490326, 0.14149323105812073, 0.10808918625116348], "detection_classes": [1.0, 37.0, 37.0, 1.0, 37.0], "detection_boxes": [[0.4363629221916199, 0.06695602089166641, 0.7746229767799377, 0.1394784152507782], [0.588149905204773, 0.26727592945098877, 0.6420019268989563, 0.2989232540130615], [0.6027011871337891, 0.2972239851951599, 0.624379575252533, 0.3079327940940857], [0.5880259871482849, 0.293695330619812, 0.6220014691352844, 0.3066226840019226], [0.5402407646179199, 0.06417885422706604, 0.5710259079933167, 0.07335704565048218]], "num_detections": [100.0]}, "17": {"detection_scores": [0.8750573992729187, 0.3761899173259735, 0.10190693289041519], "detection_classes": [1.0, 37.0, 37.0], "detection_boxes": [[0.4366726577281952, 0.0682942271232605, 0.7766608595848083, 0.1400696039199829], [0.5772544145584106, 0.2867688238620758, 0.6318045258522034, 0.31813880801200867], [0.5406926870346069, 0.06369169056415558, 0.5715203285217285, 0.0728684663772583]], "num_detections": [100.0]}, "18": {"detection_scores": [0.8888952732086182, 0.29922235012054443, 0.10335473716259003], "detection_classes": [1.0, 37.0, 1.0], "detection_boxes": [[0.4370369613170624, 0.06804142892360687, 0.7752455472946167, 0.1429573893547058], [0.5679923892021179, 0.30871760845184326, 0.6199465394020081, 0.33804839849472046], [0.5768288373947144, 0.282888799905777, 0.6239160299301147, 0.30598416924476624]], "num_detections": [100.0]}, "19": {"detection_scores": [0.8504495620727539, 0.3815513551235199], "detection_classes": [1.0, 37.0], "detection_boxes": [[0.43411195278167725, 0.06935755163431168, 0.7767080664634705, 0.1448267698287964], [0.5548980832099915, 0.32977500557899475, 0.6144973635673523, 0.36091575026512146]], "num_detections": [100.0]}, "20": {"detection_scores": [0.8296148180961609, 0.7214779257774353], "detection_classes": [1.0, 37.0], "detection_boxes": [[0.43491506576538086, 0.07281830161809921, 0.7757267355918884, 0.14869317412376404], [0.5437136888504028, 0.35263127088546753, 0.6015554070472717, 0.38406747579574585]], "num_detections": [100.0]}, "21": {"detection_scores": [0.8734241127967834, 0.666985809803009, 0.10481944680213928], "detection_classes": [1.0, 37.0, 37.0], "detection_boxes": [[0.4375858008861542, 0.0735303983092308, 0.7726764678955078, 0.14957547187805176], [0.5336384177207947, 0.37584951519966125, 0.5919407606124878, 0.4075615704059601], [0.5862377882003784, 0.07233252376317978, 0.603322446346283, 0.08108127862215042]], "num_detections": [100.0]}, "22": {"detection_scores": [0.8739012479782104, 0.5664503574371338], "detection_classes": [1.0, 37.0],