{"0": {"detection_scores": [0.8372983336448669, 0.42709487676620483, 0.18302197754383087], "detection_classes": [1.0, 37.0, 37.0], "detection_boxes": [[0.37216565012931824, 0.04956723377108574, 0.6857930421829224, 0.10983778536319733], [0.6420431733131409, 0.05114584416151047, 0.685418426990509, 0.07651259750127792], [0.5341076850891113, 0.10044119507074356, 0.5529503226280212, 0.10791712254285812]], "num_detections": [100.0]}, "1": {"detection_scores": [0.7487181425094604, 0.47406819462776184, 0.13698361814022064, 0.105564184486866], "detection_classes": [1.0, 37.0, 37.0, 1.0], "detection_boxes": [[0.36760205030441284, 0.04966510087251663, 0.6834931373596191, 0.11013144999742508], [0.638358473777771, 0.06540150940418243, 0.6745095252990723, 0.08421462774276733], [0.5377225875854492, 0.10072091221809387, 0.5555737614631653, 0.10819627344608307], [0.5124716758728027, 0.09952089190483093, 0.5490927696228027, 0.10889121890068054]], "num_detections": [100.0]}, "2": {"detection_scores": [0.879534900188446, 0.8224899768829346], "detection_classes": [37.0, 1.0], "detection_boxes": [[0.6310485601425171, 0.07803347706794739, 0.6661005616188049, 0.09731687605381012], [0.3655621409416199, 0.04884648695588112, 0.675042986869812, 0.1123574823141098]], "num_detections": [100.0]}, "3": {"detection_scores": [0.7944093346595764, 0.5593396425247192], "detection_classes": [1.0, 37.0], "detection_boxes": [[0.3651849031448364, 0.04973932355642319, 0.6864445209503174, 0.11412391811609268], [0.6189237833023071, 0.08868767321109772, 0.66245037317276, 0.11165940761566162]], "num_detections": [100.0]}, "4": {"detection_scores": [0.8219192624092102, 0.8057742714881897], "detection_classes": [37.0, 1.0], "detection_boxes": [[0.6122851967811584, 0.10272162407636642, 0.6572630405426025, 0.1249336376786232], [0.35818397998809814, 0.04960038140416145, 0.6846558451652527, 0.1155364066362381]], "num_detections": [100.0]}, "5": {"detection_scores": [0.8482579588890076, 0.584595799446106, 0.1707526594400406], "detection_classes": [1.0, 37.0, 37.0], "detection_boxes": [[0.3581657409667969, 0.04998128116130829, 0.6809976696968079, 0.11646300554275513], [0.6051187515258789, 0.11472731083631516, 0.6474276781082153, 0.1390676349401474], [0.6123199462890625, 0.08727964013814926, 0.6442573070526123, 0.09744279831647873]], "num_detections": [100.0]}, "6": {"detection_scores": [0.82993483543396, 0.780807375907898], "detection_classes": [37.0, 1.0], "detection_boxes": [[0.5963199138641357, 0.12992756068706512, 0.6405921578407288, 0.1533636599779129], [0.35384970903396606, 0.05178460106253624, 0.685967206954956, 0.11723068356513977]], "num_detections": [100.0]}, "7": {"detection_scores": [0.7649573087692261, 0.38403013348579407, 0.2840089499950409, 0.11256912350654602], "detection_classes": [1.0, 37.0, 37.0, 37.0], "detection_boxes": [[0.3510628044605255, 0.056243252009153366, 0.6862828731536865, 0.11840389668941498], [0.5884420275688171, 0.14446887373924255, 0.6314939856529236, 0.16873514652252197], [0.597736120223999, 0.09626344591379166, 0.6356567740440369, 0.11264970153570175], [0.5000239610671997, 0.05187128484249115, 0.5250123143196106, 0.06100425869226456]], "num_detections": [100.0]}, "8": {"detection_scores": [0.827596127986908, 0.6123266220092773, 0.14749109745025635, 0.13307704031467438], "detection_classes": [1.0, 37.0, 37.0, 37.0], "detection_boxes": [[0.34961605072021484, 0.05554324388504028, 0.6837117075920105, 0.12028777599334717], [0.5781430006027222, 0.1595412641763687, 0.6274604797363281, 0.1848638504743576], [0.5052221417427063, 0.10662804543972015, 0.5318192839622498, 0.11658337712287903], [0.5908014178276062, 0.09992243349552155, 0.6331604719161987, 0.11641563475131989]], "num_detections": [100.0]}, "9": {"detection_scores": [0.8393385410308838, 0.6708300113677979, 0.17496617138385773, 0.16940760612487793, 0.14950641989707947], "detection_classes": [1.0, 37.0, 37.0, 37.0, 37.0], "detection_boxes": [[0.34640246629714966, 0.05644525587558746, 0.6848405599594116, 0.12282370030879974], [0.5715821385383606, 0.1757330298423767, 0.6172381043434143, 0.20132821798324585], [0.5029164552688599, 0.10889169573783875, 0.5281368494033813, 0.11871874332427979], [0.48947903513908386, 0.05329432338476181, 0.5159049034118652, 0.06355147063732147], [0.5835573673248291, 0.10582383722066879, 0.6214941740036011, 0.12048869580030441]], "num_detections": [100.0]}, "10": {"detection_scores": [0.839224100112915, 0.7999151945114136], "detection_classes": [37.0, 1.0], "detection_boxes": [[0.5616212487220764, 0.19294022023677826, 0.6115750074386597, 0.21869729459285736], [0.346699059009552, 0.05688346177339554, 0.6825876235961914, 0.12756001949310303]], "num_detections": [100.0]}, "11": {"detection_scores": [0.8243650794029236, 0.8022283315658569], "detection_classes": [1.0, 37.0], "detection_boxes": [[0.34489214420318604, 0.05772613734006882, 0.6809818744659424, 0.1333281695842743], [0.5536069869995117, 0.21107180416584015, 0.6019735932350159, 0.23523838818073273]], "num_detections": [100.0]}, "12": {"detection_scores": [0.8342500925064087, 0.6090201139450073], "detection_classes": [1.0, 37.0], "detection_boxes": [[0.3440415561199188, 0.05766994506120682, 0.6819191575050354, 0.13871881365776062], [0.545187771320343, 0.2290620505809784, 0.5956862568855286, 0.25381237268447876]], "num_detections": [100.0]}, "13": {"detection_scores": [0.822437047958374, 0.7979332208633423], "detection_classes": [1.0, 37.0], "detection_boxes": [[0.34236520528793335, 0.0585617758333683, 0.6831255555152893, 0.13953310251235962], [0.5360232591629028, 0.24612371623516083, 0.589062511920929, 0.27317744493484497]], "num_detections": [100.0]}, "14": {"detection_scores": [0.8823162913322449, 0.6957522034645081], "detection_classes": [1.0, 37.0], "detection_boxes": [[0.34344184398651123, 0.06202073022723198, 0.6832712888717651, 0.14954055845737457], [0.5289520025253296, 0.26716819405555725, 0.5812146067619324, 0.29222372174263]], "num_detections": [100.0]}, "15": {"detection_scores": [0.8424997925758362, 0.8276418447494507], "detection_classes": [37.0, 1.0], "detection_boxes": [[0.5204561352729797, 0.286247193813324, 0.5741992592811584, 0.3140595555305481], [0.34216007590293884, 0.06352289021015167, 0.6822955012321472, 0.15087531507015228]], "num_detections": [100.0]}, "16": {"detection_scores": [0.8671380877494812, 0.5201441049575806], "detection_classes": [1.0, 37.0], "detection_boxes": [[0.3349871337413788, 0.06620420515537262, 0.6772794127464294, 0.15720902383327484], [0.5147022604942322, 0.3076994717121124, 0.5650342106819153, 0.33442971110343933]], "num_detections": [100.0]}, "17": {"detection_scores": [0.8761204481124878, 0.5530771613121033], "detection_classes": [1.0, 37.0], "detection_boxes": [[0.33563798666000366, 0.0665396898984909, 0.6767986416816711, 0.1580083817243576], [0.5063010454177856, 0.3292396366596222, 0.5568777918815613, 0.35607442259788513]], "num_detections": [100.0]}, "18": {"detection_scores": [0.8485479950904846, 0.3283664882183075], "detection_classes": [1.0, 37.0], "detection_boxes": [[0.3376467525959015, 0.06570543348789215, 0.6757837533950806, 0.16345682740211487], [0.49547135829925537, 0.3499779999256134, 0.5495378375053406, 0.3792443573474884]], "num_detections": [100.0]}, "19": {"detection_scores": [0.8097232580184937, 0.7237412333488464], "detection_classes": [1.0, 37.0], "detection_boxes": [[0.3416935205459595, 0.06585085391998291, 0.6813236474990845, 0.1643247902393341], [0.48998069763183594, 0.3727589547634125, 0.5428273677825928, 0.4014035761356354]], "num_detections": [100.0]}, "20": {"detection_scores": [0.8835862278938293, 0.7462264895439148], "detection_classes": [1.0, 37.0], "detection_boxes": [[0.3399547040462494, 0.06917408853769302, 0.6846190094947815, 0.17160069942474365], [0.4808973968029022, 0.3958522379398346, 0.5311340093612671, 0.4246284067630768]], "num_detections": [100.0]}, "21": {"detection_scores": [0.8827499747276306, 0.7995200753211975],