{"0": {"detection_scores": [0.8045566082000732, 0.5458492040634155, 0.13548998534679413], "detection_classes": [1.0, 37.0, 37.0], "detection_boxes": [[0.4618138372898102, 0.05299997329711914, 0.7633785605430603, 0.1578763723373413], [0.7246968150138855, 0.05411427840590477, 0.7619433403015137, 0.07384096086025238], [0.577127993106842, 0.14373822510242462, 0.6079069972038269, 0.15777938067913055]], "num_detections": [100.0]}, "1": {"detection_scores": [0.8174896836280823, 0.5942329168319702, 0.11455586552619934], "detection_classes": [1.0, 37.0, 37.0], "detection_boxes": [[0.460595965385437, 0.05711200088262558, 0.7642738819122314, 0.15360957384109497], [0.7194949984550476, 0.061425380408763885, 0.7556169629096985, 0.08132127672433853], [0.726939857006073, 0.08722780644893646, 0.7515566945075989, 0.09811444580554962]], "num_detections": [100.0]}, "2": {"detection_scores": [0.8316822052001953, 0.47708389163017273, 0.10180246084928513], "detection_classes": [1.0, 37.0, 1.0], "detection_boxes": [[0.45957085490226746, 0.06111179664731026, 0.7664244771003723, 0.15201960504055023], [0.7072288990020752, 0.0734192281961441, 0.7439184784889221, 0.09182517230510712], [0.5606685876846313, 0.1336148977279663, 0.6155821084976196, 0.15463075041770935]], "num_detections": [100.0]}, "3": {"detection_scores": [0.8523375988006592, 0.4232299029827118, 0.1359671950340271], "detection_classes": [1.0, 37.0, 1.0], "detection_boxes": [[0.45974016189575195, 0.06624703109264374, 0.7659984827041626, 0.14789439737796783], [0.701335608959198, 0.08628977835178375, 0.7350947260856628, 0.1021866500377655], [0.5799981355667114, 0.13792799413204193, 0.6200218796730042, 0.1497044414281845]], "num_detections": [100.0]}, "4": {"detection_scores": [0.8336272239685059, 0.7855390906333923, 0.16380515694618225], "detection_classes": [1.0, 37.0, 1.0], "detection_boxes": [[0.4580836892127991, 0.06960269808769226, 0.767818033695221, 0.1457604616880417], [0.6881641149520874, 0.09463130682706833, 0.7313129901885986, 0.11715034395456314], [0.563404381275177, 0.1296720802783966, 0.6176263689994812, 0.1469675600528717]], "num_detections": [100.0]}, "5": {"detection_scores": [0.8573117852210999, 0.6695556044578552, 0.10975205898284912], "detection_classes": [1.0, 37.0, 1.0], "detection_boxes": [[0.45830512046813965, 0.06936992704868317, 0.7674837112426758, 0.14516127109527588], [0.681705117225647, 0.1076335459947586, 0.7243229746818542, 0.12876707315444946], [0.5282827019691467, 0.12515105307102203, 0.6189571022987366, 0.14474155008792877]], "num_detections": [100.0]}, "6": {"detection_scores": [0.8936887979507446, 0.6500385403633118], "detection_classes": [1.0, 37.0], "detection_boxes": [[0.453744113445282, 0.07054130733013153, 0.7634667754173279, 0.14078070223331451], [0.6710611581802368, 0.11771179735660553, 0.7153048515319824, 0.14080889523029327]], "num_detections": [100.0]}, "7": {"detection_scores": [0.8276404142379761, 0.5587937235832214, 0.21288418769836426, 0.13616134226322174], "detection_classes": [1.0, 37.0, 37.0, 1.0], "detection_boxes": [[0.4516826868057251, 0.07053583115339279, 0.7664740681648254, 0.1367236077785492], [0.658050537109375, 0.1312636137008667, 0.7056937217712402, 0.1543644368648529], [0.5905686616897583, 0.12618310749530792, 0.6177735924720764, 0.13368628919124603], [0.5309169888496399, 0.12273452430963516, 0.6183670163154602, 0.13502828776836395]], "num_detections": [100.0]}, "8": {"detection_scores": [0.8415571451187134, 0.5749684572219849], "detection_classes": [1.0, 37.0], "detection_boxes": [[0.4518544375896454, 0.06691478192806244, 0.7623097896575928, 0.13401104509830475], [0.6492792963981628, 0.14425505697727203, 0.6957746744155884, 0.16891519725322723]], "num_detections": [100.0]}, "9": {"detection_scores": [0.8537637591362, 0.5709097981452942], "detection_classes": [1.0, 37.0], "detection_boxes": [[0.4506889879703522, 0.06596896797418594, 0.7655122876167297, 0.1325036883354187], [0.6395589709281921, 0.1595587134361267, 0.6859848499298096, 0.18353739380836487]], "num_detections": [100.0]}, "10": {"detection_scores": [0.827008843421936, 0.6218463778495789], "detection_classes": [1.0, 37.0], "detection_boxes": [[0.44875067472457886, 0.06560947000980377, 0.7689515352249146, 0.1317710429430008], [0.6296905875205994, 0.17360424995422363, 0.675389289855957, 0.19769221544265747]], "num_detections": [100.0]}, "11": {"detection_scores": [0.8147324919700623, 0.5706658959388733], "detection_classes": [1.0, 37.0], "detection_boxes": [[0.44921353459358215, 0.062414947897195816, 0.7762500047683716, 0.13162076473236084], [0.6177931427955627, 0.18978045880794525, 0.665083646774292, 0.21472735702991486]], "num_detections": [100.0]}, "12": {"detection_scores": [0.7961040139198303, 0.5462337732315063], "detection_classes": [1.0, 37.0], "detection_boxes": [[0.44566261768341064, 0.061149753630161285, 0.7720319032669067, 0.13038474321365356], [0.6053631901741028, 0.20577006042003632, 0.6551640033721924, 0.23124180734157562]], "num_detections": [100.0]}, "13": {"detection_scores": [0.7916677594184875, 0.6854361891746521], "detection_classes": [1.0, 37.0], "detection_boxes": [[0.4455312192440033, 0.062011558562517166, 0.7714896202087402, 0.12924499809741974], [0.5937944054603577, 0.22230419516563416, 0.6440996527671814, 0.2482258379459381]], "num_detections": [100.0]}, "14": {"detection_scores": [0.7562114000320435], "detection_classes": [1.0], "detection_boxes": [[0.4478070139884949, 0.05982249602675438, 0.7778202295303345, 0.13001751899719238]], "num_detections": [100.0]}, "15": {"detection_scores": [0.7497225403785706], "detection_classes": [1.0], "detection_boxes": [[0.44842708110809326, 0.05900108441710472, 0.7771840691566467, 0.1307757943868637]], "num_detections": [100.0]}, "16": {"detection_scores": [0.7419160008430481], "detection_classes": [1.0], "detection_boxes": [[0.44350969791412354, 0.05537538602948189, 0.774768590927124, 0.12962013483047485]], "num_detections": [100.0]}, "17": {"detection_scores": [0.7501917481422424, 0.2521696984767914], "detection_classes": [1.0, 37.0], "detection_boxes": [[0.44804647564888, 0.0552692674100399, 0.7775848507881165, 0.1299109309911728], [0.5478476881980896, 0.2958446443080902, 0.5985411405563354, 0.3239130675792694]], "num_detections": [100.0]}, "18": {"detection_scores": [0.7624034881591797, 0.6555347442626953], "detection_classes": [1.0, 37.0], "detection_boxes": [[0.4448891282081604, 0.05785888805985451, 0.7721586227416992, 0.1321767121553421], [0.5363129377365112, 0.3166760206222534, 0.5879256129264832, 0.3435261845588684]], "num_detections": [100.0]}, "19": {"detection_scores": [0.7612571120262146, 0.5650287866592407], "detection_classes": [1.0, 37.0], "detection_boxes": [[0.44764193892478943, 0.05594190955162048, 0.7780426740646362, 0.13389852643013], [0.5220659375190735, 0.33690282702445984, 0.5757239460945129, 0.3650453984737396]], "num_detections": [100.0]}, "20": {"detection_scores": [0.7893138527870178, 0.5542339086532593], "detection_classes": [1.0, 37.0], "detection_boxes": [[0.4440717101097107, 0.056088391691446304, 0.7735022902488708, 0.134057879447937], [0.512509286403656, 0.3603176176548004, 0.5615327954292297, 0.386869341135025]], "num_detections": [100.0]}, "21": {"detection_scores": [0.8154455423355103, 0.7866495251655579], "detection_classes": [1.0, 37.0], "detection_boxes": [[0.4438231289386749, 0.05540678650140762, 0.7741234302520752, 0.13493111729621887], [0.5005651116371155, 0.38089850544929504, 0.5530626773834229, 0.4109014570713043]], "num_detections": [100.0]}, "22": {"detection_scores": [0.8416095972061157, 0.8165287971496582], "detection_classes": [37.0, 1.0], "detection_boxes": [[0.48762047290802, 0.4039525091648102, 0.5431274175643921, 0.43365028500556946], [0.4437529742717743, 0.05553489923477173, 0.7742714881896973, 0.13690926134586334]], "num_detections": [100.0]}, "23": {"detection_scores": [0.8620539903640747, 0.8186386823654175], "detection_classes": [1.0, 37.0],