{"0": {"detection_scores": [0.8672640323638916, 0.6554755568504333], "detection_classes": [1.0, 37.0], "detection_boxes": [[0.3755916655063629, 0.04821445420384407, 0.6897943019866943, 0.1168661117553711], [0.6460738778114319, 0.0495302751660347, 0.6867179870605469, 0.0698140487074852]], "num_detections": [100.0]}, "1": {"detection_scores": [0.8369419574737549, 0.7817516326904297], "detection_classes": [1.0, 37.0], "detection_boxes": [[0.37495100498199463, 0.0494922436773777, 0.6897588968276978, 0.11869585514068604], [0.6476998925209045, 0.06265522539615631, 0.6820888519287109, 0.08163073658943176]], "num_detections": [100.0]}, "2": {"detection_scores": [0.7824596166610718, 0.4778429865837097], "detection_classes": [1.0, 37.0], "detection_boxes": [[0.37382346391677856, 0.05319500342011452, 0.6834721565246582, 0.120660200715065], [0.6397799849510193, 0.0737437754869461, 0.67579185962677, 0.09649409353733063]], "num_detections": [100.0]}, "3": {"detection_scores": [0.8725679516792297, 0.6863751411437988, 0.16268806159496307], "detection_classes": [1.0, 37.0, 37.0], "detection_boxes": [[0.3726065158843994, 0.053925756365060806, 0.6876285076141357, 0.12219695746898651], [0.6327361464500427, 0.08724479377269745, 0.6746070384979248, 0.10834731161594391], [0.5015685558319092, 0.1079501062631607, 0.5325485467910767, 0.11668823659420013]], "num_detections": [100.0]}, "4": {"detection_scores": [0.8793531656265259, 0.8183190822601318], "detection_classes": [1.0, 37.0], "detection_boxes": [[0.37117353081703186, 0.05524761229753494, 0.6843308210372925, 0.1239015981554985], [0.6288951635360718, 0.10110075771808624, 0.6704185009002686, 0.1229119747877121]], "num_detections": [100.0]}, "5": {"detection_scores": [0.8461883664131165, 0.8221123814582825, 0.13594390451908112], "detection_classes": [37.0, 1.0, 37.0], "detection_boxes": [[0.6227525472640991, 0.1161046102643013, 0.6672947406768799, 0.13822104036808014], [0.36878225207328796, 0.05706639960408211, 0.684668242931366, 0.12725849449634552], [0.4912685453891754, 0.055613238364458084, 0.5033237338066101, 0.06210623309016228]], "num_detections": [100.0]}, "6": {"detection_scores": [0.7474595308303833, 0.6001662015914917, 0.13828790187835693, 0.12854714691638947, 0.10259474068880081], "detection_classes": [1.0, 37.0, 37.0, 37.0, 37.0], "detection_boxes": [[0.3663288354873657, 0.06053073704242706, 0.6857842803001404, 0.1297215223312378], [0.6158391237258911, 0.13009996712207794, 0.6613683700561523, 0.15371592342853546], [0.4492480158805847, 0.06021486595273018, 0.4718589186668396, 0.06775183975696564], [0.47899213433265686, 0.05414287745952606, 0.49667125940322876, 0.0636327713727951], [0.6423940062522888, 0.07335004210472107, 0.6817203164100647, 0.0921763926744461]], "num_detections": [100.0]}, "7": {"detection_scores": [0.8186184763908386, 0.7440539598464966, 0.13840831816196442, 0.11078611761331558, 0.1069612056016922, 0.10518214851617813], "detection_classes": [37.0, 1.0, 37.0, 37.0, 37.0, 37.0], "detection_boxes": [[0.6127741932868958, 0.14608462154865265, 0.6561070680618286, 0.16951893270015717], [0.36040589213371277, 0.06031131371855736, 0.682123064994812, 0.13010096549987793], [0.46037018299102783, 0.07849596440792084, 0.49136286973953247, 0.08779476583003998], [0.4775400757789612, 0.053816623985767365, 0.4965570569038391, 0.06356964260339737], [0.4484640955924988, 0.059765007346868515, 0.4741009473800659, 0.068748839199543], [0.4747965931892395, 0.1330307126045227, 0.48979780077934265, 0.14118820428848267]], "num_detections": [100.0]}, "8": {"detection_scores": [0.8480732440948486, 0.7512787580490112, 0.17788979411125183, 0.15487074851989746, 0.10400839895009995], "detection_classes": [1.0, 37.0, 37.0, 37.0, 37.0], "detection_boxes": [[0.3578432500362396, 0.060592301189899445, 0.6819655299186707, 0.13100853562355042], [0.6042211651802063, 0.16322124004364014, 0.6510811448097229, 0.18686118721961975], [0.44909894466400146, 0.06062360107898712, 0.4717346727848053, 0.06810341775417328], [0.6439355611801147, 0.07400128990411758, 0.683934211730957, 0.08990500122308731], [0.47641608119010925, 0.053685661405324936, 0.49582937359809875, 0.06410135328769684]], "num_detections": [100.0]}, "9": {"detection_scores": [0.8906582593917847, 0.7757682800292969, 0.21880802512168884, 0.11648834496736526], "detection_classes": [1.0, 37.0, 37.0, 37.0], "detection_boxes": [[0.35636958479881287, 0.06083338335156441, 0.6823132038116455, 0.1328098624944687], [0.5992584228515625, 0.1801181435585022, 0.6464222073554993, 0.20451638102531433], [0.4504467248916626, 0.06051936373114586, 0.47130683064460754, 0.06787621974945068], [0.4702741503715515, 0.07690567523241043, 0.49690502882003784, 0.08884679526090622]], "num_detections": [100.0]}, "10": {"detection_scores": [0.891444742679596, 0.6818522810935974, 0.16941013932228088], "detection_classes": [1.0, 37.0, 37.0], "detection_boxes": [[0.3529932498931885, 0.06261801719665527, 0.6854814887046814, 0.13152264058589935], [0.591098964214325, 0.1974768340587616, 0.6408035755157471, 0.22272184491157532], [0.4503788948059082, 0.0605766698718071, 0.47139009833335876, 0.06773928552865982]], "num_detections": [100.0]}, "11": {"detection_scores": [0.8877484798431396, 0.6176185607910156, 0.14890849590301514], "detection_classes": [1.0, 37.0, 37.0], "detection_boxes": [[0.35344091057777405, 0.062498729676008224, 0.685032844543457, 0.1320309191942215], [0.5873914361000061, 0.21594001352787018, 0.6367062926292419, 0.24306802451610565], [0.449794203042984, 0.060417018830776215, 0.47283193469047546, 0.06756963580846786]], "num_detections": [100.0]}, "12": {"detection_scores": [0.861969530582428, 0.7642046809196472, 0.18274995684623718, 0.1501060575246811], "detection_classes": [1.0, 37.0, 37.0, 37.0], "detection_boxes": [[0.35112226009368896, 0.06333256512880325, 0.6897701621055603, 0.13260143995285034], [0.5824717879295349, 0.2355945110321045, 0.6329673528671265, 0.26159387826919556], [0.4499315321445465, 0.060458894819021225, 0.4730128049850464, 0.06751012802124023], [0.4696291387081146, 0.08095936477184296, 0.4966184198856354, 0.09354877471923828]], "num_detections": [100.0]}, "13": {"detection_scores": [0.8487234711647034, 0.8217496871948242, 0.1545896977186203, 0.10824229568243027], "detection_classes": [37.0, 1.0, 37.0, 37.0], "detection_boxes": [[0.5767304301261902, 0.2547738552093506, 0.6303909420967102, 0.28385043144226074], [0.35141152143478394, 0.0635339692234993, 0.6906408071517944, 0.13391542434692383], [0.47139042615890503, 0.08092726767063141, 0.49594154953956604, 0.0943727195262909], [0.4493473172187805, 0.06062912568449974, 0.47438356280326843, 0.06695020198822021]], "num_detections": [100.0]}, "14": {"detection_scores": [0.7813819050788879, 0.6462076902389526, 0.14627689123153687, 0.11825390160083771], "detection_classes": [1.0, 37.0, 37.0, 37.0], "detection_boxes": [[0.35039451718330383, 0.06348684430122375, 0.6922491192817688, 0.1352747231721878], [0.5727561116218567, 0.27553677558898926, 0.6253673434257507, 0.30489808320999146], [0.47096309065818787, 0.08203520625829697, 0.49503013491630554, 0.09497181326150894], [0.44942957162857056, 0.060642026364803314, 0.473678857088089, 0.06718931347131729]], "num_detections": [100.0]}, "15": {"detection_scores": [0.7808662056922913, 0.6476475596427917, 0.2456146627664566, 0.10801778733730316], "detection_classes": [1.0, 37.0, 37.0, 37.0], "detection_boxes": [[0.3492797315120697, 0.06384312361478806, 0.6932715177536011, 0.13645431399345398], [0.5673603415489197, 0.29731008410453796, 0.6154645681381226, 0.3256146013736725], [0.47275134921073914, 0.083370640873909, 0.496169775724411, 0.09549276530742645], [0.44980674982070923, 0.06064499914646149, 0.47440290451049805, 0.0670541375875473]], "num_detections": [100.0]}, "16": {"detection_scores": [0.7178816795349121, 0.6721261739730835, 0.20836946368217468, 0.1030222475528717], "detection_classes": [1.0, 37.0, 37.0, 1.0],