{"0": {"detection_scores": [0.8580294251441956, 0.5216761231422424, 0.14900577068328857], "detection_classes": [1.0, 37.0, 37.0], "detection_boxes": [[0.46118420362472534, 0.051534026861190796, 0.7654802799224854, 0.12311424314975739], [0.725544810295105, 0.05462968349456787, 0.7622153162956238, 0.075654998421669], [0.5843532681465149, 0.04919951409101486, 0.5999506115913391, 0.05759665369987488]], "num_detections": [100.0]}, "1": {"detection_scores": [0.821225643157959, 0.26341864466667175, 0.13446462154388428, 0.1196552962064743], "detection_classes": [1.0, 37.0, 37.0, 37.0], "detection_boxes": [[0.45832160115242004, 0.051491785794496536, 0.7669347524642944, 0.12347236275672913], [0.719973623752594, 0.060489311814308167, 0.7571368217468262, 0.08393648266792297], [0.5841115713119507, 0.04943457990884781, 0.5958989858627319, 0.057153791189193726], [0.5874028205871582, 0.11378619074821472, 0.616261899471283, 0.12232819199562073]], "num_detections": [100.0]}, "2": {"detection_scores": [0.8504565954208374, 0.23457194864749908, 0.11324466019868851], "detection_classes": [1.0, 37.0, 37.0], "detection_boxes": [[0.4561406970024109, 0.05222003534436226, 0.7612127065658569, 0.12415862083435059], [0.7098921537399292, 0.07033736258745193, 0.7514698505401611, 0.09411980956792831], [0.579207181930542, 0.05303410440683365, 0.6007198095321655, 0.06123416870832443]], "num_detections": [100.0]}, "3": {"detection_scores": [0.8413791060447693, 0.33180737495422363, 0.16776680946350098], "detection_classes": [1.0, 37.0, 37.0], "detection_boxes": [[0.45585986971855164, 0.05205367133021355, 0.7618167996406555, 0.1240706592798233], [0.702771008014679, 0.08382085710763931, 0.7379962801933289, 0.09915993362665176], [0.5807388424873352, 0.053017742931842804, 0.6013014912605286, 0.06110551953315735]], "num_detections": [100.0]}, "4": {"detection_scores": [0.8482360243797302, 0.542447030544281, 0.1631726175546646], "detection_classes": [1.0, 37.0, 37.0], "detection_boxes": [[0.45428839325904846, 0.05139617994427681, 0.7619063258171082, 0.12443195283412933], [0.6952202916145325, 0.09147331118583679, 0.7327909469604492, 0.11326718330383301], [0.5799311995506287, 0.05167180299758911, 0.6013838648796082, 0.0610722154378891]], "num_detections": [100.0]}, "5": {"detection_scores": [0.8597673177719116, 0.8426872491836548], "detection_classes": [37.0, 1.0], "detection_boxes": [[0.685019314289093, 0.10206768661737442, 0.7286252975463867, 0.12276355177164078], [0.45412397384643555, 0.051310330629348755, 0.7643361687660217, 0.12501917779445648]], "num_detections": [100.0]}, "6": {"detection_scores": [0.8951128125190735, 0.6160275340080261, 0.10316620022058487], "detection_classes": [1.0, 37.0, 37.0], "detection_boxes": [[0.4535403251647949, 0.05133388191461563, 0.7630199790000916, 0.1263454258441925], [0.6783090829849243, 0.11209776997566223, 0.7212132811546326, 0.13582807779312134], [0.5742617845535278, 0.05119438096880913, 0.6001085042953491, 0.06109527871012688]], "num_detections": [100.0]}, "7": {"detection_scores": [0.904685914516449, 0.7944543957710266, 0.1120876595377922], "detection_classes": [1.0, 37.0, 37.0], "detection_boxes": [[0.45157232880592346, 0.05125703662633896, 0.7631134986877441, 0.12611156702041626], [0.6707091331481934, 0.12312155961990356, 0.714712917804718, 0.14628440141677856], [0.5751447677612305, 0.05003700032830238, 0.5839482545852661, 0.05522746220231056]], "num_detections": [100.0]}, "8": {"detection_scores": [0.9081919193267822, 0.5974500179290771, 0.12279323488473892], "detection_classes": [1.0, 37.0, 37.0], "detection_boxes": [[0.4507434666156769, 0.0509750060737133, 0.7641525864601135, 0.1258157342672348], [0.6584945321083069, 0.1347987949848175, 0.7050036787986755, 0.15890008211135864], [0.5738211274147034, 0.04910915344953537, 0.585558295249939, 0.05579207092523575]], "num_detections": [100.0]}, "9": {"detection_scores": [0.9045649766921997, 0.7907962203025818, 0.14469051361083984], "detection_classes": [1.0, 37.0, 37.0], "detection_boxes": [[0.45058080554008484, 0.05095689743757248, 0.7641417384147644, 0.1263088583946228], [0.6499812006950378, 0.14716380834579468, 0.6962621808052063, 0.17224222421646118], [0.5743260979652405, 0.049348145723342896, 0.5854478478431702, 0.055892765522003174]], "num_detections": [100.0]}, "10": {"detection_scores": [0.8983787298202515, 0.772681713104248], "detection_classes": [1.0, 37.0], "detection_boxes": [[0.44870561361312866, 0.052504509687423706, 0.7671127319335938, 0.12632068991661072], [0.6402199864387512, 0.16007183492183685, 0.687659740447998, 0.18576659262180328]], "num_detections": [100.0]}, "11": {"detection_scores": [0.8702776432037354, 0.6940553784370422], "detection_classes": [1.0, 37.0], "detection_boxes": [[0.4470330774784088, 0.052619390189647675, 0.7705358266830444, 0.12712490558624268], [0.6336528658866882, 0.17315298318862915, 0.6809681057929993, 0.1994529664516449]], "num_detections": [100.0]}, "12": {"detection_scores": [0.8529211282730103, 0.6195827722549438, 0.11726198345422745], "detection_classes": [1.0, 37.0, 37.0], "detection_boxes": [[0.4464452266693115, 0.052286211401224136, 0.771431028842926, 0.1278710663318634], [0.6211284399032593, 0.18768909573554993, 0.6716042757034302, 0.21374380588531494], [0.5728350281715393, 0.050874724984169006, 0.5842117667198181, 0.056161172688007355]], "num_detections": [100.0]}, "13": {"detection_scores": [0.8674449920654297, 0.6258448958396912, 0.13096660375595093], "detection_classes": [1.0, 37.0, 37.0], "detection_boxes": [[0.4482167363166809, 0.052030887454748154, 0.7688302397727966, 0.1289691925048828], [0.6126096248626709, 0.2031867653131485, 0.6631439924240112, 0.22800962626934052], [0.5727229714393616, 0.05081821605563164, 0.5844046473503113, 0.05640024319291115]], "num_detections": [100.0]}, "14": {"detection_scores": [0.8389754295349121, 0.6947583556175232], "detection_classes": [1.0, 37.0], "detection_boxes": [[0.4475449025630951, 0.05218350142240524, 0.7703518271446228, 0.12904900312423706], [0.6026729941368103, 0.21793347597122192, 0.6547761559486389, 0.24607551097869873]], "num_detections": [100.0]}, "15": {"detection_scores": [0.8257251381874084, 0.6949520111083984, 0.10315661132335663], "detection_classes": [1.0, 37.0, 37.0], "detection_boxes": [[0.44820690155029297, 0.052817169576883316, 0.7698840498924255, 0.12866462767124176], [0.596798837184906, 0.23507751524448395, 0.6430563926696777, 0.2620082497596741], [0.5710831880569458, 0.054932963103055954, 0.5865563154220581, 0.06151464954018593]], "num_detections": [100.0]}, "16": {"detection_scores": [0.8208320736885071, 0.11130489408969879], "detection_classes": [1.0, 37.0], "detection_boxes": [[0.44823193550109863, 0.054083749651908875, 0.7688371539115906, 0.12912620604038239], [0.5716333985328674, 0.05646265670657158, 0.5869583487510681, 0.06297706812620163]], "num_detections": [100.0]}, "17": {"detection_scores": [0.7870534658432007, 0.12017429620027542], "detection_classes": [1.0, 37.0], "detection_boxes": [[0.44811782240867615, 0.05459482595324516, 0.7687348127365112, 0.12957322597503662], [0.5700559020042419, 0.05785054340958595, 0.5880752205848694, 0.06356025487184525]], "num_detections": [100.0]}, "18": {"detection_scores": [0.7760669589042664, 0.4101816713809967], "detection_classes": [1.0, 37.0], "detection_boxes": [[0.4481799304485321, 0.05468872934579849, 0.7686529159545898, 0.1296578347682953], [0.5650791525840759, 0.28574398159980774, 0.6156487464904785, 0.31739023327827454]], "num_detections": [100.0]}, "19": {"detection_scores": [0.7546375393867493, 0.37595269083976746], "detection_classes": [1.0, 37.0], "detection_boxes": [[0.44743505120277405, 0.0552261546254158, 0.769481897354126, 0.12941128015518188], [0.5541604161262512, 0.3077574670314789, 0.602846086025238, 0.33559921383857727]], "num_detections": [100.0]}, "20": {"detection_scores": [0.8221890330314636, 0.49604669213294983], "detection_classes": [1.0, 37.0],