{"0": {"detection_scores": [0.8434292078018188, 0.7687240242958069, 0.16842500865459442, 0.14436420798301697], "detection_classes": [1.0, 37.0, 37.0, 37.0], "detection_boxes": [[0.3708426058292389, 0.04804306477308273, 0.6880078315734863, 0.12144892662763596], [0.6435692310333252, 0.05015936866402626, 0.6839011311531067, 0.0707404688000679], [0.5189630389213562, 0.10677652806043625, 0.5382523536682129, 0.11563331633806229], [0.48381903767585754, 0.048942502588033676, 0.49993064999580383, 0.05707569792866707]], "num_detections": [100.0]}, "1": {"detection_scores": [0.8531264662742615, 0.7058106064796448, 0.17130853235721588, 0.1556738018989563], "detection_classes": [1.0, 37.0, 37.0, 37.0], "detection_boxes": [[0.3674085736274719, 0.05180150270462036, 0.6880326867103577, 0.12283062934875488], [0.6319279670715332, 0.0583304688334465, 0.6694942712783813, 0.07558441907167435], [0.5174756646156311, 0.10631129145622253, 0.537060022354126, 0.1157815009355545], [0.48449113965034485, 0.05014465004205704, 0.49698537588119507, 0.057272933423519135]], "num_detections": [100.0]}, "2": {"detection_scores": [0.8561753034591675, 0.4430931806564331, 0.1549733430147171, 0.14501860737800598], "detection_classes": [1.0, 37.0, 37.0, 37.0], "detection_boxes": [[0.3647851049900055, 0.051694292575120926, 0.6888508200645447, 0.12467841804027557], [0.6169459223747253, 0.06527090072631836, 0.6537352204322815, 0.08457516133785248], [0.4799611568450928, 0.05237317085266113, 0.49873146414756775, 0.0618910938501358], [0.5195056200027466, 0.10639701038599014, 0.540536105632782, 0.11612448841333389]], "num_detections": [100.0]}, "3": {"detection_scores": [0.8386908173561096, 0.13359685242176056, 0.12215149402618408], "detection_classes": [1.0, 37.0, 37.0], "detection_boxes": [[0.36117127537727356, 0.05297234654426575, 0.6802933812141418, 0.12565773725509644], [0.6064813137054443, 0.06973825395107269, 0.6581421494483948, 0.09299328923225403], [0.5021436214447021, 0.10647132247686386, 0.5365442633628845, 0.11718495935201645]], "num_detections": [100.0]}, "4": {"detection_scores": [0.7829146385192871, 0.447862446308136, 0.12534460425376892], "detection_classes": [1.0, 37.0, 37.0], "detection_boxes": [[0.35757842659950256, 0.053652506321668625, 0.6839925050735474, 0.12680082023143768], [0.5920735597610474, 0.08100353181362152, 0.631400465965271, 0.1007407158613205], [0.47234731912612915, 0.053549714386463165, 0.4950410723686218, 0.06293826550245285]], "num_detections": [100.0]}, "5": {"detection_scores": [0.8608385324478149, 0.696148157119751], "detection_classes": [1.0, 37.0], "detection_boxes": [[0.3570816218852997, 0.05374973267316818, 0.6862043738365173, 0.1271432638168335], [0.5764728784561157, 0.09001541882753372, 0.6222578883171082, 0.11161350458860397]], "num_detections": [100.0]}, "6": {"detection_scores": [0.8789213299751282, 0.6702529191970825], "detection_classes": [1.0, 37.0], "detection_boxes": [[0.3568868637084961, 0.05421587824821472, 0.6831464171409607, 0.12728188931941986], [0.5639530420303345, 0.09749283641576767, 0.6081123948097229, 0.12023071199655533]], "num_detections": [100.0]}, "7": {"detection_scores": [0.8908329010009766, 0.7208298444747925], "detection_classes": [1.0, 37.0], "detection_boxes": [[0.3511536121368408, 0.05466471612453461, 0.6875667572021484, 0.12740404903888702], [0.5494863986968994, 0.10771213471889496, 0.596793532371521, 0.1294090896844864]], "num_detections": [100.0]}, "8": {"detection_scores": [0.8383494019508362, 0.6583398580551147, 0.11467885971069336], "detection_classes": [1.0, 37.0, 37.0], "detection_boxes": [[0.34598344564437866, 0.05518795922398567, 0.6879462003707886, 0.12949395179748535], [0.5340085625648499, 0.11734131723642349, 0.5795174837112427, 0.14059913158416748], [0.458143413066864, 0.05367442965507507, 0.4859584867954254, 0.06499765813350677]], "num_detections": [100.0]}, "9": {"detection_scores": [0.8455228209495544, 0.8291796445846558], "detection_classes": [1.0, 37.0], "detection_boxes": [[0.34364864230155945, 0.05778761953115463, 0.6869939565658569, 0.13222524523735046], [0.518704354763031, 0.12743473052978516, 0.5674875378608704, 0.15141454339027405]], "num_detections": [100.0]}, "10": {"detection_scores": [0.882098376750946, 0.48075008392333984], "detection_classes": [1.0, 37.0], "detection_boxes": [[0.34320956468582153, 0.059672776609659195, 0.685207188129425, 0.13324886560440063], [0.502395510673523, 0.13827118277549744, 0.5498473644256592, 0.1602177917957306]], "num_detections": [100.0]}, "11": {"detection_scores": [0.8172972202301025, 0.544697642326355, 0.12606081366539001], "detection_classes": [1.0, 37.0, 37.0], "detection_boxes": [[0.33945080637931824, 0.05860787257552147, 0.6853134036064148, 0.13294678926467896], [0.4892309606075287, 0.14921660721302032, 0.5319033861160278, 0.17275498807430267], [0.45703405141830444, 0.05655451491475105, 0.4840187132358551, 0.06478169560432434]], "num_detections": [100.0]}, "12": {"detection_scores": [0.81466144323349, 0.4641903340816498, 0.1459563821554184], "detection_classes": [1.0, 37.0, 37.0], "detection_boxes": [[0.33501216769218445, 0.05804211646318436, 0.6774699687957764, 0.13303083181381226], [0.47652071714401245, 0.15992116928100586, 0.516090452671051, 0.186172217130661], [0.45764222741127014, 0.05810203030705452, 0.48143282532691956, 0.06451165676116943]], "num_detections": [100.0]}, "13": {"detection_scores": [0.8607487678527832, 0.13435693085193634], "detection_classes": [1.0, 37.0], "detection_boxes": [[0.33334144949913025, 0.05936294421553612, 0.6788361668586731, 0.1335143744945526], [0.4567854106426239, 0.059598591178655624, 0.4818912148475647, 0.0670030489563942]], "num_detections": [100.0]}, "14": {"detection_scores": [0.887619137763977, 0.18555030226707458, 0.11514118313789368], "detection_classes": [1.0, 37.0, 37.0], "detection_boxes": [[0.3363038897514343, 0.059409648180007935, 0.6727519631385803, 0.13330532610416412], [0.44408318400382996, 0.18586409091949463, 0.4950030446052551, 0.21326053142547607], [0.4566844701766968, 0.060048867017030716, 0.48187255859375, 0.06753505021333694]], "num_detections": [100.0]}, "15": {"detection_scores": [0.8953894972801208, 0.6497920155525208], "detection_classes": [1.0, 37.0], "detection_boxes": [[0.3342781662940979, 0.05928213149309158, 0.6748539209365845, 0.13251546025276184], [0.42543721199035645, 0.19949637353420258, 0.4735206365585327, 0.22790737450122833]], "num_detections": [100.0]}, "16": {"detection_scores": [0.8994654417037964, 0.7147305607795715], "detection_classes": [1.0, 37.0], "detection_boxes": [[0.3332223892211914, 0.05810761824250221, 0.676331639289856, 0.1348402351140976], [0.4067067503929138, 0.21389281749725342, 0.45951035618782043, 0.24278327822685242]], "num_detections": [100.0]}, "17": {"detection_scores": [0.8968504071235657, 0.7519977688789368], "detection_classes": [1.0, 37.0], "detection_boxes": [[0.33307895064353943, 0.058257926255464554, 0.6777557134628296, 0.13582856953144073], [0.3887939155101776, 0.22950971126556396, 0.44406524300575256, 0.2576252520084381]], "num_detections": [100.0]}, "18": {"detection_scores": [0.8810202479362488, 0.7761490941047668], "detection_classes": [1.0, 37.0], "detection_boxes": [[0.33262407779693604, 0.058400269597768784, 0.6779152750968933, 0.1375911682844162], [0.37180227041244507, 0.2450239509344101, 0.42788270115852356, 0.2744247019290924]], "num_detections": [100.0]}, "19": {"detection_scores": [0.8804751634597778, 0.8580461740493774], "detection_classes": [1.0, 37.0], "detection_boxes": [[0.3308785855770111, 0.058941151946783066, 0.6765570640563965, 0.1398659497499466], [0.35376280546188354, 0.2612296938896179, 0.4111270308494568, 0.2917056083679199]], "num_detections": [100.0]}, "20": {"detection_scores": [0.837253212928772, 0.6302120089530945], "detection_classes": [1.0, 37.0],