{"0": {"detection_scores": [0.8420999646186829, 0.7162166833877563, 0.2657107710838318, 0.13067317008972168, 0.12001674622297287], "detection_classes": [1.0, 37.0, 37.0, 37.0, 37.0], "detection_boxes": [[0.3790043592453003, 0.04730807617306709, 0.682155966758728, 0.12192724645137787], [0.6431558728218079, 0.055486828088760376, 0.6807640790939331, 0.07744506001472473], [0.6498156785964966, 0.04654073715209961, 0.6740933656692505, 0.05725578963756561], [0.5477780103683472, 0.11422748118638992, 0.5698224306106567, 0.1216110810637474], [0.4820304811000824, 0.04803980514407158, 0.4961075186729431, 0.05815655365586281]], "num_detections": [100.0]}, "1": {"detection_scores": [0.7757764458656311, 0.5147656798362732, 0.1513800323009491], "detection_classes": [1.0, 37.0, 37.0], "detection_boxes": [[0.3748631477355957, 0.052537526935338974, 0.6770333647727966, 0.12170705199241638], [0.6351386904716492, 0.07083046436309814, 0.670356035232544, 0.0891074389219284], [0.5456963777542114, 0.11170516908168793, 0.5672320127487183, 0.11877036094665527]], "num_detections": [100.0]}, "2": {"detection_scores": [0.865399956703186, 0.5352591872215271, 0.17770129442214966, 0.16270874440670013], "detection_classes": [1.0, 37.0, 37.0, 1.0], "detection_boxes": [[0.3732786476612091, 0.054359786212444305, 0.6851939558982849, 0.12048720568418503], [0.625315248966217, 0.08357062935829163, 0.6663196682929993, 0.10479666292667389], [0.5407490134239197, 0.10762357711791992, 0.5600859522819519, 0.11765085160732269], [0.45564842224121094, 0.10412848740816116, 0.5537800788879395, 0.11867780238389969]], "num_detections": [100.0]}, "3": {"detection_scores": [0.8662010431289673, 0.5357716679573059, 0.1231052428483963, 0.10387419164180756], "detection_classes": [1.0, 37.0, 37.0, 37.0], "detection_boxes": [[0.3713300824165344, 0.05479812994599342, 0.6869947910308838, 0.12014143168926239], [0.6174770593643188, 0.09749026596546173, 0.6603954434394836, 0.12058126926422119], [0.46407070755958557, 0.05185169726610184, 0.48813021183013916, 0.06329576671123505], [0.5438077449798584, 0.10344289243221283, 0.565493643283844, 0.11204074323177338]], "num_detections": [100.0]}, "4": {"detection_scores": [0.8761625289916992, 0.7150759696960449, 0.15531910955905914], "detection_classes": [1.0, 37.0, 37.0], "detection_boxes": [[0.3695070743560791, 0.054782576858997345, 0.6848756074905396, 0.12095970660448074], [0.6098806858062744, 0.11355011910200119, 0.6524261236190796, 0.13497714698314667], [0.46400415897369385, 0.05274052545428276, 0.48743054270744324, 0.06389515101909637]], "num_detections": [100.0]}, "5": {"detection_scores": [0.828441321849823, 0.5184351801872253], "detection_classes": [1.0, 37.0], "detection_boxes": [[0.3667522370815277, 0.055668700486421585, 0.6852648854255676, 0.12110155820846558], [0.6009944081306458, 0.1274668127298355, 0.6459028720855713, 0.15253464877605438]], "num_detections": [100.0]}, "6": {"detection_scores": [0.7952448725700378, 0.6045560240745544], "detection_classes": [1.0, 37.0], "detection_boxes": [[0.36361420154571533, 0.05364958196878433, 0.6863939166069031, 0.12156004458665848], [0.5930606126785278, 0.14444267749786377, 0.6384035348892212, 0.16902688145637512]], "num_detections": [100.0]}, "7": {"detection_scores": [0.833618700504303, 0.8335467576980591], "detection_classes": [1.0, 37.0], "detection_boxes": [[0.3595603406429291, 0.05349421128630638, 0.683758556842804, 0.12239274382591248], [0.5847710371017456, 0.16215933859348297, 0.6296696662902832, 0.18529899418354034]], "num_detections": [100.0]}, "8": {"detection_scores": [0.8639612793922424, 0.8167276978492737], "detection_classes": [1.0, 37.0], "detection_boxes": [[0.35900479555130005, 0.05349549651145935, 0.6811652183532715, 0.12266978621482849], [0.5758964419364929, 0.1805785894393921, 0.6224372982978821, 0.20448657870292664]], "num_detections": [100.0]}, "9": {"detection_scores": [0.8604487776756287, 0.6933115720748901], "detection_classes": [1.0, 37.0], "detection_boxes": [[0.3548838198184967, 0.05378365144133568, 0.6849899888038635, 0.1235169917345047], [0.5672928094863892, 0.19882506132125854, 0.6154173612594604, 0.2250221073627472]], "num_detections": [100.0]}, "10": {"detection_scores": [0.8430785536766052, 0.7605612874031067], "detection_classes": [1.0, 37.0], "detection_boxes": [[0.35460221767425537, 0.05275716260075569, 0.6850173473358154, 0.12317891418933868], [0.5590413808822632, 0.21959440410137177, 0.6091054081916809, 0.24493657052516937]], "num_detections": [100.0]}, "11": {"detection_scores": [0.8711420893669128, 0.7329792976379395], "detection_classes": [1.0, 37.0], "detection_boxes": [[0.3543245792388916, 0.05351371690630913, 0.6836649179458618, 0.12262508273124695], [0.5516973733901978, 0.2387900948524475, 0.5991658568382263, 0.26574087142944336]], "num_detections": [100.0]}, "12": {"detection_scores": [0.8858472108840942, 0.5403835773468018], "detection_classes": [1.0, 37.0], "detection_boxes": [[0.35359421372413635, 0.052445828914642334, 0.6837337017059326, 0.12400281429290771], [0.5418849587440491, 0.2592766582965851, 0.5961151123046875, 0.2897014915943146]], "num_detections": [100.0]}, "13": {"detection_scores": [0.8912444114685059, 0.38548073172569275], "detection_classes": [1.0, 37.0], "detection_boxes": [[0.35180017352104187, 0.051289189606904984, 0.6820959448814392, 0.12525741755962372], [0.5338367819786072, 0.28331121802330017, 0.5860572457313538, 0.31141164898872375]], "num_detections": [100.0]}, "14": {"detection_scores": [0.8824055790901184, 0.5023056268692017], "detection_classes": [1.0, 37.0], "detection_boxes": [[0.3490637540817261, 0.05104494467377663, 0.68048095703125, 0.12624233961105347], [0.5293057560920715, 0.3058554232120514, 0.5790637135505676, 0.3317843973636627]], "num_detections": [100.0]}, "15": {"detection_scores": [0.8311466574668884, 0.5922260880470276], "detection_classes": [1.0, 37.0], "detection_boxes": [[0.3463119864463806, 0.04957634210586548, 0.6792749762535095, 0.12753157317638397], [0.519572377204895, 0.33058837056159973, 0.5718392133712769, 0.3579705059528351]], "num_detections": [100.0]}, "16": {"detection_scores": [0.8353736400604248, 0.4687354564666748], "detection_classes": [1.0, 37.0], "detection_boxes": [[0.34270036220550537, 0.048219457268714905, 0.6699295043945312, 0.12791018187999725], [0.513508677482605, 0.3562047779560089, 0.5604861378669739, 0.3809681832790375]], "num_detections": [100.0]}, "17": {"detection_scores": [0.8696805238723755, 0.7276484370231628], "detection_classes": [1.0, 37.0], "detection_boxes": [[0.3398549556732178, 0.047185756266117096, 0.6701432466506958, 0.12895414233207703], [0.5033965706825256, 0.3784295618534088, 0.5548588633537292, 0.4071737825870514]], "num_detections": [100.0]}, "18": {"detection_scores": [0.8536912798881531, 0.7219981551170349], "detection_classes": [1.0, 37.0], "detection_boxes": [[0.33821162581443787, 0.045659441500902176, 0.671027421951294, 0.13044773042201996], [0.49700111150741577, 0.40352463722229004, 0.5449832081794739, 0.43218469619750977]], "num_detections": [100.0]}, "19": {"detection_scores": [0.8547293543815613, 0.7913604974746704], "detection_classes": [1.0, 37.0], "detection_boxes": [[0.3372434377670288, 0.04536954686045647, 0.6714455485343933, 0.13002488017082214], [0.4882909059524536, 0.42953863739967346, 0.5402522683143616, 0.45693501830101013]], "num_detections": [100.0]}, "20": {"detection_scores": [0.8636978268623352, 0.4352855980396271], "detection_classes": [1.0, 37.0], "detection_boxes": [[0.3335334062576294, 0.044649846851825714, 0.6702725291252136, 0.13039487600326538], [0.4821443259716034, 0.4553840458393097, 0.5325866937637329, 0.48405012488365173]], "num_detections": [100.0]}, "21": {"detection_scores": [0.8627033233642578, 0.8486261367797852], "detection_classes": [1.0, 37.0], "detection_boxes": [[0.33162617683410645, 0.04395531490445137, 0.6688160300254822, 0.13069497048854828], [0.4751175343990326, 0.48206689953804016, 0.5320733189582825, 0.5117173790931702]],