{"0": {"detection_scores": [0.8813233971595764, 0.5660949945449829, 0.14983277022838593], "detection_classes": [1.0, 37.0, 37.0], "detection_boxes": [[0.3812822699546814, 0.0477888360619545, 0.6886698007583618, 0.13068237900733948], [0.6430814266204834, 0.05235717445611954, 0.6838462948799133, 0.07544358819723129], [0.5427829027175903, 0.12308748066425323, 0.5573580861091614, 0.12949980795383453]], "num_detections": [100.0]}, "1": {"detection_scores": [0.8847053647041321, 0.632678747177124, 0.16197822988033295], "detection_classes": [1.0, 37.0, 37.0], "detection_boxes": [[0.38153547048568726, 0.04849574714899063, 0.6853145360946655, 0.12883839011192322], [0.6361112594604492, 0.06604740768671036, 0.6816129088401794, 0.08781354874372482], [0.543160080909729, 0.12273096293210983, 0.5570837259292603, 0.1295226514339447]], "num_detections": [100.0]}, "2": {"detection_scores": [0.8581891655921936, 0.8082711100578308, 0.12101925909519196, 0.11974108219146729], "detection_classes": [1.0, 37.0, 37.0, 37.0], "detection_boxes": [[0.3793259561061859, 0.04941129684448242, 0.6841455101966858, 0.12560400366783142], [0.6325288414955139, 0.08346933871507645, 0.6706106662750244, 0.10051453858613968], [0.663346529006958, 0.06961526721715927, 0.6813740730285645, 0.0830785408616066], [0.5363916754722595, 0.11934643983840942, 0.5480709075927734, 0.12612134218215942]], "num_detections": [100.0]}, "3": {"detection_scores": [0.8598074913024902, 0.8361376523971558, 0.11308364570140839], "detection_classes": [37.0, 1.0, 1.0], "detection_boxes": [[0.6240692734718323, 0.09547052532434464, 0.6652198433876038, 0.11784578114748001], [0.3756750524044037, 0.05139758810400963, 0.6851851344108582, 0.12350331246852875], [0.4591849446296692, 0.10466953366994858, 0.5484254956245422, 0.1222984716296196]], "num_detections": [100.0]}, "4": {"detection_scores": [0.7674393653869629, 0.5253250002861023, 0.19388635456562042, 0.10181283950805664], "detection_classes": [1.0, 37.0, 1.0, 37.0], "detection_boxes": [[0.36988064646720886, 0.05138552188873291, 0.6853649616241455, 0.12271389365196228], [0.617103636264801, 0.11086761951446533, 0.660447359085083, 0.1330476999282837], [0.45512357354164124, 0.10549451410770416, 0.5441248416900635, 0.12117217481136322], [0.4878535568714142, 0.048740144819021225, 0.5046377778053284, 0.05783360078930855]], "num_detections": [100.0]}, "5": {"detection_scores": [0.7926058173179626, 0.768124520778656, 0.21914097666740417, 0.11138439178466797, 0.10080010443925858], "detection_classes": [37.0, 1.0, 1.0, 37.0, 37.0], "detection_boxes": [[0.6121974587440491, 0.12632977962493896, 0.6558237075805664, 0.14922857284545898], [0.36644837260246277, 0.04932033643126488, 0.6865983009338379, 0.11946465075016022], [0.4494807720184326, 0.10623620450496674, 0.544022798538208, 0.11978773772716522], [0.4769349694252014, 0.047958362847566605, 0.49590858817100525, 0.05849979445338249], [0.6170555949211121, 0.08593173325061798, 0.6398651003837585, 0.09899692237377167]], "num_detections": [100.0]}, "6": {"detection_scores": [0.7227091789245605, 0.4962247610092163, 0.13258838653564453, 0.13173896074295044, 0.11582137644290924], "detection_classes": [1.0, 37.0, 1.0, 37.0, 1.0], "detection_boxes": [[0.36075377464294434, 0.050938282161951065, 0.682153582572937, 0.11818628013134003], [0.6025153994560242, 0.1434580236673355, 0.6459267139434814, 0.16707570850849152], [0.4925640821456909, 0.10711702704429626, 0.540419340133667, 0.1180495023727417], [0.6124960780143738, 0.1666799932718277, 0.6267138123512268, 0.1809782236814499], [0.44446325302124023, 0.10530005395412445, 0.5364633202552795, 0.11636598408222198]], "num_detections": [100.0]}, "7": {"detection_scores": [0.8072053790092468, 0.7346329689025879, 0.13896510004997253, 0.12195365130901337, 0.10969433933496475], "detection_classes": [37.0, 1.0, 37.0, 37.0, 1.0], "detection_boxes": [[0.5941208600997925, 0.16109566390514374, 0.6406592726707458, 0.18512623012065887], [0.3595074415206909, 0.05108184739947319, 0.6832498908042908, 0.11686715483665466], [0.5172020196914673, 0.10689282417297363, 0.535434365272522, 0.114225372672081], [0.5888987183570862, 0.0935559868812561, 0.6201102137565613, 0.11239613592624664], [0.43955254554748535, 0.10222719609737396, 0.5362646579742432, 0.11522653698921204]], "num_detections": [100.0]}, "8": {"detection_scores": [0.7854005694389343, 0.6542860865592957, 0.16801005601882935, 0.11865843087434769, 0.10990612953901291], "detection_classes": [1.0, 37.0, 37.0, 1.0, 37.0], "detection_boxes": [[0.3571279048919678, 0.05174605920910835, 0.6823723912239075, 0.11688479781150818], [0.5886443853378296, 0.1805723011493683, 0.6360334753990173, 0.2051636278629303], [0.5732699036598206, 0.09558741748332977, 0.6139178276062012, 0.11609770357608795], [0.4303121566772461, 0.10136404633522034, 0.5415742993354797, 0.11552919447422028], [0.4629780650138855, 0.04973187297582626, 0.4843219518661499, 0.06692568957805634]], "num_detections": [100.0]}, "9": {"detection_scores": [0.7780563831329346, 0.7490932941436768, 0.13932615518569946, 0.11626134812831879], "detection_classes": [1.0, 37.0, 1.0, 37.0], "detection_boxes": [[0.35058823227882385, 0.05289282649755478, 0.6832665801048279, 0.12159503251314163], [0.5785350203514099, 0.19882221519947052, 0.6301479339599609, 0.22517375648021698], [0.4293099641799927, 0.10022617876529694, 0.5374429821968079, 0.11514268815517426], [0.4593636691570282, 0.050692081451416016, 0.4841943383216858, 0.06759631633758545]], "num_detections": [100.0]}, "10": {"detection_scores": [0.8528742790222168, 0.518030047416687, 0.11698546260595322], "detection_classes": [1.0, 37.0, 37.0], "detection_boxes": [[0.349258691072464, 0.05308249965310097, 0.6863940358161926, 0.12505745887756348], [0.5724592804908752, 0.22010871767997742, 0.618756890296936, 0.24520182609558105], [0.46890825033187866, 0.10244578123092651, 0.5110442638397217, 0.11282512545585632]], "num_detections": [100.0]}, "11": {"detection_scores": [0.8765662312507629, 0.833317220211029], "detection_classes": [1.0, 37.0], "detection_boxes": [[0.34789445996284485, 0.05272592231631279, 0.6848961710929871, 0.1276906281709671], [0.566396176815033, 0.24033378064632416, 0.6147230267524719, 0.26704826951026917]], "num_detections": [100.0]}, "12": {"detection_scores": [0.8456704616546631, 0.6003696322441101], "detection_classes": [1.0, 37.0], "detection_boxes": [[0.3460414707660675, 0.05326574668288231, 0.6853691935539246, 0.129850834608078], [0.5565706491470337, 0.26356324553489685, 0.6099560856819153, 0.2903907597064972]], "num_detections": [100.0]}, "13": {"detection_scores": [0.8325162529945374, 0.3372119069099426, 0.1039564460515976], "detection_classes": [1.0, 37.0, 1.0], "detection_boxes": [[0.34266775846481323, 0.05312316492199898, 0.6852991580963135, 0.1296335905790329], [0.5502374768257141, 0.2873469889163971, 0.5987914204597473, 0.3141138255596161], [0.3434986174106598, 5.196873098611832e-05, 0.45082855224609375, 0.012626870535314083]], "num_detections": [100.0]}, "14": {"detection_scores": [0.7789286375045776, 0.545799195766449, 0.1029522716999054], "detection_classes": [1.0, 37.0, 1.0], "detection_boxes": [[0.3397056460380554, 0.05430593341588974, 0.6844857931137085, 0.13715431094169617], [0.5421843528747559, 0.3118199408054352, 0.5955678820610046, 0.3401161730289459], [0.3435496687889099, 0.0, 0.45078611373901367, 0.012678767554461956]], "num_detections": [100.0]}, "15": {"detection_scores": [0.8423768877983093, 0.80192631483078, 0.11400670558214188], "detection_classes": [37.0, 1.0, 1.0], "detection_boxes": [[0.5337021946907043, 0.3355529010295868, 0.5860016345977783, 0.36235854029655457], [0.3372621238231659, 0.05318807065486908, 0.6859087944030762, 0.14185424149036407], [0.3439793586730957, 0.0, 0.45066818594932556, 0.0126986438408494]], "num_detections": [100.0]}, "16": {"detection_scores": [0.8647205233573914, 0.41838693618774414], "detection_classes": [1.0, 37.0],