{"0": {"detection_scores": [0.8658215999603271, 0.5843834280967712], "detection_classes": [1.0, 37.0], "detection_boxes": [[0.38093990087509155, 0.034754425287246704, 0.6823703050613403, 0.09864330291748047], [0.6407008767127991, 0.0506456084549427, 0.6789170503616333, 0.07026509195566177]], "num_detections": [100.0]}, "1": {"detection_scores": [0.8447599411010742, 0.5106809139251709], "detection_classes": [1.0, 37.0], "detection_boxes": [[0.3789611756801605, 0.03382846713066101, 0.6827772259712219, 0.09939974546432495], [0.6337133646011353, 0.05719891935586929, 0.6674602627754211, 0.0782799944281578]], "num_detections": [100.0]}, "2": {"detection_scores": [0.8135018348693848, 0.556359052658081], "detection_classes": [1.0, 37.0], "detection_boxes": [[0.3774484097957611, 0.03266758844256401, 0.6622018218040466, 0.0989973247051239], [0.6181255578994751, 0.0652090311050415, 0.6549033522605896, 0.08482465147972107]], "num_detections": [100.0]}, "3": {"detection_scores": [0.774293839931488, 0.3512582778930664], "detection_classes": [1.0, 37.0], "detection_boxes": [[0.37616536021232605, 0.030549798160791397, 0.6845564246177673, 0.09836436808109283], [0.6038573980331421, 0.0745927169919014, 0.6447264552116394, 0.09381217509508133]], "num_detections": [100.0]}, "4": {"detection_scores": [0.8850464820861816, 0.4432413578033447], "detection_classes": [1.0, 37.0], "detection_boxes": [[0.37852123379707336, 0.03189900889992714, 0.6850254535675049, 0.09914456307888031], [0.5928769707679749, 0.08215793967247009, 0.6341978907585144, 0.10399284958839417]], "num_detections": [100.0]}, "5": {"detection_scores": [0.8973625302314758, 0.6664983034133911], "detection_classes": [1.0, 37.0], "detection_boxes": [[0.37565845251083374, 0.029725532978773117, 0.684288740158081, 0.09945091605186462], [0.5771311521530151, 0.09066290408372879, 0.6210259199142456, 0.11363954097032547]], "num_detections": [100.0]}, "6": {"detection_scores": [0.8861603140830994, 0.7118321061134338], "detection_classes": [1.0, 37.0], "detection_boxes": [[0.3746788501739502, 0.029881611466407776, 0.6832598447799683, 0.09995770454406738], [0.5609592795372009, 0.10111103951931, 0.6069142818450928, 0.12169648706912994]], "num_detections": [100.0]}, "7": {"detection_scores": [0.8349031805992126, 0.8205938935279846], "detection_classes": [1.0, 37.0], "detection_boxes": [[0.37189942598342896, 0.030393145978450775, 0.6836255788803101, 0.09973409026861191], [0.5479174256324768, 0.1099010482430458, 0.5961671471595764, 0.1331060826778412]], "num_detections": [100.0]}, "8": {"detection_scores": [0.7775490880012512, 0.5903663635253906, 0.10869833827018738], "detection_classes": [1.0, 37.0, 37.0], "detection_boxes": [[0.3688536584377289, 0.03146681934595108, 0.6828798651695251, 0.10050072520971298], [0.5358803272247314, 0.12027090042829514, 0.5794077515602112, 0.14389707148075104], [0.5067510604858398, 0.09027315676212311, 0.5313342213630676, 0.10021677613258362]], "num_detections": [100.0]}, "9": {"detection_scores": [0.8600456118583679, 0.7649760246276855], "detection_classes": [37.0, 1.0], "detection_boxes": [[0.5235112309455872, 0.13144220411777496, 0.5692737698554993, 0.1552816778421402], [0.36814287304878235, 0.029561996459960938, 0.6833189725875854, 0.10071223974227905]], "num_detections": [100.0]}, "10": {"detection_scores": [0.8438452482223511, 0.7747812271118164], "detection_classes": [37.0, 1.0], "detection_boxes": [[0.5061872601509094, 0.14292150735855103, 0.5565510392189026, 0.16675004363059998], [0.367509663105011, 0.029590047895908356, 0.6839408874511719, 0.10204062610864639]], "num_detections": [100.0]}, "11": {"detection_scores": [0.7922446727752686, 0.735073983669281], "detection_classes": [37.0, 1.0], "detection_boxes": [[0.4914795458316803, 0.15505336225032806, 0.5341954827308655, 0.17922715842723846], [0.36571601033210754, 0.028579358011484146, 0.6848617196083069, 0.1048850417137146]], "num_detections": [100.0]}, "12": {"detection_scores": [0.742500364780426, 0.1318044513463974, 0.11003818362951279], "detection_classes": [1.0, 37.0, 1.0], "detection_boxes": [[0.36127790808677673, 0.027677416801452637, 0.6825429201126099, 0.1044226884841919], [0.47587335109710693, 0.17113472521305084, 0.5199565887451172, 0.1890580803155899], [0.474576860666275, 0.16839320957660675, 0.5218249559402466, 0.1895201951265335]], "num_detections": [100.0]}, "13": {"detection_scores": [0.7475295066833496, 0.10931294411420822], "detection_classes": [1.0, 1.0], "detection_boxes": [[0.3623954951763153, 0.027944639325141907, 0.6816733479499817, 0.10440349578857422], [0.536168098449707, 0.09823107719421387, 0.5855491161346436, 0.11214211583137512]], "num_detections": [100.0]}, "14": {"detection_scores": [0.7505660057067871, 0.5808491110801697], "detection_classes": [1.0, 37.0], "detection_boxes": [[0.36225372552871704, 0.027982473373413086, 0.6813921332359314, 0.10712116956710815], [0.4491524398326874, 0.19186176359653473, 0.4981915354728699, 0.21930129826068878]], "num_detections": [100.0]}, "15": {"detection_scores": [0.757965087890625, 0.7062501907348633], "detection_classes": [37.0, 1.0], "detection_boxes": [[0.4328407049179077, 0.20577558875083923, 0.4841068387031555, 0.23376092314720154], [0.3600829839706421, 0.031867556273937225, 0.6835193037986755, 0.11421240121126175]], "num_detections": [100.0]}, "16": {"detection_scores": [0.7202007174491882, 0.6654608845710754], "detection_classes": [1.0, 37.0], "detection_boxes": [[0.359089732170105, 0.030539043247699738, 0.6841564178466797, 0.115757055580616], [0.4179530739784241, 0.22155587375164032, 0.46941640973091125, 0.24605388939380646]], "num_detections": [100.0]}, "17": {"detection_scores": [0.763550877571106, 0.6770787239074707], "detection_classes": [1.0, 37.0], "detection_boxes": [[0.3591950535774231, 0.02873595431447029, 0.684166431427002, 0.11824041604995728], [0.4005303382873535, 0.23605892062187195, 0.45287004113197327, 0.2624046802520752]], "num_detections": [100.0]}, "18": {"detection_scores": [0.77824866771698, 0.6111841201782227], "detection_classes": [1.0, 37.0], "detection_boxes": [[0.35891833901405334, 0.030981622636318207, 0.683904230594635, 0.11860258132219315], [0.3860401511192322, 0.2519943118095398, 0.4391074478626251, 0.280118465423584]], "num_detections": [100.0]}, "19": {"detection_scores": [0.831072986125946, 0.6308093667030334], "detection_classes": [1.0, 37.0], "detection_boxes": [[0.3583385646343231, 0.03159555420279503, 0.6830658912658691, 0.11871276795864105], [0.3704516291618347, 0.2673315703868866, 0.42435282468795776, 0.2963157594203949]], "num_detections": [100.0]}, "20": {"detection_scores": [0.8502386808395386, 0.8141841888427734], "detection_classes": [37.0, 1.0], "detection_boxes": [[0.3552084267139435, 0.28431257605552673, 0.4106999337673187, 0.31315532326698303], [0.3579953908920288, 0.03215623274445534, 0.6831254363059998, 0.11865580081939697]], "num_detections": [100.0]}, "21": {"detection_scores": [0.8348808288574219, 0.8132311105728149], "detection_classes": [37.0, 1.0], "detection_boxes": [[0.33963829278945923, 0.3009735643863678, 0.3940327763557434, 0.33202430605888367], [0.3584660291671753, 0.03271542489528656, 0.6829673051834106, 0.11726632714271545]], "num_detections": [100.0]}, "22": {"detection_scores": [0.8308629393577576, 0.7160754203796387], "detection_classes": [1.0, 37.0], "detection_boxes": [[0.35769036412239075, 0.03230112046003342, 0.6837026476860046, 0.11899738758802414], [0.32312262058258057, 0.319176584482193, 0.3788461685180664, 0.348753422498703]], "num_detections": [100.0]}, "23": {"detection_scores": [0.8589513301849365, 0.7289958596229553], "detection_classes": [1.0, 37.0], "detection_boxes": [[0.3560411036014557, 0.034384775906801224, 0.6847496032714844, 0.12560704350471497], [0.3089895248413086, 0.33772388100624084, 0.3643478751182556, 0.36908337473869324]], "num_detections": [100.0]}, "24": {"detection_scores": [0.8334808349609375, 0.558113694190979], "detection_classes": [1.0, 37.0],