{"0": {"detection_scores": [0.8357327580451965, 0.6240081191062927, 0.18834742903709412], "detection_classes": [1.0, 37.0, 37.0], "detection_boxes": [[0.46160900592803955, 0.057306770235300064, 0.7643761038780212, 0.13264808058738708], [0.72372967004776, 0.055223193019628525, 0.7633764743804932, 0.07593727856874466], [0.5918738842010498, 0.12199337780475616, 0.6169508099555969, 0.13034559786319733]], "num_detections": [100.0]}, "1": {"detection_scores": [0.7989197373390198, 0.41196876764297485], "detection_classes": [1.0, 37.0], "detection_boxes": [[0.45907488465309143, 0.05871686711907387, 0.7656825184822083, 0.13198454678058624], [0.7186962366104126, 0.06013981252908707, 0.7597613334655762, 0.08270920068025589]], "num_detections": [100.0]}, "2": {"detection_scores": [0.7834374308586121, 0.28748947381973267, 0.15075333416461945], "detection_classes": [1.0, 37.0, 37.0], "detection_boxes": [[0.4595283567905426, 0.05824318155646324, 0.7654104828834534, 0.1322738379240036], [0.7168413400650024, 0.07190270721912384, 0.7556819915771484, 0.09305918216705322], [0.5905744433403015, 0.1191493347287178, 0.6142094731330872, 0.12808527052402496]], "num_detections": [100.0]}, "3": {"detection_scores": [0.8512486815452576, 0.4746284484863281, 0.16654838621616364, 0.123056560754776], "detection_classes": [1.0, 37.0, 37.0, 37.0], "detection_boxes": [[0.4558991491794586, 0.06018875166773796, 0.7602735161781311, 0.13184687495231628], [0.7128563523292542, 0.08282165229320526, 0.750160813331604, 0.10203753411769867], [0.5925241708755493, 0.11860211938619614, 0.6150574684143066, 0.1275608241558075], [0.5990634560585022, 0.05856630951166153, 0.6164922118186951, 0.07449354976415634]], "num_detections": [100.0]}, "4": {"detection_scores": [0.848598062992096, 0.46160101890563965, 0.16468575596809387], "detection_classes": [1.0, 37.0, 37.0], "detection_boxes": [[0.45526155829429626, 0.062149304896593094, 0.7608862519264221, 0.13146792352199554], [0.7056881785392761, 0.09091485291719437, 0.7453905940055847, 0.1133183017373085], [0.5932512879371643, 0.11883996427059174, 0.6146479845046997, 0.12704819440841675]], "num_detections": [100.0]}, "5": {"detection_scores": [0.8209552764892578, 0.7946255803108215], "detection_classes": [1.0, 37.0], "detection_boxes": [[0.4576988220214844, 0.06312216818332672, 0.7679016590118408, 0.13122430443763733], [0.70268714427948, 0.10142233222723007, 0.7446397542953491, 0.12288323789834976]], "num_detections": [100.0]}, "6": {"detection_scores": [0.8003379702568054, 0.7679343819618225], "detection_classes": [37.0, 1.0], "detection_boxes": [[0.6984281539916992, 0.1120893582701683, 0.7403067946434021, 0.13516703248023987], [0.45262888073921204, 0.06293831765651703, 0.7658849954605103, 0.13201899826526642]], "num_detections": [100.0]}, "7": {"detection_scores": [0.7776332497596741, 0.4765138030052185], "detection_classes": [1.0, 37.0], "detection_boxes": [[0.454895943403244, 0.06239290162920952, 0.7699747085571289, 0.13155868649482727], [0.6888638734817505, 0.12217221409082413, 0.7348405122756958, 0.1461809277534485]], "num_detections": [100.0]}, "8": {"detection_scores": [0.819797158241272, 0.7051979899406433], "detection_classes": [1.0, 37.0], "detection_boxes": [[0.4539481997489929, 0.06157362088561058, 0.77237868309021, 0.13129238784313202], [0.6898002028465271, 0.13472478091716766, 0.7314358353614807, 0.15822409093379974]], "num_detections": [100.0]}, "9": {"detection_scores": [0.7937747240066528, 0.7693678140640259], "detection_classes": [1.0, 37.0], "detection_boxes": [[0.451814204454422, 0.06273697316646576, 0.7745101451873779, 0.13042083382606506], [0.6843740344047546, 0.14649929106235504, 0.7290822863578796, 0.17115183174610138]], "num_detections": [100.0]}, "10": {"detection_scores": [0.7418768405914307, 0.48130130767822266], "detection_classes": [1.0, 37.0], "detection_boxes": [[0.4502723813056946, 0.06302575021982193, 0.7751411199569702, 0.13050207495689392], [0.6786943078041077, 0.15919840335845947, 0.7263129353523254, 0.1841231882572174]], "num_detections": [100.0]}, "11": {"detection_scores": [0.7395826578140259, 0.5093767046928406], "detection_classes": [1.0, 37.0], "detection_boxes": [[0.44852563738822937, 0.061639636754989624, 0.7766782641410828, 0.1308472752571106], [0.6737595200538635, 0.17199943959712982, 0.7199411392211914, 0.19857226312160492]], "num_detections": [100.0]}, "12": {"detection_scores": [0.8235279321670532, 0.7430825233459473], "detection_classes": [37.0, 1.0], "detection_boxes": [[0.6685575246810913, 0.18625923991203308, 0.7178654074668884, 0.2115955948829651], [0.44612428545951843, 0.06316424906253815, 0.7722216844558716, 0.1303836852312088]], "num_detections": [100.0]}, "13": {"detection_scores": [0.7861337661743164, 0.7123160362243652], "detection_classes": [37.0, 1.0], "detection_boxes": [[0.6633073091506958, 0.19957204163074493, 0.7151078581809998, 0.22766025364398956], [0.44882234930992126, 0.06359682977199554, 0.7761366963386536, 0.13027046620845795]], "num_detections": [100.0]}, "14": {"detection_scores": [0.7567068338394165, 0.669754147529602], "detection_classes": [1.0, 37.0], "detection_boxes": [[0.4444925785064697, 0.06219414994120598, 0.7727657556533813, 0.13057199120521545], [0.661361038684845, 0.2150714099407196, 0.7091338038444519, 0.24255049228668213]], "num_detections": [100.0]}, "15": {"detection_scores": [0.7812572717666626, 0.7624533176422119], "detection_classes": [1.0, 37.0], "detection_boxes": [[0.4445425271987915, 0.06204143539071083, 0.7728545069694519, 0.1310049295425415], [0.6555866003036499, 0.2314237803220749, 0.7058651447296143, 0.258722722530365]], "num_detections": [100.0]}, "16": {"detection_scores": [0.824270486831665, 0.787903368473053], "detection_classes": [1.0, 37.0], "detection_boxes": [[0.4439656138420105, 0.06092524155974388, 0.7734676003456116, 0.1315319687128067], [0.6484435796737671, 0.24718116223812103, 0.7037431597709656, 0.27641230821609497]], "num_detections": [100.0]}, "17": {"detection_scores": [0.8339167833328247, 0.6889045834541321], "detection_classes": [1.0, 37.0], "detection_boxes": [[0.4441417455673218, 0.060625266283750534, 0.7735259532928467, 0.1322605460882187], [0.6478646397590637, 0.26557573676109314, 0.6973202228546143, 0.29358330368995667]], "num_detections": [100.0]}, "18": {"detection_scores": [0.8592422604560852, 0.38397467136383057], "detection_classes": [1.0, 37.0], "detection_boxes": [[0.4438410699367523, 0.061281006783246994, 0.7740700244903564, 0.13369260728359222], [0.643663763999939, 0.2823962867259979, 0.6956251263618469, 0.3120831549167633]], "num_detections": [100.0]}, "19": {"detection_scores": [0.8467549085617065, 0.8288149237632751], "detection_classes": [1.0, 37.0], "detection_boxes": [[0.44258466362953186, 0.06347062438726425, 0.7746067047119141, 0.13510188460350037], [0.6381264925003052, 0.30094149708747864, 0.6913557052612305, 0.331488698720932]], "num_detections": [100.0]}, "20": {"detection_scores": [0.8399943709373474, 0.60651695728302, 0.11501962691545486], "detection_classes": [1.0, 37.0, 37.0], "detection_boxes": [[0.4415607750415802, 0.06388449668884277, 0.7750115990638733, 0.13641755282878876], [0.632990300655365, 0.31962916254997253, 0.6859328150749207, 0.3501623570919037], [0.5725476741790771, 0.11779055744409561, 0.5972289443016052, 0.1273907870054245]], "num_detections": [100.0]}, "21": {"detection_scores": [0.8594419360160828, 0.6662428975105286], "detection_classes": [1.0, 37.0], "detection_boxes": [[0.4405513107776642, 0.06766576319932938, 0.7757123112678528, 0.1392669379711151], [0.6291157603263855, 0.34047988057136536, 0.6870673298835754, 0.37071236968040466]], "num_detections": [100.0]}, "22": {"detection_scores": [0.8781107664108276, 0.5591270923614502], "detection_classes": [1.0, 37.0], "detection_boxes": [[0.4396558701992035, 0.07056154310703278, 0.7763770818710327, 0.141055628657341], [0.6293554306030273, 0.36138415336608887, 0.684355616569519, 0.39134204387664795]], "num_detections": [100.0]},