{"0": {"detection_scores": [0.871304988861084, 0.6286611557006836, 0.283891499042511, 0.14066289365291595], "detection_classes": [1.0, 37.0, 37.0, 37.0], "detection_boxes": [[0.37973570823669434, 0.04960784688591957, 0.6880505084991455, 0.14465413987636566], [0.6446849703788757, 0.049898453056812286, 0.6882945895195007, 0.07237637042999268], [0.4734916687011719, 0.10428120940923691, 0.49457165598869324, 0.11157632619142532], [0.46688777208328247, 0.116087906062603, 0.5086649060249329, 0.13841846585273743]], "num_detections": [100.0]}, "1": {"detection_scores": [0.9002580642700195, 0.6674116849899292, 0.16442403197288513, 0.15355150401592255], "detection_classes": [1.0, 37.0, 37.0, 37.0], "detection_boxes": [[0.37755531072616577, 0.052180591970682144, 0.6804450750350952, 0.14464056491851807], [0.6420465707778931, 0.06720878928899765, 0.6833729147911072, 0.08740343898534775], [0.46781545877456665, 0.12054520845413208, 0.5028344392776489, 0.13792002201080322], [0.4661673903465271, 0.10583880543708801, 0.488534539937973, 0.11805738508701324]], "num_detections": [100.0]}, "2": {"detection_scores": [0.836348831653595, 0.68900066614151, 0.25824111700057983], "detection_classes": [1.0, 37.0, 37.0], "detection_boxes": [[0.3764651119709015, 0.05780445784330368, 0.684013843536377, 0.14243856072425842], [0.6389589309692383, 0.08253533393144608, 0.6805559396743774, 0.10233878344297409], [0.4619814455509186, 0.11925776302814484, 0.4906124770641327, 0.13618390262126923]], "num_detections": [100.0]}, "3": {"detection_scores": [0.8777287602424622, 0.7414124608039856, 0.220322847366333, 0.119878388941288], "detection_classes": [1.0, 37.0, 37.0, 37.0], "detection_boxes": [[0.37514936923980713, 0.058021556586027145, 0.6843323707580566, 0.14186781644821167], [0.6366270780563354, 0.09691742807626724, 0.6766241192817688, 0.11969960480928421], [0.461463063955307, 0.11979245394468307, 0.48820599913597107, 0.13537584245204926], [0.5022436380386353, 0.056368663907051086, 0.5204233527183533, 0.06557261198759079]], "num_detections": [100.0]}, "4": {"detection_scores": [0.8782692551612854, 0.4820125997066498, 0.25370538234710693, 0.1300145536661148], "detection_classes": [1.0, 37.0, 37.0, 37.0], "detection_boxes": [[0.3709263503551483, 0.05954725295305252, 0.6863583922386169, 0.13974517583847046], [0.6356566548347473, 0.11396385729312897, 0.6750896573066711, 0.13663439452648163], [0.4571841061115265, 0.12087471038103104, 0.48768338561058044, 0.1365818977355957], [0.4874015152454376, 0.13254126906394958, 0.5137801170349121, 0.1421383023262024]], "num_detections": [100.0]}, "5": {"detection_scores": [0.8443552851676941, 0.7948240041732788, 0.19968001544475555, 0.18685604631900787, 0.10169504582881927], "detection_classes": [1.0, 37.0, 37.0, 37.0, 1.0], "detection_boxes": [[0.3685188293457031, 0.05991595610976219, 0.6851598024368286, 0.1358405351638794], [0.63224196434021, 0.13102026283740997, 0.6722029447555542, 0.15376605093479156], [0.44276607036590576, 0.11900019645690918, 0.481294184923172, 0.13765642046928406], [0.4894903004169464, 0.13440608978271484, 0.508432149887085, 0.14183270931243896], [0.4305739998817444, 0.13638535141944885, 0.4945504665374756, 0.15124496817588806]], "num_detections": [100.0]}, "6": {"detection_scores": [0.8757681846618652, 0.8026757836341858, 0.20098772644996643, 0.16266046464443207], "detection_classes": [37.0, 1.0, 37.0, 37.0], "detection_boxes": [[0.6256551146507263, 0.148873969912529, 0.6701405644416809, 0.1718619018793106], [0.3655557632446289, 0.059816449880599976, 0.6859869956970215, 0.13493433594703674], [0.44527295231819153, 0.11953014880418777, 0.4779929518699646, 0.13736702501773834], [0.467546671628952, 0.12982185184955597, 0.5009382367134094, 0.1410072296857834]], "num_detections": [100.0]}, "7": {"detection_scores": [0.8175902962684631, 0.6629671454429626, 0.22223514318466187, 0.1696191430091858, 0.1258184313774109, 0.11427594721317291, 0.10556754469871521], "detection_classes": [1.0, 37.0, 37.0, 37.0, 37.0, 1.0, 37.0], "detection_boxes": [[0.35869932174682617, 0.06046499311923981, 0.6822081208229065, 0.1333661675453186], [0.6197840571403503, 0.16878670454025269, 0.666951596736908, 0.19171279668807983], [0.443083256483078, 0.11962158977985382, 0.478038489818573, 0.1374213546514511], [0.44894713163375854, 0.1106119155883789, 0.4909150302410126, 0.11964914202690125], [0.5878248810768127, 0.09034843742847443, 0.6231197118759155, 0.10689125955104828], [0.42918092012405396, 0.13553552329540253, 0.4959614872932434, 0.1517491191625595], [0.46939313411712646, 0.05229200795292854, 0.4983968436717987, 0.06482414901256561]], "num_detections": [100.0]}, "8": {"detection_scores": [0.8616957664489746, 0.6032359004020691, 0.19836987555027008, 0.1112142875790596, 0.105986587703228], "detection_classes": [1.0, 37.0, 1.0, 37.0, 37.0], "detection_boxes": [[0.3568918704986572, 0.060928914695978165, 0.6822642683982849, 0.13767439126968384], [0.6171918511390686, 0.1883459985256195, 0.6607517600059509, 0.21176603436470032], [0.4305160641670227, 0.1362520456314087, 0.4937223792076111, 0.15163657069206238], [0.4736011326313019, 0.12977777421474457, 0.49584588408470154, 0.14007674157619476], [0.4730702340602875, 0.05390316992998123, 0.49622052907943726, 0.06435141712427139]], "num_detections": [100.0]}, "9": {"detection_scores": [0.8134081959724426, 0.6149306893348694, 0.12177225202322006, 0.10769630968570709], "detection_classes": [1.0, 37.0, 37.0, 1.0], "detection_boxes": [[0.3525553047657013, 0.061619654297828674, 0.6860356330871582, 0.1450663059949875], [0.6133543252944946, 0.20628611743450165, 0.6599899530410767, 0.23233859241008759], [0.4731936454772949, 0.053462833166122437, 0.4945610463619232, 0.06373079866170883], [0.43113091588020325, 0.13547933101654053, 0.49243664741516113, 0.1516583263874054]], "num_detections": [100.0]}, "10": {"detection_scores": [0.8411800861358643, 0.789768636226654, 0.22732329368591309, 0.10059516876935959], "detection_classes": [37.0, 1.0, 37.0, 1.0], "detection_boxes": [[0.609630823135376, 0.22802335023880005, 0.6579228043556213, 0.2528534531593323], [0.3496074378490448, 0.061119161546230316, 0.6852412223815918, 0.13791421055793762], [0.47635942697525024, 0.053010933101177216, 0.491600900888443, 0.06189680099487305], [0.43170133233070374, 0.13592781126499176, 0.49247148633003235, 0.15135331451892853]], "num_detections": [100.0]}, "11": {"detection_scores": [0.8538967967033386, 0.8365574479103088, 0.10435764491558075], "detection_classes": [37.0, 1.0, 37.0], "detection_boxes": [[0.6062323451042175, 0.24914193153381348, 0.6543078422546387, 0.2733762860298157], [0.3458920121192932, 0.06256122887134552, 0.6854934096336365, 0.13599084317684174], [0.47533464431762695, 0.05391572788357735, 0.49154436588287354, 0.06449373811483383]], "num_detections": [100.0]}, "12": {"detection_scores": [0.8446460962295532, 0.6925092935562134, 0.12627413868904114, 0.12215348333120346, 0.10648653656244278], "detection_classes": [1.0, 37.0, 37.0, 1.0, 37.0], "detection_boxes": [[0.3445710241794586, 0.06233265995979309, 0.6861974596977234, 0.1361360251903534], [0.6046433448791504, 0.2696708142757416, 0.6521766185760498, 0.29553279280662537], [0.45408228039741516, 0.13004831969738007, 0.4853111207485199, 0.14018379151821136], [0.4315283000469208, 0.13554386794567108, 0.4927115738391876, 0.1511298567056656], [0.47576066851615906, 0.053828559815883636, 0.49051108956336975, 0.06316918879747391]], "num_detections": [100.0]}, "13": {"detection_scores": [0.8072418570518494, 0.58221435546875, 0.11812664568424225, 0.11757716536521912], "detection_classes": [1.0, 37.0, 1.0, 37.0], "detection_boxes": [[0.3429639935493469, 0.06368239223957062, 0.6842912435531616, 0.13597379624843597], [0.5998311042785645, 0.2929154634475708, 0.6485264897346497, 0.31903862953186035], [0.4312119483947754, 0.13560770452022552, 0.49306386709213257, 0.15133263170719147], [0.4754752516746521, 0.05583157390356064, 0.4911600649356842, 0.06410451978445053]], "num_detections": [100.0]},