{"0": {"detection_scores": [0.8185356855392456, 0.5162906646728516, 0.10645933449268341], "detection_classes": [1.0, 37.0, 37.0], "detection_boxes": [[0.3686125576496124, 0.045490387827157974, 0.6889598965644836, 0.11391077935695648], [0.6470129489898682, 0.05223408713936806, 0.6836392283439636, 0.07591494917869568], [0.472346693277359, 0.10738913714885712, 0.49447405338287354, 0.11388754844665527]], "num_detections": [100.0]}, "1": {"detection_scores": [0.833691418170929, 0.4567817747592926], "detection_classes": [1.0, 37.0], "detection_boxes": [[0.3656141459941864, 0.046112917363643646, 0.6882655024528503, 0.11523810774087906], [0.6411951184272766, 0.06268462538719177, 0.6793044805526733, 0.08320075273513794]], "num_detections": [100.0]}, "2": {"detection_scores": [0.7892765998840332, 0.5400514006614685], "detection_classes": [1.0, 37.0], "detection_boxes": [[0.36451464891433716, 0.048100925981998444, 0.6869326829910278, 0.11681316047906876], [0.6329617500305176, 0.07642043381929398, 0.6725584864616394, 0.09570946544408798]], "num_detections": [100.0]}, "3": {"detection_scores": [0.8805130124092102, 0.7737764716148376], "detection_classes": [37.0, 1.0], "detection_boxes": [[0.6273871660232544, 0.08640117198228836, 0.6693441271781921, 0.10675086826086044], [0.36040252447128296, 0.0485086664557457, 0.6831750273704529, 0.11851341277360916]], "num_detections": [100.0]}, "4": {"detection_scores": [0.774211049079895, 0.5496801137924194], "detection_classes": [1.0, 37.0], "detection_boxes": [[0.3584355115890503, 0.04866110533475876, 0.6838953495025635, 0.12056117504835129], [0.6191235184669495, 0.09755092114210129, 0.6635718941688538, 0.12041359394788742]], "num_detections": [100.0]}, "5": {"detection_scores": [0.8404866456985474, 0.7934063076972961], "detection_classes": [1.0, 37.0], "detection_boxes": [[0.35753291845321655, 0.053877152502536774, 0.6833527684211731, 0.12195571511983871], [0.6145957708358765, 0.11032728105783463, 0.6589623689651489, 0.13227757811546326]], "num_detections": [100.0]}, "6": {"detection_scores": [0.8667536377906799, 0.8178805112838745], "detection_classes": [1.0, 37.0], "detection_boxes": [[0.35464251041412354, 0.05449408292770386, 0.6839924454689026, 0.12297224998474121], [0.6079612374305725, 0.12330237030982971, 0.6504774689674377, 0.14532554149627686]], "num_detections": [100.0]}, "7": {"detection_scores": [0.8492766618728638, 0.5051183104515076], "detection_classes": [1.0, 37.0], "detection_boxes": [[0.3521338999271393, 0.05602384731173515, 0.6826550364494324, 0.12575596570968628], [0.6002407073974609, 0.1367185264825821, 0.6462818384170532, 0.15950621664524078]], "num_detections": [100.0]}, "8": {"detection_scores": [0.8240385055541992, 0.7809851169586182], "detection_classes": [1.0, 37.0], "detection_boxes": [[0.3497476577758789, 0.06574125587940216, 0.6818914413452148, 0.12605269253253937], [0.5906404256820679, 0.1510876715183258, 0.6404967308044434, 0.17431175708770752]], "num_detections": [100.0]}, "9": {"detection_scores": [0.8195697069168091, 0.5293297171592712, 0.1610737293958664, 0.12799221277236938], "detection_classes": [1.0, 37.0, 37.0, 37.0], "detection_boxes": [[0.3494454622268677, 0.06371309608221054, 0.6800675988197327, 0.12748262286186218], [0.5884182453155518, 0.16615891456604004, 0.6355075240135193, 0.18884685635566711], [0.49580007791519165, 0.05498833581805229, 0.5134768486022949, 0.06461186707019806], [0.44804656505584717, 0.060674987733364105, 0.47595086693763733, 0.06804416328668594]], "num_detections": [100.0]}, "10": {"detection_scores": [0.854154109954834, 0.8532900214195251, 0.1325632631778717], "detection_classes": [1.0, 37.0, 37.0], "detection_boxes": [[0.34828412532806396, 0.06417551636695862, 0.6831058263778687, 0.1291109323501587], [0.5792861580848694, 0.18055211007595062, 0.6296657919883728, 0.20563502609729767], [0.4486404061317444, 0.0604076161980629, 0.4767252504825592, 0.06813424080610275]], "num_detections": [100.0]}, "11": {"detection_scores": [0.8567283749580383, 0.7029759883880615, 0.10995855182409286], "detection_classes": [1.0, 37.0, 37.0], "detection_boxes": [[0.34508368372917175, 0.0651475191116333, 0.6846513152122498, 0.12984853982925415], [0.5730088949203491, 0.19549337029457092, 0.6234375834465027, 0.2215571403503418], [0.4473337233066559, 0.06073649972677231, 0.47640037536621094, 0.06763491779565811]], "num_detections": [100.0]}, "12": {"detection_scores": [0.8783007860183716, 0.6719928979873657], "detection_classes": [1.0, 37.0], "detection_boxes": [[0.3430975377559662, 0.06258523464202881, 0.688093900680542, 0.13120129704475403], [0.5662125945091248, 0.2122247815132141, 0.6165397763252258, 0.23963463306427002]], "num_detections": [100.0]}, "13": {"detection_scores": [0.8529176712036133, 0.6869049668312073], "detection_classes": [1.0, 37.0], "detection_boxes": [[0.3421317934989929, 0.0641305148601532, 0.6929837465286255, 0.1321956366300583], [0.5590307116508484, 0.22903840243816376, 0.61106938123703, 0.2582795023918152]], "num_detections": [100.0]}, "14": {"detection_scores": [0.8404250741004944, 0.7496019601821899, 0.2396724820137024, 0.1892995983362198, 0.10747753828763962], "detection_classes": [1.0, 37.0, 37.0, 37.0, 37.0], "detection_boxes": [[0.34308451414108276, 0.0634385198354721, 0.6949627995491028, 0.13362811505794525], [0.5532557368278503, 0.24848231673240662, 0.6026723384857178, 0.27556124329566956], [0.47047778964042664, 0.08281925320625305, 0.4960289001464844, 0.09498514235019684], [0.5928597450256348, 0.2657642364501953, 0.6073781847953796, 0.27324163913726807], [0.485942006111145, 0.06325267255306244, 0.5085737109184265, 0.07318109273910522]], "num_detections": [100.0]}, "15": {"detection_scores": [0.7609555125236511, 0.5348814129829407, 0.14782948791980743, 0.12265888601541519], "detection_classes": [1.0, 37.0, 37.0, 37.0], "detection_boxes": [[0.3410927951335907, 0.06514537334442139, 0.695854902267456, 0.13441425561904907], [0.5445988178253174, 0.2673451006412506, 0.5961284041404724, 0.2961832582950592], [0.4724041223526001, 0.08279208838939667, 0.49785077571868896, 0.09624336659908295], [0.4861137866973877, 0.06457085907459259, 0.5081652402877808, 0.0734943300485611]], "num_detections": [100.0]}, "16": {"detection_scores": [0.8129391074180603, 0.48978525400161743, 0.12421178072690964], "detection_classes": [1.0, 37.0, 37.0], "detection_boxes": [[0.3417048752307892, 0.07148919999599457, 0.6962339282035828, 0.13594673573970795], [0.5371946096420288, 0.2862716019153595, 0.5929079651832581, 0.31546899676322937], [0.47407758235931396, 0.08375357836484909, 0.4960828721523285, 0.09740699082612991]], "num_detections": [100.0]}, "17": {"detection_scores": [0.842472493648529, 0.7517650127410889, 0.11647503077983856, 0.10231153666973114], "detection_classes": [1.0, 37.0, 37.0, 37.0], "detection_boxes": [[0.3395884037017822, 0.07175643742084503, 0.6986660957336426, 0.13734197616577148], [0.5321088433265686, 0.3068860173225403, 0.588070273399353, 0.337715208530426], [0.4863874912261963, 0.06805397570133209, 0.5093922019004822, 0.07929965853691101], [0.4722903072834015, 0.08720850944519043, 0.499843031167984, 0.10348242521286011]], "num_detections": [100.0]}, "18": {"detection_scores": [0.8331989049911499, 0.44117316603660583, 0.11205202341079712], "detection_classes": [1.0, 37.0, 37.0], "detection_boxes": [[0.33949360251426697, 0.0737464427947998, 0.6977980732917786, 0.13801217079162598], [0.5217457413673401, 0.3290555477142334, 0.5805020332336426, 0.35954558849334717], [0.4739634692668915, 0.08930829167366028, 0.5008569955825806, 0.10177469253540039]], "num_detections": [100.0]}, "19": {"detection_scores": [0.8190274238586426, 0.6336967945098877, 0.12323574721813202], "detection_classes": [1.0, 37.0, 37.0],