{"0": {"detection_scores": [0.736484706401825, 0.6718981266021729], "detection_classes": [1.0, 37.0], "detection_boxes": [[0.38393428921699524, 0.04551872983574867, 0.6880940198898315, 0.11360321938991547], [0.643240749835968, 0.05218855291604996, 0.6811606884002686, 0.07109733670949936]], "num_detections": [100.0]}, "1": {"detection_scores": [0.7849515676498413, 0.7846359610557556], "detection_classes": [1.0, 37.0], "detection_boxes": [[0.3836124837398529, 0.045311909168958664, 0.6869409084320068, 0.11483973264694214], [0.6307452321052551, 0.058738283812999725, 0.6641636490821838, 0.07588250190019608]], "num_detections": [100.0]}, "2": {"detection_scores": [0.8167403936386108, 0.21037042140960693, 0.123543880879879], "detection_classes": [1.0, 37.0, 37.0], "detection_boxes": [[0.3827162981033325, 0.04743112996220589, 0.6880244612693787, 0.11584141850471497], [0.617827832698822, 0.06329904496669769, 0.6526015400886536, 0.08175750076770782], [0.5194228291511536, 0.04640356823801994, 0.5394970774650574, 0.05731426551938057]], "num_detections": [100.0]}, "3": {"detection_scores": [0.8595706820487976, 0.3207451403141022], "detection_classes": [1.0, 37.0], "detection_boxes": [[0.38130292296409607, 0.046468961983919144, 0.6874649524688721, 0.11618655920028687], [0.6025832295417786, 0.07011403143405914, 0.6445785164833069, 0.09007848799228668]], "num_detections": [100.0]}, "4": {"detection_scores": [0.8558573722839355, 0.7214148640632629], "detection_classes": [1.0, 37.0], "detection_boxes": [[0.3821309208869934, 0.04719845950603485, 0.688128650188446, 0.11671565473079681], [0.5951122045516968, 0.07847819477319717, 0.634303092956543, 0.09882526844739914]], "num_detections": [100.0]}, "5": {"detection_scores": [0.8525816798210144, 0.8014554381370544], "detection_classes": [1.0, 37.0], "detection_boxes": [[0.3829912841320038, 0.04816274344921112, 0.6857755780220032, 0.11641561985015869], [0.5830757021903992, 0.08629895746707916, 0.6256396770477295, 0.10606555640697479]], "num_detections": [100.0]}, "6": {"detection_scores": [0.8573718070983887, 0.7772719264030457], "detection_classes": [1.0, 37.0], "detection_boxes": [[0.3818436563014984, 0.04842313379049301, 0.6840887665748596, 0.11726828664541245], [0.5705272555351257, 0.09307412803173065, 0.6135090589523315, 0.11374562978744507]], "num_detections": [100.0]}, "7": {"detection_scores": [0.8385528922080994, 0.6234636902809143], "detection_classes": [1.0, 37.0], "detection_boxes": [[0.3767959475517273, 0.04851020127534866, 0.6865547895431519, 0.11827725917100906], [0.5565308332443237, 0.09921383857727051, 0.6025880575180054, 0.12095709145069122]], "num_detections": [100.0]}, "8": {"detection_scores": [0.8143082857131958, 0.47083568572998047], "detection_classes": [1.0, 37.0], "detection_boxes": [[0.37274453043937683, 0.04951309412717819, 0.6921722292900085, 0.11830095201730728], [0.5461781024932861, 0.10556302964687347, 0.5904826521873474, 0.1312229484319687]], "num_detections": [100.0]}, "9": {"detection_scores": [0.7643276453018188, 0.6370664238929749, 0.10430236905813217], "detection_classes": [1.0, 37.0, 37.0], "detection_boxes": [[0.36952635645866394, 0.050405312329530716, 0.6952299475669861, 0.11889378726482391], [0.5312240719795227, 0.1161920428276062, 0.579025149345398, 0.13952744007110596], [0.5204107761383057, 0.048678360879421234, 0.5384841561317444, 0.056963808834552765]], "num_detections": [100.0]}, "10": {"detection_scores": [0.8795815706253052, 0.7563552856445312], "detection_classes": [37.0, 1.0], "detection_boxes": [[0.5174845457077026, 0.12478471547365189, 0.5677449703216553, 0.14934013783931732], [0.3674800395965576, 0.05410584434866905, 0.6971297860145569, 0.12019334733486176]], "num_detections": [100.0]}, "11": {"detection_scores": [0.7865484952926636, 0.622914731502533], "detection_classes": [1.0, 37.0], "detection_boxes": [[0.3687879145145416, 0.05282513424754143, 0.6968993544578552, 0.12170495092868805], [0.5023437142372131, 0.13479241728782654, 0.5495464205741882, 0.15792417526245117]], "num_detections": [100.0]}, "12": {"detection_scores": [0.8297589421272278, 0.5319200158119202], "detection_classes": [1.0, 37.0], "detection_boxes": [[0.3691357970237732, 0.054151296615600586, 0.6991008520126343, 0.12180180847644806], [0.4873187839984894, 0.14361827075481415, 0.5361365079879761, 0.16623999178409576]], "num_detections": [100.0]}, "13": {"detection_scores": [0.8282352685928345], "detection_classes": [1.0], "detection_boxes": [[0.3703094720840454, 0.05396076291799545, 0.698408305644989, 0.12240039557218552]], "num_detections": [100.0]}, "14": {"detection_scores": [0.8528890609741211, 0.21882885694503784], "detection_classes": [1.0, 37.0], "detection_boxes": [[0.36797934770584106, 0.056973397731781006, 0.6989433765411377, 0.1221216470003128], [0.4651736617088318, 0.16530106961727142, 0.5107315182685852, 0.18773464858531952]], "num_detections": [100.0]}, "15": {"detection_scores": [0.8466370105743408, 0.12245307862758636], "detection_classes": [1.0, 1.0], "detection_boxes": [[0.3659493625164032, 0.05822472274303436, 0.698528528213501, 0.12389515340328217], [0.4379682242870331, 0.17245224118232727, 0.5075008273124695, 0.20076897740364075]], "num_detections": [100.0]}, "16": {"detection_scores": [0.8869721293449402, 0.47127068042755127], "detection_classes": [1.0, 37.0], "detection_boxes": [[0.36484333872795105, 0.057301249355077744, 0.6987167000770569, 0.12393523752689362], [0.4369554817676544, 0.18488818407058716, 0.48576515913009644, 0.2134108543395996]], "num_detections": [100.0]}, "17": {"detection_scores": [0.8440689444541931, 0.6606502532958984], "detection_classes": [1.0, 37.0], "detection_boxes": [[0.3624230921268463, 0.05857705697417259, 0.6993235945701599, 0.1250472366809845], [0.41978636384010315, 0.196399986743927, 0.47167786955833435, 0.22416016459465027]], "num_detections": [100.0]}, "18": {"detection_scores": [0.8737397193908691, 0.8077967166900635], "detection_classes": [37.0, 1.0], "detection_boxes": [[0.4060230553150177, 0.20865601301193237, 0.458587646484375, 0.2380058765411377], [0.3619806468486786, 0.05887148901820183, 0.6982877850532532, 0.1259084790945053]], "num_detections": [100.0]}, "19": {"detection_scores": [0.8110190629959106, 0.7785319089889526], "detection_classes": [1.0, 37.0], "detection_boxes": [[0.3610961437225342, 0.061587464064359665, 0.6977018117904663, 0.12853029370307922], [0.39083027839660645, 0.22230754792690277, 0.4443032741546631, 0.249839648604393]], "num_detections": [100.0]}, "20": {"detection_scores": [0.8381811380386353, 0.47935110330581665], "detection_classes": [1.0, 37.0], "detection_boxes": [[0.3617163598537445, 0.06102609261870384, 0.6969168782234192, 0.12901341915130615], [0.37689873576164246, 0.23575061559677124, 0.4286963641643524, 0.2631717622280121]], "num_detections": [100.0]}, "21": {"detection_scores": [0.8377044200897217, 0.7615527510643005], "detection_classes": [1.0, 37.0], "detection_boxes": [[0.3605458736419678, 0.061770256608724594, 0.6965570449829102, 0.12954184412956238], [0.3590916097164154, 0.24954481422901154, 0.4147445261478424, 0.27936220169067383]], "num_detections": [100.0]}, "22": {"detection_scores": [0.8737252950668335, 0.8644098043441772], "detection_classes": [37.0, 1.0], "detection_boxes": [[0.34424883127212524, 0.262710303068161, 0.4003284275531769, 0.2943098843097687], [0.35943764448165894, 0.06316597759723663, 0.6975202560424805, 0.1310047209262848]], "num_detections": [100.0]}, "23": {"detection_scores": [0.8483616709709167, 0.8306170701980591], "detection_classes": [37.0, 1.0], "detection_boxes": [[0.3268047273159027, 0.2777746319770813, 0.3861696422100067, 0.3091166019439697], [0.3577970862388611, 0.06464165449142456, 0.6969650983810425, 0.1317775994539261]], "num_detections": [100.0]}, "24": {"detection_scores": [0.8639437556266785, 0.8156726956367493], "detection_classes": [37.0, 1.0],