{"0": {"detection_scores": [0.7984235286712646, 0.6915271878242493], "detection_classes": [1.0, 37.0], "detection_boxes": [[0.3677061200141907, 0.04857128858566284, 0.6895618438720703, 0.11961713433265686], [0.6390168070793152, 0.05685514956712723, 0.6827576756477356, 0.07704780250787735]], "num_detections": [100.0]}, "1": {"detection_scores": [0.7789004445075989, 0.6940703988075256, 0.11463385075330734, 0.10800556093454361], "detection_classes": [1.0, 37.0, 37.0, 1.0], "detection_boxes": [[0.3651290535926819, 0.05272171273827553, 0.6863259077072144, 0.1223425567150116], [0.6317498087882996, 0.06405908614397049, 0.6709333062171936, 0.08554727584123611], [0.5340406894683838, 0.11330637335777283, 0.5590521097183228, 0.11876511573791504], [0.5072017908096313, 0.11133074015378952, 0.5573272705078125, 0.11954238265752792]], "num_detections": [100.0]}, "2": {"detection_scores": [0.8247462511062622, 0.5813160538673401, 0.12329431623220444, 0.10316199064254761], "detection_classes": [1.0, 37.0, 37.0, 1.0], "detection_boxes": [[0.36536338925361633, 0.055818475782871246, 0.6863714456558228, 0.1225150004029274], [0.6243616342544556, 0.07365310937166214, 0.6655082106590271, 0.09624602645635605], [0.5404651761054993, 0.11501850932836533, 0.5556148886680603, 0.12009472399950027], [0.4941084384918213, 0.11018701642751694, 0.545845091342926, 0.12025698274374008]], "num_detections": [100.0]}, "3": {"detection_scores": [0.8166263699531555, 0.7214933037757874, 0.18162846565246582, 0.10363823175430298], "detection_classes": [1.0, 37.0, 37.0, 1.0], "detection_boxes": [[0.36440739035606384, 0.05544991418719292, 0.6869463324546814, 0.12400531768798828], [0.6180607676506042, 0.08562768995761871, 0.6561545729637146, 0.10584911704063416], [0.4722129702568054, 0.10897773504257202, 0.5338134169578552, 0.11961273849010468], [0.4869253933429718, 0.10714254528284073, 0.5473448634147644, 0.1206861212849617]], "num_detections": [100.0]}, "4": {"detection_scores": [0.8218775391578674, 0.6788920164108276], "detection_classes": [1.0, 37.0], "detection_boxes": [[0.35808438062667847, 0.056911468505859375, 0.6851913332939148, 0.12679298222064972], [0.6034373044967651, 0.09284300357103348, 0.6507291793823242, 0.11831682175397873]], "num_detections": [100.0]}, "5": {"detection_scores": [0.8071234822273254, 0.7004307508468628], "detection_classes": [1.0, 37.0], "detection_boxes": [[0.3549872934818268, 0.061718303710222244, 0.6858920454978943, 0.12806043028831482], [0.5963175892829895, 0.10655678063631058, 0.6412020921707153, 0.12912610173225403]], "num_detections": [100.0]}, "6": {"detection_scores": [0.9027658700942993, 0.7146339416503906, 0.17723019421100616], "detection_classes": [1.0, 37.0, 37.0], "detection_boxes": [[0.35516828298568726, 0.0641273632645607, 0.6813578009605408, 0.13140356540679932], [0.5859640836715698, 0.11799876391887665, 0.6329447031021118, 0.14079292118549347], [0.47413700819015503, 0.06213068217039108, 0.4974425733089447, 0.07265449315309525]], "num_detections": [100.0]}, "7": {"detection_scores": [0.8871384263038635, 0.7324652075767517, 0.14521682262420654], "detection_classes": [1.0, 37.0, 37.0], "detection_boxes": [[0.3530662953853607, 0.0656428188085556, 0.6767337322235107, 0.13136784732341766], [0.5741874575614929, 0.13095811009407043, 0.6226648092269897, 0.15383043885231018], [0.4752762019634247, 0.06310562789440155, 0.4932613968849182, 0.07266102731227875]], "num_detections": [100.0]}, "8": {"detection_scores": [0.863501787185669, 0.7380744814872742, 0.13212546706199646], "detection_classes": [1.0, 37.0, 1.0], "detection_boxes": [[0.3491773307323456, 0.06710318475961685, 0.6756275296211243, 0.13254699110984802], [0.5636647939682007, 0.1431962102651596, 0.6150580644607544, 0.16785289347171783], [0.48767390847206116, 0.11468292027711868, 0.5502380132675171, 0.1267031878232956]], "num_detections": [100.0]}, "9": {"detection_scores": [0.8138220310211182, 0.7279089093208313, 0.15335257351398468, 0.12441360205411911], "detection_classes": [37.0, 1.0, 37.0, 1.0], "detection_boxes": [[0.5538904666900635, 0.15801434218883514, 0.6042982935905457, 0.18199239671230316], [0.3465728759765625, 0.06803962588310242, 0.676294207572937, 0.13327708840370178], [0.47667136788368225, 0.06729516386985779, 0.49117785692214966, 0.07899637520313263], [0.49094778299331665, 0.11591994762420654, 0.5451511144638062, 0.12722289562225342]], "num_detections": [100.0]}, "10": {"detection_scores": [0.7606111168861389, 0.582034707069397, 0.18462757766246796, 0.15039223432540894], "detection_classes": [1.0, 37.0, 37.0, 1.0], "detection_boxes": [[0.34575629234313965, 0.07026106119155884, 0.6766582727432251, 0.13599830865859985], [0.5437005758285522, 0.17250290513038635, 0.593574047088623, 0.19782912731170654], [0.47741642594337463, 0.0683790072798729, 0.4887619912624359, 0.07913076132535934], [0.4892159700393677, 0.11564334481954575, 0.5491706728935242, 0.1294379085302353]], "num_detections": [100.0]}, "11": {"detection_scores": [0.8333380222320557, 0.7908502817153931, 0.2446868121623993], "detection_classes": [1.0, 37.0, 37.0], "detection_boxes": [[0.3420462906360626, 0.07122379541397095, 0.6697121858596802, 0.13663944602012634], [0.5310624837875366, 0.18606357276439667, 0.5824914574623108, 0.2131415158510208], [0.47666770219802856, 0.06851103156805038, 0.4886374771595001, 0.07837634533643723]], "num_detections": [100.0]}, "12": {"detection_scores": [0.8797837495803833, 0.7470750212669373, 0.19432343542575836], "detection_classes": [1.0, 37.0, 37.0], "detection_boxes": [[0.33992093801498413, 0.07242655754089355, 0.6661081314086914, 0.1398652046918869], [0.519135594367981, 0.20385338366031647, 0.5721320509910583, 0.22940437495708466], [0.4784146845340729, 0.07169881463050842, 0.4893132448196411, 0.07977192103862762]], "num_detections": [100.0]}, "13": {"detection_scores": [0.8318040370941162, 0.38750481605529785, 0.13629059493541718], "detection_classes": [1.0, 37.0, 37.0], "detection_boxes": [[0.34001901745796204, 0.07464584708213806, 0.6587218046188354, 0.14183053374290466], [0.5098556280136108, 0.2201063483953476, 0.5609335899353027, 0.24601908028125763], [0.4770744740962982, 0.07020977884531021, 0.48864197731018066, 0.07965951412916183]], "num_detections": [100.0]}, "14": {"detection_scores": [0.8326642513275146, 0.1525147706270218], "detection_classes": [1.0, 37.0], "detection_boxes": [[0.3379780650138855, 0.07661932706832886, 0.658940315246582, 0.14491108059883118], [0.47651833295822144, 0.07462165504693985, 0.4894435703754425, 0.08550461381673813]], "num_detections": [100.0]}, "15": {"detection_scores": [0.8687333464622498, 0.12753921747207642], "detection_classes": [1.0, 37.0], "detection_boxes": [[0.33908092975616455, 0.07746954262256622, 0.6561588048934937, 0.14765749871730804], [0.47605419158935547, 0.07071641087532043, 0.4887169897556305, 0.08023042976856232]], "num_detections": [100.0]}, "16": {"detection_scores": [0.8615488409996033, 0.5401898622512817, 0.19505442678928375], "detection_classes": [1.0, 37.0, 1.0], "detection_boxes": [[0.34015265107154846, 0.0796501487493515, 0.6546142101287842, 0.15136553347110748], [0.47322139143943787, 0.2759045958518982, 0.5263803601264954, 0.30589431524276733], [0.4727439880371094, 0.26665347814559937, 0.5543131232261658, 0.3065013885498047]], "num_detections": [100.0]}, "17": {"detection_scores": [0.8343982100486755, 0.514762282371521, 0.15514245629310608], "detection_classes": [1.0, 37.0, 37.0], "detection_boxes": [[0.3372197151184082, 0.08418457210063934, 0.6574414372444153, 0.15336009860038757], [0.4603002965450287, 0.29790088534355164, 0.5153111815452576, 0.3286290466785431], [0.47709089517593384, 0.08217518031597137, 0.4925306737422943, 0.09671194851398468]], "num_detections": [100.0]}, "18": {"detection_scores": [0.873067319393158, 0.6736925840377808, 0.29464974999427795, 0.15120279788970947, 0.10824164748191833], "detection_classes": [1.0, 37.0, 37.0, 37.0, 1.0],