{"0": {"detection_scores": [0.8580172657966614, 0.7391452193260193], "detection_classes": [1.0, 37.0], "detection_boxes": [[0.36566346883773804, 0.04958252236247063, 0.6884061694145203, 0.13398808240890503], [0.6452545523643494, 0.057573284953832626, 0.685900092124939, 0.07686981558799744]], "num_detections": [100.0]}, "1": {"detection_scores": [0.8682236671447754, 0.7573713064193726], "detection_classes": [1.0, 37.0], "detection_boxes": [[0.36618682742118835, 0.05195491388440132, 0.6736173629760742, 0.1329348236322403], [0.645213782787323, 0.07219880819320679, 0.6885139346122742, 0.09340137243270874]], "num_detections": [100.0]}, "2": {"detection_scores": [0.8913232088088989, 0.74649578332901], "detection_classes": [1.0, 37.0], "detection_boxes": [[0.3628617823123932, 0.061771586537361145, 0.6731989979743958, 0.13450005650520325], [0.6477128267288208, 0.08608239144086838, 0.6848791837692261, 0.10487882047891617]], "num_detections": [100.0]}, "3": {"detection_scores": [0.8669309020042419, 0.7052809000015259], "detection_classes": [1.0, 37.0], "detection_boxes": [[0.36003240942955017, 0.06581417471170425, 0.6933484077453613, 0.1319650113582611], [0.6467353701591492, 0.10067149996757507, 0.6855330467224121, 0.1198597401380539]], "num_detections": [100.0]}, "4": {"detection_scores": [0.8743280172348022, 0.6263329982757568], "detection_classes": [1.0, 37.0], "detection_boxes": [[0.35994258522987366, 0.06442742049694061, 0.6935994625091553, 0.1326998621225357], [0.645545482635498, 0.11319266259670258, 0.6866183876991272, 0.13569873571395874]], "num_detections": [100.0]}, "5": {"detection_scores": [0.8266183137893677, 0.782589316368103], "detection_classes": [1.0, 37.0], "detection_boxes": [[0.3581397533416748, 0.06803113967180252, 0.6955721974372864, 0.1301981657743454], [0.6447387337684631, 0.1287333369255066, 0.6877701878547668, 0.15004411339759827]], "num_detections": [100.0]}, "6": {"detection_scores": [0.8012929558753967, 0.7257274389266968], "detection_classes": [37.0, 1.0], "detection_boxes": [[0.6436863541603088, 0.14479565620422363, 0.6874728798866272, 0.16514402627944946], [0.35210365056991577, 0.06653076410293579, 0.6912051439285278, 0.13167297840118408]], "num_detections": [100.0]}, "7": {"detection_scores": [0.8170061111450195, 0.7472076416015625, 0.1399875432252884], "detection_classes": [37.0, 1.0, 1.0], "detection_boxes": [[0.6448433995246887, 0.15907476842403412, 0.6871752142906189, 0.18117137253284454], [0.35293635725975037, 0.0641726702451706, 0.6883347630500793, 0.1312492936849594], [0.36304938793182373, 0.0643782764673233, 0.5562002062797546, 0.13060766458511353]], "num_detections": [100.0]}, "8": {"detection_scores": [0.7973719239234924, 0.7645334601402283, 0.11346370726823807, 0.10345020890235901], "detection_classes": [37.0, 1.0, 1.0, 37.0], "detection_boxes": [[0.6461262702941895, 0.1742037981748581, 0.6869622468948364, 0.19705580174922943], [0.35216352343559265, 0.061381105333566666, 0.6885707974433899, 0.13270942866802216], [0.3945150375366211, 0.06205754354596138, 0.5206224918365479, 0.11657007038593292], [0.4245130121707916, 0.062431029975414276, 0.44420626759529114, 0.07156968861818314]], "num_detections": [100.0]}, "9": {"detection_scores": [0.8172633051872253, 0.741288959980011, 0.11046892404556274], "detection_classes": [1.0, 37.0, 37.0], "detection_boxes": [[0.3546161949634552, 0.06150016933679581, 0.685217559337616, 0.1294505000114441], [0.646217942237854, 0.19054001569747925, 0.6877813339233398, 0.21247655153274536], [0.5876116156578064, 0.10408465564250946, 0.6310141682624817, 0.11670646071434021]], "num_detections": [100.0]}, "10": {"detection_scores": [0.7776842713356018, 0.44522392749786377], "detection_classes": [1.0, 37.0], "detection_boxes": [[0.35398486256599426, 0.06152547150850296, 0.684721827507019, 0.12926989793777466], [0.6455418467521667, 0.20684142410755157, 0.6897867918014526, 0.23006443679332733]], "num_detections": [100.0]}, "11": {"detection_scores": [0.8292091488838196, 0.5910898447036743, 0.11216631531715393], "detection_classes": [1.0, 37.0, 37.0], "detection_boxes": [[0.3525838553905487, 0.061306726187467575, 0.6878612637519836, 0.1307612955570221], [0.6477105021476746, 0.22430205345153809, 0.6931270956993103, 0.2468332052230835], [0.4089714288711548, 0.0640692263841629, 0.43087783455848694, 0.07158921658992767]], "num_detections": [100.0]}, "12": {"detection_scores": [0.848522424697876, 0.7549509406089783], "detection_classes": [1.0, 37.0], "detection_boxes": [[0.3511532247066498, 0.059887226670980453, 0.6907368898391724, 0.1355452835559845], [0.6506611704826355, 0.24202480912208557, 0.693293035030365, 0.2643444836139679]], "num_detections": [100.0]}, "13": {"detection_scores": [0.8505017161369324, 0.8396832942962646], "detection_classes": [37.0, 1.0], "detection_boxes": [[0.6534875631332397, 0.2585129737854004, 0.6941166520118713, 0.2813453674316406], [0.35017040371894836, 0.05976871773600578, 0.6916988492012024, 0.1380021572113037]], "num_detections": [100.0]}, "14": {"detection_scores": [0.8022735714912415, 0.7913846969604492, 0.10445147007703781], "detection_classes": [37.0, 1.0, 37.0], "detection_boxes": [[0.6519715785980225, 0.27591174840927124, 0.6995928287506104, 0.29950428009033203], [0.3522762954235077, 0.056988365948200226, 0.6902524828910828, 0.14323002099990845], [0.4003487825393677, 0.06354819983243942, 0.41108936071395874, 0.06891951709985733]], "num_detections": [100.0]}, "15": {"detection_scores": [0.771525502204895, 0.6641807556152344], "detection_classes": [1.0, 37.0], "detection_boxes": [[0.3544391393661499, 0.05601539462804794, 0.6885737776756287, 0.1444450318813324], [0.6545012593269348, 0.2938215136528015, 0.6990218162536621, 0.31707078218460083]], "num_detections": [100.0]}, "16": {"detection_scores": [0.8100973963737488, 0.8047603964805603, 0.10075612366199493], "detection_classes": [1.0, 37.0, 37.0], "detection_boxes": [[0.35448798537254333, 0.056585609912872314, 0.6882186532020569, 0.1495901495218277], [0.6575165390968323, 0.3109689950942993, 0.7015065550804138, 0.3352589011192322], [0.39264848828315735, 0.06139111518859863, 0.4135737121105194, 0.06996278464794159]], "num_detections": [100.0]}, "17": {"detection_scores": [0.8086534738540649, 0.8015882968902588, 0.13233503699302673], "detection_classes": [37.0, 1.0, 37.0], "detection_boxes": [[0.6579884886741638, 0.32882261276245117, 0.7039245367050171, 0.353063702583313], [0.35572078824043274, 0.05624598264694214, 0.6875203251838684, 0.15103930234909058], [0.3917059600353241, 0.061883725225925446, 0.40982842445373535, 0.06975647062063217]], "num_detections": [100.0]}, "18": {"detection_scores": [0.839287519454956, 0.49708524346351624], "detection_classes": [1.0, 37.0], "detection_boxes": [[0.35546353459358215, 0.05644956976175308, 0.687932014465332, 0.15207120776176453], [0.6617280840873718, 0.3472234308719635, 0.7079230546951294, 0.37030258774757385]], "num_detections": [100.0]}, "19": {"detection_scores": [0.8448847532272339, 0.834481418132782], "detection_classes": [37.0, 1.0], "detection_boxes": [[0.6635833382606506, 0.3659081757068634, 0.7117146253585815, 0.38963809609413147], [0.35523682832717896, 0.05734383314847946, 0.6876159906387329, 0.15202179551124573]], "num_detections": [100.0]}, "20": {"detection_scores": [0.8338512182235718, 0.795650064945221], "detection_classes": [1.0, 37.0], "detection_boxes": [[0.35573187470436096, 0.057567499577999115, 0.6871588826179504, 0.15486133098602295], [0.6656562685966492, 0.38527682423591614, 0.713689923286438, 0.4083561599254608]], "num_detections": [100.0]}, "21": {"detection_scores": [0.8521239161491394, 0.6136294603347778], "detection_classes": [1.0, 37.0], "detection_boxes": [[0.35461288690567017, 0.05766182020306587, 0.6878200769424438, 0.1554899960756302], [0.6717092394828796, 0.400967538356781, 0.7144848704338074, 0.42456066608428955]], "num_detections": [100.0]}, "22": {"detection_scores": [0.8577090501785278, 0.5532318353652954],