{"0": {"detection_scores": [0.8596504330635071, 0.6647690534591675, 0.16811148822307587], "detection_classes": [1.0, 37.0, 37.0], "detection_boxes": [[0.37725624442100525, 0.049630433320999146, 0.6880497336387634, 0.1258850246667862], [0.6466361284255981, 0.048928264528512955, 0.6874242424964905, 0.06814432144165039], [0.5029165148735046, 0.10237984359264374, 0.5239388942718506, 0.11241830885410309]], "num_detections": [100.0]}, "1": {"detection_scores": [0.8726183772087097, 0.3096637725830078, 0.129283607006073], "detection_classes": [1.0, 37.0, 37.0], "detection_boxes": [[0.37500378489494324, 0.05022397264838219, 0.6908748149871826, 0.1265098750591278], [0.6460868716239929, 0.05294124037027359, 0.6856890320777893, 0.0761297270655632], [0.5015449523925781, 0.10492043197154999, 0.5227894186973572, 0.11615729331970215]], "num_detections": [100.0]}, "2": {"detection_scores": [0.8653784394264221, 0.8553901314735413, 0.16528619825839996, 0.15408217906951904, 0.10320302844047546], "detection_classes": [37.0, 1.0, 37.0, 37.0, 37.0], "detection_boxes": [[0.6441735625267029, 0.06298606097698212, 0.6835876703262329, 0.08504705131053925], [0.37395575642585754, 0.05260765552520752, 0.6822200417518616, 0.12688282132148743], [0.48887696862220764, 0.10126066207885742, 0.5187497735023499, 0.11459200084209442], [0.6508030295372009, 0.05790374055504799, 0.6700265407562256, 0.06458503007888794], [0.59197998046875, 0.03906818479299545, 0.605691134929657, 0.04802393913269043]], "num_detections": [100.0]}, "3": {"detection_scores": [0.8347692489624023, 0.7772693037986755], "detection_classes": [1.0, 37.0], "detection_boxes": [[0.37332239747047424, 0.05284552276134491, 0.6611754298210144, 0.12853355705738068], [0.6430087089538574, 0.0709521472454071, 0.682992696762085, 0.09492383897304535]], "num_detections": [100.0]}, "4": {"detection_scores": [0.7919415831565857, 0.5037714838981628], "detection_classes": [1.0, 37.0], "detection_boxes": [[0.3668096959590912, 0.05376981198787689, 0.6862673759460449, 0.1303165704011917], [0.6384630799293518, 0.08382409811019897, 0.6790944933891296, 0.10444779694080353]], "num_detections": [100.0]}, "5": {"detection_scores": [0.8313425779342651, 0.7303668856620789], "detection_classes": [1.0, 37.0], "detection_boxes": [[0.3654380738735199, 0.05450163036584854, 0.6885421872138977, 0.13043320178985596], [0.6355502009391785, 0.0925060361623764, 0.6765275597572327, 0.11501026153564453]], "num_detections": [100.0]}, "6": {"detection_scores": [0.7741838693618774, 0.5467913150787354], "detection_classes": [1.0, 37.0], "detection_boxes": [[0.36332017183303833, 0.05650544911623001, 0.6888354420661926, 0.13349279761314392], [0.63313889503479, 0.10338427126407623, 0.6783157587051392, 0.12738628685474396]], "num_detections": [100.0]}, "7": {"detection_scores": [0.8467123508453369, 0.73241126537323], "detection_classes": [1.0, 37.0], "detection_boxes": [[0.357199102640152, 0.05771472677588463, 0.6858545541763306, 0.1331927627325058], [0.6306704878807068, 0.11483530700206757, 0.6737608909606934, 0.13887088000774384]], "num_detections": [100.0]}, "8": {"detection_scores": [0.8631393313407898, 0.7261282801628113], "detection_classes": [1.0, 37.0], "detection_boxes": [[0.35372352600097656, 0.05790688097476959, 0.6870215535163879, 0.13398273289203644], [0.6256452202796936, 0.12750886380672455, 0.6723206639289856, 0.15223444998264313]], "num_detections": [100.0]}, "9": {"detection_scores": [0.8797261714935303, 0.8513426184654236], "detection_classes": [37.0, 1.0], "detection_boxes": [[0.6217991709709167, 0.14169931411743164, 0.6719841361045837, 0.1664283275604248], [0.352123498916626, 0.05910699442028999, 0.6871916055679321, 0.13343673944473267]], "num_detections": [100.0]}, "10": {"detection_scores": [0.8438124656677246, 0.8230322599411011], "detection_classes": [1.0, 37.0], "detection_boxes": [[0.3505043685436249, 0.05959320440888405, 0.687652051448822, 0.13366983830928802], [0.6175292134284973, 0.15632902085781097, 0.6698880195617676, 0.18242992460727692]], "num_detections": [100.0]}, "11": {"detection_scores": [0.8269984126091003, 0.629287838935852], "detection_classes": [1.0, 37.0], "detection_boxes": [[0.34790605306625366, 0.06166844815015793, 0.6846591234207153, 0.13284319639205933], [0.6153804659843445, 0.17089611291885376, 0.6677989363670349, 0.19759535789489746]], "num_detections": [100.0]}, "12": {"detection_scores": [0.7688258290290833, 0.765960156917572], "detection_classes": [1.0, 37.0], "detection_boxes": [[0.3442750573158264, 0.062194012105464935, 0.6829485893249512, 0.1329801082611084], [0.6100501418113708, 0.18674111366271973, 0.6657869219779968, 0.21506592631340027]], "num_detections": [100.0]}, "13": {"detection_scores": [0.7613481879234314, 0.5739691853523254], "detection_classes": [1.0, 37.0], "detection_boxes": [[0.3440842032432556, 0.060330964624881744, 0.6818624138832092, 0.13319021463394165], [0.6062062382698059, 0.20370203256607056, 0.6618074774742126, 0.2327643632888794]], "num_detections": [100.0]}, "14": {"detection_scores": [0.8303195238113403, 0.8012216687202454, 0.1142273023724556], "detection_classes": [37.0, 1.0, 37.0], "detection_boxes": [[0.6021313071250916, 0.2216891348361969, 0.6622294187545776, 0.2525171935558319], [0.3431020975112915, 0.059407323598861694, 0.6676615476608276, 0.1351616531610489], [0.6015853881835938, 0.22723928093910217, 0.6167974472045898, 0.24390685558319092]], "num_detections": [100.0]}, "15": {"detection_scores": [0.806087076663971, 0.63511061668396], "detection_classes": [1.0, 37.0], "detection_boxes": [[0.34020280838012695, 0.060577087104320526, 0.670098602771759, 0.13694918155670166], [0.6003848314285278, 0.24170446395874023, 0.6594879031181335, 0.27192842960357666]], "num_detections": [100.0]}, "16": {"detection_scores": [0.8488776683807373, 0.7318321466445923], "detection_classes": [1.0, 37.0], "detection_boxes": [[0.33996182680130005, 0.06007871776819229, 0.6681939363479614, 0.1379362940788269], [0.5978349447250366, 0.26280829310417175, 0.6583155393600464, 0.2951584756374359]], "num_detections": [100.0]}, "17": {"detection_scores": [0.8058319091796875, 0.5932812690734863], "detection_classes": [1.0, 37.0], "detection_boxes": [[0.3389773964881897, 0.061976827681064606, 0.6692286133766174, 0.14439654350280762], [0.5917819738388062, 0.28500837087631226, 0.6550763249397278, 0.3185550570487976]], "num_detections": [100.0]}, "18": {"detection_scores": [0.8871623277664185, 0.7519158124923706], "detection_classes": [1.0, 37.0], "detection_boxes": [[0.3352225124835968, 0.06051533669233322, 0.666953444480896, 0.14678674936294556], [0.588793933391571, 0.3076733946800232, 0.6561709642410278, 0.3436771631240845]], "num_detections": [100.0]}, "19": {"detection_scores": [0.8988709449768066, 0.5818725824356079], "detection_classes": [1.0, 37.0], "detection_boxes": [[0.33428651094436646, 0.06071170046925545, 0.6677767038345337, 0.14968843758106232], [0.5863086581230164, 0.3316102623939514, 0.6555512547492981, 0.3697430491447449]], "num_detections": [100.0]}, "20": {"detection_scores": [0.9074021577835083, 0.847341775894165], "detection_classes": [1.0, 37.0], "detection_boxes": [[0.3346898853778839, 0.05993169918656349, 0.6641344428062439, 0.15148356556892395], [0.5837039351463318, 0.3591500520706177, 0.6535773277282715, 0.39610153436660767]], "num_detections": [100.0]}, "21": {"detection_scores": [0.9115701913833618, 0.5828158855438232], "detection_classes": [1.0, 37.0], "detection_boxes": [[0.3348616063594818, 0.059750452637672424, 0.6640323400497437, 0.1523507535457611], [0.5807273983955383, 0.3853473365306854, 0.6513578295707703, 0.4260701835155487]], "num_detections": [100.0]}, "22": {"detection_scores": [0.8808484673500061, 0.729306697845459], "detection_classes": [1.0, 37.0], "detection_boxes": [[0.33404096961021423, 0.05922556295990944, 0.6616503000259399, 0.15428559482097626], [0.579831063747406, 0.4168555736541748, 0.649206817150116, 0.4561502933502197]], "num_detections": [100.0]},