{"0": {"detection_scores": [0.8698055148124695, 0.5842787027359009, 0.13632720708847046, 0.10964920371770859], "detection_classes": [1.0, 37.0, 37.0, 1.0], "detection_boxes": [[0.3895907998085022, 0.052308931946754456, 0.6911155581474304, 0.12671314179897308], [0.6438129544258118, 0.05338234454393387, 0.6852602362632751, 0.07581696659326553], [0.45312589406967163, 0.06052129343152046, 0.4717767834663391, 0.06758303940296173], [0.5214278101921082, 0.11439327895641327, 0.5729717016220093, 0.12308120727539062]], "num_detections": [100.0]}, "1": {"detection_scores": [0.8820620179176331, 0.42230042815208435, 0.2038208693265915, 0.14703907072544098, 0.12081519514322281], "detection_classes": [1.0, 37.0, 37.0, 1.0, 1.0], "detection_boxes": [[0.3827746510505676, 0.054420847445726395, 0.6833937764167786, 0.1258072555065155], [0.6336620450019836, 0.06578196585178375, 0.6711141467094421, 0.08772797882556915], [0.4808805286884308, 0.05303888022899628, 0.499875545501709, 0.06347016245126724], [0.5097618103027344, 0.27142253518104553, 0.5543455481529236, 0.2963615357875824], [0.4626891016960144, 0.1124514490365982, 0.5738096237182617, 0.12413641810417175]], "num_detections": [100.0]}, "2": {"detection_scores": [0.8873032927513123, 0.8677100539207458, 0.19772839546203613, 0.18109820783138275, 0.17656677961349487, 0.15994523465633392, 0.15817272663116455], "detection_classes": [1.0, 37.0, 1.0, 1.0, 37.0, 37.0, 1.0], "detection_boxes": [[0.3816497325897217, 0.05298452079296112, 0.6778331398963928, 0.12738004326820374], [0.6266061663627625, 0.07916757464408875, 0.6674689650535583, 0.09986811876296997], [0.5168541073799133, 0.11296055465936661, 0.5791401267051697, 0.12362181395292282], [0.509122908115387, 0.2716744840145111, 0.5550535321235657, 0.2960035502910614], [0.662423849105835, 0.07338768243789673, 0.6845747828483582, 0.08953344821929932], [0.48031938076019287, 0.05269855260848999, 0.49707332253456116, 0.062244728207588196], [0.4607173800468445, 0.1126207709312439, 0.5772902965545654, 0.12486840784549713]], "num_detections": [100.0]}, "3": {"detection_scores": [0.8961037993431091, 0.7370109558105469, 0.1706319898366928, 0.13242210447788239, 0.12728238105773926], "detection_classes": [1.0, 37.0, 37.0, 1.0, 37.0], "detection_boxes": [[0.37632235884666443, 0.05210477486252785, 0.6906853914260864, 0.129533588886261], [0.6151575446128845, 0.09201782941818237, 0.6591358184814453, 0.11249364912509918], [0.4766422510147095, 0.05196613818407059, 0.4916919469833374, 0.06312000006437302], [0.5103291869163513, 0.27215608954429626, 0.5546732544898987, 0.29608502984046936], [0.4506646990776062, 0.05771998316049576, 0.47158241271972656, 0.06476852297782898]], "num_detections": [100.0]}, "4": {"detection_scores": [0.8527222275733948, 0.6814708709716797, 0.11537551134824753], "detection_classes": [1.0, 37.0, 37.0], "detection_boxes": [[0.3738749027252197, 0.052107226103544235, 0.6893513202667236, 0.13250502943992615], [0.6054958701133728, 0.1048102006316185, 0.6516585350036621, 0.12790778279304504], [0.5402458310127258, 0.11366639286279678, 0.569841742515564, 0.12184865027666092]], "num_detections": [100.0]}, "5": {"detection_scores": [0.8553524017333984, 0.8445963859558105], "detection_classes": [1.0, 37.0], "detection_boxes": [[0.3681894838809967, 0.052473414689302444, 0.6890214681625366, 0.13161595165729523], [0.59280925989151, 0.11920429021120071, 0.6449152231216431, 0.14240777492523193]], "num_detections": [100.0]}, "6": {"detection_scores": [0.8296690583229065, 0.617809534072876], "detection_classes": [1.0, 37.0], "detection_boxes": [[0.3650231957435608, 0.05225469544529915, 0.6900752186775208, 0.13291223347187042], [0.5858750343322754, 0.13536424934864044, 0.6335664391517639, 0.15876255929470062]], "num_detections": [100.0]}, "7": {"detection_scores": [0.8471925258636475, 0.7813706994056702], "detection_classes": [1.0, 37.0], "detection_boxes": [[0.3636043071746826, 0.05094263702630997, 0.6896538734436035, 0.13319367170333862], [0.5760453939437866, 0.14998923242092133, 0.6250467300415039, 0.17571203410625458]], "num_detections": [100.0]}, "8": {"detection_scores": [0.8068538904190063, 0.6059691905975342], "detection_classes": [1.0, 37.0], "detection_boxes": [[0.3588487207889557, 0.05105697736144066, 0.6826791763305664, 0.13323304057121277], [0.567936360836029, 0.16712084412574768, 0.6134772300720215, 0.1935776174068451]], "num_detections": [100.0]}, "9": {"detection_scores": [0.8417937159538269, 0.7412911057472229], "detection_classes": [1.0, 37.0], "detection_boxes": [[0.35778599977493286, 0.05075399577617645, 0.681544303894043, 0.13299734890460968], [0.5556480884552002, 0.18542152643203735, 0.6036909818649292, 0.21157115697860718]], "num_detections": [100.0]}, "10": {"detection_scores": [0.8434358239173889, 0.650360643863678, 0.1328831911087036], "detection_classes": [1.0, 37.0, 1.0], "detection_boxes": [[0.3545186519622803, 0.052098698914051056, 0.6837924718856812, 0.13227853178977966], [0.544329047203064, 0.20429609715938568, 0.5966116786003113, 0.23133526742458344], [0.5052213668823242, 0.2708022892475128, 0.5560557246208191, 0.29665908217430115]], "num_detections": [100.0]}, "11": {"detection_scores": [0.8214757442474365, 0.8214677572250366, 0.1901702582836151], "detection_classes": [37.0, 1.0, 1.0], "detection_boxes": [[0.5321148037910461, 0.22412045300006866, 0.5856733918190002, 0.2538051903247833], [0.3537740707397461, 0.05133957415819168, 0.6828095316886902, 0.13324615359306335], [0.5049405694007874, 0.2715420424938202, 0.5556554794311523, 0.2968938648700714]], "num_detections": [100.0]}, "12": {"detection_scores": [0.8585091829299927, 0.8400436639785767, 0.15923072397708893], "detection_classes": [1.0, 37.0, 1.0], "detection_boxes": [[0.3498707413673401, 0.055387139320373535, 0.6850338578224182, 0.1360434591770172], [0.5198507905006409, 0.2474420815706253, 0.5739668011665344, 0.27665963768959045], [0.5236185193061829, 0.274168998003006, 0.5566352009773254, 0.2971549332141876]], "num_detections": [100.0]}, "13": {"detection_scores": [0.8706223964691162, 0.6913257241249084], "detection_classes": [1.0, 37.0], "detection_boxes": [[0.35026660561561584, 0.05515420436859131, 0.679074227809906, 0.13883252441883087], [0.5031980872154236, 0.2698233425617218, 0.5617995858192444, 0.29896560311317444]], "num_detections": [100.0]}, "14": {"detection_scores": [0.8341964483261108, 0.6325575113296509], "detection_classes": [1.0, 37.0], "detection_boxes": [[0.3470945358276367, 0.052854783833026886, 0.6779557466506958, 0.14053010940551758], [0.49594026803970337, 0.29460132122039795, 0.5451779961585999, 0.3239598870277405]], "num_detections": [100.0]}, "15": {"detection_scores": [0.8537613153457642, 0.4229936897754669], "detection_classes": [1.0, 37.0], "detection_boxes": [[0.3473282754421234, 0.052649542689323425, 0.6642287969589233, 0.14372779428958893], [0.48294001817703247, 0.3201994001865387, 0.5393136143684387, 0.34999439120292664]], "num_detections": [100.0]}, "16": {"detection_scores": [0.8519262075424194, 0.716520369052887], "detection_classes": [1.0, 37.0], "detection_boxes": [[0.3452358543872833, 0.05174342542886734, 0.6665565371513367, 0.14665192365646362], [0.4672403931617737, 0.3487718403339386, 0.526382327079773, 0.37909796833992004]], "num_detections": [100.0]}, "17": {"detection_scores": [0.8485580086708069, 0.7176480293273926], "detection_classes": [1.0, 37.0], "detection_boxes": [[0.3404199779033661, 0.05161185935139656, 0.6698029637336731, 0.14839692413806915], [0.45390045642852783, 0.3761345148086548, 0.5137062072753906, 0.4089755415916443]], "num_detections": [100.0]}, "18": {"detection_scores": [0.8614906072616577, 0.5618716478347778], "detection_classes": [1.0, 37.0], "detection_boxes": [[0.3379937708377838, 0.05351848900318146, 0.6713804602622986, 0.15220797061920166], [0.4374087154865265, 0.4076378643512726, 0.49798500537872314, 0.43818601965904236]], "num_detections": [100.0]}, "19": {"detection_scores": [0.8934263586997986, 0.5717709064483643],