{"0": {"detection_scores": [0.6392026543617249, 0.4276672601699829, 0.1514427363872528], "detection_classes": [1.0, 37.0, 37.0], "detection_boxes": [[0.38191911578178406, 0.04344022274017334, 0.6904060244560242, 0.09522032737731934], [0.6425199508666992, 0.05041590332984924, 0.6854798793792725, 0.07092873752117157], [0.5183186531066895, 0.08792783319950104, 0.5495455861091614, 0.09538823366165161]], "num_detections": [100.0]}, "1": {"detection_scores": [0.7337431907653809, 0.4441063702106476], "detection_classes": [1.0, 37.0], "detection_boxes": [[0.3829476833343506, 0.0474374033510685, 0.6867313981056213, 0.09614236652851105], [0.6346960067749023, 0.05768819898366928, 0.6676360964775085, 0.07666122168302536]], "num_detections": [100.0]}, "2": {"detection_scores": [0.7430914640426636, 0.34119290113449097], "detection_classes": [1.0, 37.0], "detection_boxes": [[0.3831126391887665, 0.04751767963171005, 0.6826894879341125, 0.09604684263467789], [0.6252956986427307, 0.062328848987817764, 0.6706991791725159, 0.08243328332901001]], "num_detections": [100.0]}, "3": {"detection_scores": [0.7384135127067566, 0.6071144938468933, 0.12633821368217468], "detection_classes": [1.0, 37.0, 37.0], "detection_boxes": [[0.38294824957847595, 0.04641158878803253, 0.6876958608627319, 0.09727956354618073], [0.6089694499969482, 0.06863252818584442, 0.647645890712738, 0.08918039500713348], [0.6386549472808838, 0.06422633677721024, 0.6812664866447449, 0.08250056952238083]], "num_detections": [100.0]}, "4": {"detection_scores": [0.7326164841651917, 0.6755485534667969], "detection_classes": [1.0, 37.0], "detection_boxes": [[0.3831340968608856, 0.04709688574075699, 0.6889626383781433, 0.09770529717206955], [0.5956651568412781, 0.07449084520339966, 0.6368628144264221, 0.09534914791584015]], "num_detections": [100.0]}, "5": {"detection_scores": [0.7814382910728455, 0.71284019947052], "detection_classes": [1.0, 37.0], "detection_boxes": [[0.38159021735191345, 0.0470016747713089, 0.6896374821662903, 0.09894885122776031], [0.5820432901382446, 0.08206820487976074, 0.6266956329345703, 0.10299599170684814]], "num_detections": [100.0]}, "6": {"detection_scores": [0.8168256282806396, 0.6783767938613892], "detection_classes": [1.0, 37.0], "detection_boxes": [[0.3804140090942383, 0.045250438153743744, 0.688724160194397, 0.09923490136861801], [0.568583071231842, 0.08715168386697769, 0.6141733527183533, 0.10975810140371323]], "num_detections": [100.0]}, "7": {"detection_scores": [0.8368619680404663, 0.5336530208587646], "detection_classes": [1.0, 37.0], "detection_boxes": [[0.37948691844940186, 0.045901525765657425, 0.6886478662490845, 0.0998612642288208], [0.5581698417663574, 0.09372661262750626, 0.6013830900192261, 0.11766267567873001]], "num_detections": [100.0]}, "8": {"detection_scores": [0.853671133518219, 0.5813694596290588, 0.2728419303894043], "detection_classes": [1.0, 37.0, 37.0], "detection_boxes": [[0.37726661562919617, 0.045025523751974106, 0.69081711769104, 0.10099805891513824], [0.5464802384376526, 0.1029028370976448, 0.5926425457000732, 0.1252293884754181], [0.5499196648597717, 0.09270788729190826, 0.5747078061103821, 0.10371878743171692]], "num_detections": [100.0]}, "9": {"detection_scores": [0.8441957831382751, 0.7162792682647705, 0.10321381688117981], "detection_classes": [1.0, 37.0, 37.0], "detection_boxes": [[0.37382641434669495, 0.04704258590936661, 0.6892950534820557, 0.10316599160432816], [0.5308673977851868, 0.1110982820391655, 0.5783767700195312, 0.13554459810256958], [0.542231023311615, 0.09122239053249359, 0.5755950212478638, 0.09968680143356323]], "num_detections": [100.0]}, "10": {"detection_scores": [0.8379158973693848, 0.7721131443977356], "detection_classes": [1.0, 37.0], "detection_boxes": [[0.3735194504261017, 0.04614586383104324, 0.6877737045288086, 0.10426061600446701], [0.5175755620002747, 0.1191452369093895, 0.566932737827301, 0.14426563680171967]], "num_detections": [100.0]}, "11": {"detection_scores": [0.8186250329017639, 0.3593046963214874], "detection_classes": [1.0, 37.0], "detection_boxes": [[0.37478095293045044, 0.0445125438272953, 0.6867978572845459, 0.10761240124702454], [0.5041688680648804, 0.12999257445335388, 0.549950361251831, 0.15217804908752441]], "num_detections": [100.0]}, "12": {"detection_scores": [0.8387670516967773, 0.47003746032714844], "detection_classes": [1.0, 37.0], "detection_boxes": [[0.3758045732975006, 0.04921702668070793, 0.6867608428001404, 0.11201369762420654], [0.4888099431991577, 0.1409473419189453, 0.5273984670639038, 0.16153457760810852]], "num_detections": [100.0]}, "13": {"detection_scores": [0.8730326294898987], "detection_classes": [1.0], "detection_boxes": [[0.37545737624168396, 0.04773329943418503, 0.6868648529052734, 0.1148517057299614]], "num_detections": [100.0]}, "14": {"detection_scores": [0.8975957036018372], "detection_classes": [1.0], "detection_boxes": [[0.3767922520637512, 0.04710531607270241, 0.6857556104660034, 0.11658929288387299]], "num_detections": [100.0]}, "15": {"detection_scores": [0.8970893621444702], "detection_classes": [1.0], "detection_boxes": [[0.3763231933116913, 0.047232575714588165, 0.6857904195785522, 0.11940687149763107]], "num_detections": [100.0]}, "16": {"detection_scores": [0.884337306022644, 0.7956180572509766], "detection_classes": [1.0, 37.0], "detection_boxes": [[0.37681129574775696, 0.04779331386089325, 0.6852840781211853, 0.12168297171592712], [0.43202248215675354, 0.176372230052948, 0.4847005307674408, 0.2054154872894287]], "num_detections": [100.0]}, "17": {"detection_scores": [0.8754943013191223, 0.6390151381492615], "detection_classes": [1.0, 37.0], "detection_boxes": [[0.37707647681236267, 0.05095415562391281, 0.6847581267356873, 0.12358591705560684], [0.4160043001174927, 0.18838214874267578, 0.47078564763069153, 0.217024028301239]], "num_detections": [100.0]}, "18": {"detection_scores": [0.898113489151001, 0.8796641230583191], "detection_classes": [1.0, 37.0], "detection_boxes": [[0.3769330382347107, 0.050585705786943436, 0.6831169128417969, 0.12569506466388702], [0.4011889696121216, 0.19937187433242798, 0.45835432410240173, 0.22970306873321533]], "num_detections": [100.0]}, "19": {"detection_scores": [0.9032052159309387, 0.7101870179176331], "detection_classes": [1.0, 37.0], "detection_boxes": [[0.3768674433231354, 0.05012674257159233, 0.6822240352630615, 0.12640811502933502], [0.3852849304676056, 0.21183307468891144, 0.44268670678138733, 0.2427649348974228]], "num_detections": [100.0]}, "20": {"detection_scores": [0.9043629169464111, 0.525071918964386], "detection_classes": [1.0, 37.0], "detection_boxes": [[0.37711426615715027, 0.050640009343624115, 0.682028591632843, 0.12682688236236572], [0.36977124214172363, 0.22598688304424286, 0.4267505407333374, 0.2556583881378174]], "num_detections": [100.0]}, "21": {"detection_scores": [0.9034925699234009, 0.8457848429679871], "detection_classes": [1.0, 37.0], "detection_boxes": [[0.3768738806247711, 0.051043421030044556, 0.6827632188796997, 0.125242218375206], [0.35488834977149963, 0.23887209594249725, 0.41216328740119934, 0.270669162273407]], "num_detections": [100.0]}, "22": {"detection_scores": [0.9098682999610901, 0.7715217471122742], "detection_classes": [1.0, 37.0], "detection_boxes": [[0.37694764137268066, 0.05375281721353531, 0.6837407350540161, 0.12583696842193604], [0.33676573634147644, 0.25451433658599854, 0.3960769474506378, 0.28541725873947144]], "num_detections": [100.0]}, "23": {"detection_scores": [0.9086132049560547, 0.5983147025108337], "detection_classes": [1.0, 37.0], "detection_boxes": [[0.37685635685920715, 0.053554967045784, 0.687006950378418, 0.1271621584892273], [0.3203924894332886, 0.26847490668296814, 0.3801516890525818, 0.3013173043727875]], "num_detections": [100.0]}, "24": {"detection_scores": [0.8916426301002502, 0.7600056529045105], "detection_classes": [1.0, 37.0],