{"0": {"detection_scores": [0.8482705950737, 0.5728525519371033, 0.30205193161964417, 0.1833636611700058], "detection_classes": [1.0, 37.0, 37.0, 37.0], "detection_boxes": [[0.3798523247241974, 0.0501614511013031, 0.6883788108825684, 0.1480792909860611], [0.647334098815918, 0.05626159906387329, 0.6851891279220581, 0.075476735830307], [0.46630266308784485, 0.10983670502901077, 0.48868313431739807, 0.11735666543245316], [0.45911216735839844, 0.11658591032028198, 0.5189124345779419, 0.14275184273719788]], "num_detections": [100.0]}, "1": {"detection_scores": [0.8402263522148132, 0.5853502750396729, 0.15049175918102264, 0.13324333727359772], "detection_classes": [1.0, 37.0, 37.0, 37.0], "detection_boxes": [[0.3777678310871124, 0.05438924953341484, 0.6847081780433655, 0.14560608565807343], [0.6418676376342773, 0.07012283056974411, 0.681896448135376, 0.08871740847826004], [0.47138720750808716, 0.10900294780731201, 0.4969589412212372, 0.11839163303375244], [0.4572638273239136, 0.11533030867576599, 0.5442573428153992, 0.1459193229675293]], "num_detections": [100.0]}, "2": {"detection_scores": [0.814368486404419, 0.7094393372535706, 0.13524897396564484, 0.10319323092699051], "detection_classes": [1.0, 37.0, 37.0, 37.0], "detection_boxes": [[0.3774058222770691, 0.057532552629709244, 0.6811126470565796, 0.14877104759216309], [0.6387747526168823, 0.08012643456459045, 0.6778029799461365, 0.10210271179676056], [0.47263750433921814, 0.10962244868278503, 0.4983487129211426, 0.12007872760295868], [0.45851239562034607, 0.11464960128068924, 0.5430945158004761, 0.14554457366466522]], "num_detections": [100.0]}, "3": {"detection_scores": [0.8671318292617798, 0.6207911372184753, 0.10197892040014267], "detection_classes": [1.0, 37.0, 37.0], "detection_boxes": [[0.37801340222358704, 0.05852612480521202, 0.685272216796875, 0.1477169394493103], [0.6352378726005554, 0.0943155586719513, 0.6755583882331848, 0.1155020147562027], [0.45585015416145325, 0.1181807816028595, 0.5190610885620117, 0.1404981017112732]], "num_detections": [100.0]}, "4": {"detection_scores": [0.8678286671638489, 0.7461435794830322, 0.18440835177898407, 0.17215587198734283, 0.1139565035700798], "detection_classes": [1.0, 37.0, 37.0, 37.0, 1.0], "detection_boxes": [[0.3740480840206146, 0.05551183223724365, 0.6852784156799316, 0.1446528285741806], [0.6325626969337463, 0.10995165258646011, 0.672764003276825, 0.1309766173362732], [0.4501151144504547, 0.060001127421855927, 0.47073203325271606, 0.06794116646051407], [0.47006964683532715, 0.11020267754793167, 0.5013567209243774, 0.12063474208116531], [0.42999351024627686, 0.1372469663619995, 0.49394726753234863, 0.15178880095481873]], "num_detections": [100.0]}, "5": {"detection_scores": [0.8794093728065491, 0.7899560332298279, 0.17712309956550598, 0.10752734541893005], "detection_classes": [1.0, 37.0, 37.0, 1.0], "detection_boxes": [[0.3702878952026367, 0.05587201192975044, 0.6859356164932251, 0.1435539424419403], [0.6270641088485718, 0.12447842955589294, 0.6698814630508423, 0.14730846881866455], [0.44925767183303833, 0.059699222445487976, 0.46959057450294495, 0.06761384010314941], [0.4296797215938568, 0.13702696561813354, 0.4941120445728302, 0.15185177326202393]], "num_detections": [100.0]}, "6": {"detection_scores": [0.8534409999847412, 0.8363932967185974, 0.2011815458536148, 0.12077104300260544, 0.11868911981582642], "detection_classes": [1.0, 37.0, 37.0, 37.0, 37.0], "detection_boxes": [[0.3653254210948944, 0.057403821498155594, 0.6887116432189941, 0.14031982421875], [0.6234836578369141, 0.1400303840637207, 0.6669610142707825, 0.1633511781692505], [0.44898608326911926, 0.059499263763427734, 0.46943238377571106, 0.06804415583610535], [0.5211620330810547, 0.1322546899318695, 0.5415733456611633, 0.13939592242240906], [0.6217341423034668, 0.09127742797136307, 0.644554078578949, 0.10796775668859482]], "num_detections": [100.0]}, "7": {"detection_scores": [0.8468735814094543, 0.5491841435432434, 0.17694512009620667, 0.12162560969591141], "detection_classes": [1.0, 37.0, 37.0, 1.0], "detection_boxes": [[0.3629710376262665, 0.057044703513383865, 0.6786499619483948, 0.13914327323436737], [0.6162130832672119, 0.15708501636981964, 0.6663238406181335, 0.18153388798236847], [0.44851091504096985, 0.05969337373971939, 0.46752697229385376, 0.06846801191568375], [0.4301803410053253, 0.13692119717597961, 0.4924871325492859, 0.15207260847091675]], "num_detections": [100.0]}, "8": {"detection_scores": [0.8633313179016113, 0.5579652190208435, 0.16357910633087158, 0.12258343398571014], "detection_classes": [1.0, 37.0, 37.0, 1.0], "detection_boxes": [[0.36061981320381165, 0.05798237398266792, 0.6812454462051392, 0.13771407306194305], [0.6133546829223633, 0.1751699596643448, 0.6607330441474915, 0.199009969830513], [0.45727333426475525, 0.048658378422260284, 0.4885726273059845, 0.0669172927737236], [0.4295600354671478, 0.13684405386447906, 0.4924452304840088, 0.15222056210041046]], "num_detections": [100.0]}, "9": {"detection_scores": [0.8897933959960938, 0.8410109877586365, 0.12369851768016815, 0.10903001576662064], "detection_classes": [1.0, 37.0, 1.0, 37.0], "detection_boxes": [[0.3580326437950134, 0.05872635915875435, 0.6816028952598572, 0.13579410314559937], [0.6083407402038574, 0.1927681267261505, 0.6597639918327332, 0.21943825483322144], [0.42965802550315857, 0.13664957880973816, 0.4924834072589874, 0.15215960144996643], [0.4473610818386078, 0.059627287089824677, 0.4688781201839447, 0.06787914782762527]], "num_detections": [100.0]}, "10": {"detection_scores": [0.8616960644721985, 0.5943469405174255, 0.10275249183177948], "detection_classes": [1.0, 37.0, 1.0], "detection_boxes": [[0.3533346652984619, 0.060447074472904205, 0.6811084151268005, 0.13344421982765198], [0.6041087508201599, 0.21225160360336304, 0.6563611626625061, 0.24001365900039673], [0.38088566064834595, 0.6380568742752075, 0.4186852276325226, 0.6985437870025635]], "num_detections": [100.0]}, "11": {"detection_scores": [0.8559507727622986, 0.561067521572113, 0.12578023970127106, 0.11282189935445786, 0.11087196320295334, 0.11069227755069733], "detection_classes": [1.0, 37.0, 1.0, 37.0, 1.0, 1.0], "detection_boxes": [[0.35035446286201477, 0.05847129598259926, 0.6821116209030151, 0.13354288041591644], [0.5996028780937195, 0.23342692852020264, 0.6538404822349548, 0.26180797815322876], [0.43031296133995056, 0.13632768392562866, 0.49367713928222656, 0.1521492600440979], [0.4751383364200592, 0.055208101868629456, 0.4878436326980591, 0.06456059962511063], [0.34456881880760193, 0.0004982668906450272, 0.45247724652290344, 0.012543885037302971], [0.3806415796279907, 0.6361151933670044, 0.41893136501312256, 0.7005143165588379]], "num_detections": [100.0]}, "12": {"detection_scores": [0.8497352600097656, 0.736670970916748, 0.20210492610931396, 0.12399900704622269, 0.11040783673524857], "detection_classes": [1.0, 37.0, 37.0, 1.0, 1.0], "detection_boxes": [[0.34889858961105347, 0.060136578977108, 0.6833380460739136, 0.13198697566986084], [0.5939712524414062, 0.25437405705451965, 0.650256872177124, 0.28374210000038147], [0.5022171139717102, 0.11646603792905807, 0.5227705836296082, 0.12552806735038757], [0.3799023926258087, 0.6365741491317749, 0.4188081622123718, 0.6998710632324219], [0.42833754420280457, 0.11962761729955673, 0.5153400301933289, 0.13278143107891083]], "num_detections": [100.0]}, "13": {"detection_scores": [0.8403151631355286, 0.8354264497756958, 0.18109548091888428, 0.14683648943901062, 0.12559352815151215, 0.10874782502651215, 0.10753875970840454, 0.10226862877607346], "detection_classes": [1.0, 37.0, 37.0, 1.0, 1.0, 1.0, 1.0, 1.0],