{"0": {"detection_scores": [0.8964985609054565, 0.4344879388809204], "detection_classes": [1.0, 37.0], "detection_boxes": [[0.3826000392436981, 0.04785183444619179, 0.6855473518371582, 0.11552132666110992], [0.649368405342102, 0.04746765270829201, 0.6846674680709839, 0.06842570006847382]], "num_detections": [100.0]}, "1": {"detection_scores": [0.8807926774024963, 0.44009387493133545], "detection_classes": [1.0, 37.0], "detection_boxes": [[0.38019248843193054, 0.04831823334097862, 0.6877891421318054, 0.11663995683193207], [0.6430532932281494, 0.05401410162448883, 0.6781041622161865, 0.07335862517356873]], "num_detections": [100.0]}, "2": {"detection_scores": [0.8489680290222168, 0.6389350891113281], "detection_classes": [1.0, 37.0], "detection_boxes": [[0.3779504895210266, 0.051032330840826035, 0.686246395111084, 0.11727102100849152], [0.6326770186424255, 0.0632481575012207, 0.6701194047927856, 0.08202245831489563]], "num_detections": [100.0]}, "3": {"detection_scores": [0.8172025084495544, 0.6755273938179016, 0.12868112325668335, 0.11268250644207001], "detection_classes": [1.0, 37.0, 37.0, 37.0], "detection_boxes": [[0.3735431134700775, 0.05168776959180832, 0.6858118772506714, 0.11801394075155258], [0.625363290309906, 0.07276569306850433, 0.6639317274093628, 0.09123137593269348], [0.5179369449615479, 0.052071601152420044, 0.5363803505897522, 0.06599073112010956], [0.5165201425552368, 0.10571680217981339, 0.5430973172187805, 0.11529373377561569]], "num_detections": [100.0]}, "4": {"detection_scores": [0.8502941727638245, 0.8393576741218567], "detection_classes": [1.0, 37.0], "detection_boxes": [[0.37412604689598083, 0.05503213778138161, 0.6868009567260742, 0.11929789185523987], [0.6157656311988831, 0.08105216920375824, 0.6573948264122009, 0.10032755136489868]], "num_detections": [100.0]}, "5": {"detection_scores": [0.8903477191925049, 0.646614134311676, 0.11796247959136963], "detection_classes": [1.0, 37.0, 37.0], "detection_boxes": [[0.3724251389503479, 0.05571693554520607, 0.6890450119972229, 0.11963294446468353], [0.6061469316482544, 0.08911646157503128, 0.646815299987793, 0.11076446622610092], [0.5158497095108032, 0.10572069138288498, 0.5426093935966492, 0.11606214195489883]], "num_detections": [100.0]}, "6": {"detection_scores": [0.8952701687812805, 0.5847215056419373], "detection_classes": [1.0, 37.0], "detection_boxes": [[0.37130478024482727, 0.056511301547288895, 0.6854532957077026, 0.12140007317066193], [0.5957330465316772, 0.09811776876449585, 0.6402273178100586, 0.11998467147350311]], "num_detections": [100.0]}, "7": {"detection_scores": [0.8944306969642639, 0.5866718292236328], "detection_classes": [1.0, 37.0], "detection_boxes": [[0.3694058060646057, 0.05671241134405136, 0.6852695941925049, 0.12226211279630661], [0.5869941711425781, 0.10790613293647766, 0.6327325105667114, 0.12959398329257965]], "num_detections": [100.0]}, "8": {"detection_scores": [0.8941118121147156, 0.7999886870384216, 0.15407255291938782], "detection_classes": [1.0, 37.0, 37.0], "detection_boxes": [[0.36915460228919983, 0.05702507123351097, 0.6861639022827148, 0.12280730903148651], [0.5786898136138916, 0.118589848279953, 0.6213195323944092, 0.14076662063598633], [0.5020853877067566, 0.10876861214637756, 0.5326384902000427, 0.11827093362808228]], "num_detections": [100.0]}, "9": {"detection_scores": [0.8879805207252502, 0.6712120175361633], "detection_classes": [1.0, 37.0], "detection_boxes": [[0.36727389693260193, 0.05768923461437225, 0.6885769367218018, 0.12273445725440979], [0.5701332688331604, 0.12847453355789185, 0.6150067448616028, 0.1513623297214508]], "num_detections": [100.0]}, "10": {"detection_scores": [0.8839167952537537, 0.7051927447319031], "detection_classes": [1.0, 37.0], "detection_boxes": [[0.3649788200855255, 0.0581108033657074, 0.6945889592170715, 0.12375521659851074], [0.5613178610801697, 0.13765302300453186, 0.6064922213554382, 0.16154375672340393]], "num_detections": [100.0]}, "11": {"detection_scores": [0.885844886302948, 0.84262615442276, 0.10502474755048752], "detection_classes": [1.0, 37.0, 37.0], "detection_boxes": [[0.36365363001823425, 0.05853256583213806, 0.6933965086936951, 0.1245395839214325], [0.5519314408302307, 0.149857759475708, 0.598796010017395, 0.17337578535079956], [0.5034090280532837, 0.1097044050693512, 0.5383253693580627, 0.12113302946090698]], "num_detections": [100.0]}, "12": {"detection_scores": [0.876727819442749, 0.5987853407859802], "detection_classes": [1.0, 37.0], "detection_boxes": [[0.3617035150527954, 0.057338014245033264, 0.6953150629997253, 0.12527212500572205], [0.5442445278167725, 0.1607663333415985, 0.5852586030960083, 0.1861046850681305]], "num_detections": [100.0]}, "13": {"detection_scores": [0.8480669260025024, 0.8257707357406616], "detection_classes": [1.0, 37.0], "detection_boxes": [[0.3605939745903015, 0.057906776666641235, 0.6944520473480225, 0.12562932074069977], [0.5327719449996948, 0.17242230474948883, 0.5822073221206665, 0.19737200438976288]], "num_detections": [100.0]}, "14": {"detection_scores": [0.8583740592002869, 0.7476848363876343], "detection_classes": [1.0, 37.0], "detection_boxes": [[0.3588658273220062, 0.05759534239768982, 0.6961602568626404, 0.12624423205852509], [0.5275854468345642, 0.1845421940088272, 0.5735402703285217, 0.2101077288389206]], "num_detections": [100.0]}, "15": {"detection_scores": [0.8324280381202698, 0.6767830848693848], "detection_classes": [1.0, 37.0], "detection_boxes": [[0.3595276474952698, 0.05707505717873573, 0.6975037455558777, 0.1274719387292862], [0.5164720416069031, 0.19731424748897552, 0.5644972920417786, 0.2228032797574997]], "num_detections": [100.0]}, "16": {"detection_scores": [0.831312894821167, 0.11828853189945221], "detection_classes": [1.0, 37.0], "detection_boxes": [[0.35980817675590515, 0.05756615847349167, 0.6978601813316345, 0.12717950344085693], [0.5105172395706177, 0.21074780821800232, 0.5557146668434143, 0.23517906665802002]], "num_detections": [100.0]}, "17": {"detection_scores": [0.8107567429542542, 0.1033623218536377], "detection_classes": [1.0, 37.0], "detection_boxes": [[0.3616028428077698, 0.057856183499097824, 0.6967422366142273, 0.1272345334291458], [0.4798851013183594, 0.14687179028987885, 0.4942653179168701, 0.15425510704517365]], "num_detections": [100.0]}, "18": {"detection_scores": [0.8114206790924072], "detection_classes": [1.0], "detection_boxes": [[0.3623361587524414, 0.0599142424762249, 0.6959108114242554, 0.12998603284358978]], "num_detections": [100.0]}, "19": {"detection_scores": [0.8495267033576965], "detection_classes": [1.0], "detection_boxes": [[0.3625663220882416, 0.06075557321310043, 0.6955416202545166, 0.12969869375228882]], "num_detections": [100.0]}, "20": {"detection_scores": [0.8259089589118958, 0.18018251657485962], "detection_classes": [1.0, 37.0], "detection_boxes": [[0.36237141489982605, 0.06184748560190201, 0.6957237720489502, 0.12879031896591187], [0.4740261733531952, 0.2653730511665344, 0.5198874473571777, 0.29395943880081177]], "num_detections": [100.0]}, "21": {"detection_scores": [0.8557407259941101, 0.38445544242858887, 0.21194560825824738], "detection_classes": [1.0, 37.0, 1.0], "detection_boxes": [[0.36092883348464966, 0.0628046840429306, 0.6965851187705994, 0.12942811846733093], [0.46325135231018066, 0.2787787616252899, 0.5151821374893188, 0.30752232670783997], [0.5069154500961304, 0.26879870891571045, 0.5525826215744019, 0.29813462495803833]], "num_detections": [100.0]}, "22": {"detection_scores": [0.8783273696899414, 0.6070016026496887], "detection_classes": [1.0, 37.0], "detection_boxes": [[0.3613404929637909, 0.06301386654376984, 0.6968383193016052, 0.12981785833835602], [0.45860958099365234, 0.29668989777565, 0.5057066082954407, 0.322366863489151]], "num_detections": [100.0]}, "23": {"detection_scores": [0.868016242980957, 0.7064700126647949, 0.112384133040905], "detection_classes": [1.0, 37.0, 1.0],