{"0": {"detection_scores": [0.8953529000282288, 0.3606579005718231], "detection_classes": [1.0, 37.0], "detection_boxes": [[0.44059616327285767, 0.05255168676376343, 0.7631006836891174, 0.1428295075893402], [0.7170559763908386, 0.057011574506759644, 0.7617994546890259, 0.0804632157087326]], "num_detections": [100.0]}, "1": {"detection_scores": [0.871180534362793, 0.29556775093078613], "detection_classes": [1.0, 37.0], "detection_boxes": [[0.44062361121177673, 0.053061164915561676, 0.7596619129180908, 0.14414796233177185], [0.7127334475517273, 0.0685603991150856, 0.7515884041786194, 0.09006228297948837]], "num_detections": [100.0]}, "2": {"detection_scores": [0.848470151424408, 0.8065279126167297], "detection_classes": [1.0, 37.0], "detection_boxes": [[0.4374922215938568, 0.05376642569899559, 0.7499215602874756, 0.14260712265968323], [0.7042626738548279, 0.07985901087522507, 0.7425969839096069, 0.10019045323133469]], "num_detections": [100.0]}, "3": {"detection_scores": [0.8973612189292908, 0.44391322135925293], "detection_classes": [1.0, 37.0], "detection_boxes": [[0.4357772171497345, 0.05337413772940636, 0.7646111249923706, 0.14218421280384064], [0.6922045946121216, 0.0904647707939148, 0.7347777485847473, 0.11184351146221161]], "num_detections": [100.0]}, "4": {"detection_scores": [0.8575223684310913, 0.8558540344238281], "detection_classes": [37.0, 1.0], "detection_boxes": [[0.6818732023239136, 0.10197339206933975, 0.7251330614089966, 0.12310438603162766], [0.4334109127521515, 0.05693686753511429, 0.7639855742454529, 0.14071333408355713]], "num_detections": [100.0]}, "5": {"detection_scores": [0.8801080584526062, 0.599708616733551], "detection_classes": [1.0, 37.0], "detection_boxes": [[0.4288373291492462, 0.05640052631497383, 0.7602744698524475, 0.1399645209312439], [0.6716722249984741, 0.11283281445503235, 0.7182108163833618, 0.1357639729976654]], "num_detections": [100.0]}, "6": {"detection_scores": [0.9111042618751526, 0.5065134763717651], "detection_classes": [1.0, 37.0], "detection_boxes": [[0.42780745029449463, 0.0563691221177578, 0.757059633731842, 0.1391800343990326], [0.6617793440818787, 0.12637853622436523, 0.7068905234336853, 0.14882373809814453]], "num_detections": [100.0]}, "7": {"detection_scores": [0.9086320400238037, 0.7827879786491394], "detection_classes": [1.0, 37.0], "detection_boxes": [[0.42741796374320984, 0.05670955032110214, 0.7577917575836182, 0.13853684067726135], [0.6498326063156128, 0.13931483030319214, 0.6980875730514526, 0.16299551725387573]], "num_detections": [100.0]}, "8": {"detection_scores": [0.913107693195343, 0.7110002040863037], "detection_classes": [1.0, 37.0], "detection_boxes": [[0.42391911149024963, 0.05709429457783699, 0.7603229284286499, 0.13730467855930328], [0.6421651244163513, 0.15346060693264008, 0.6877162456512451, 0.1770612746477127]], "num_detections": [100.0]}, "9": {"detection_scores": [0.910815417766571, 0.5535986423492432], "detection_classes": [1.0, 37.0], "detection_boxes": [[0.41985321044921875, 0.05738908797502518, 0.7606860399246216, 0.1358681321144104], [0.6295748949050903, 0.16715008020401, 0.6764277815818787, 0.19350340962409973]], "num_detections": [100.0]}, "10": {"detection_scores": [0.9008468985557556, 0.48897382616996765], "detection_classes": [1.0, 37.0], "detection_boxes": [[0.41871875524520874, 0.057284411042928696, 0.7579795718193054, 0.13615208864212036], [0.6144965887069702, 0.18323169648647308, 0.661862850189209, 0.20850946009159088]], "num_detections": [100.0]}, "11": {"detection_scores": [0.8893656730651855, 0.6207588315010071], "detection_classes": [1.0, 37.0], "detection_boxes": [[0.41509976983070374, 0.0580974817276001, 0.7573109269142151, 0.13738106191158295], [0.6047160029411316, 0.19813908636569977, 0.6582894921302795, 0.22469262778759003]], "num_detections": [100.0]}, "12": {"detection_scores": [0.8548231720924377, 0.5856571197509766], "detection_classes": [1.0, 37.0], "detection_boxes": [[0.41426903009414673, 0.05823400989174843, 0.7557523846626282, 0.13466443121433258], [0.5930725932121277, 0.2149440497159958, 0.6459285616874695, 0.24329493939876556]], "num_detections": [100.0]}, "13": {"detection_scores": [0.8465672135353088, 0.12261936813592911], "detection_classes": [1.0, 37.0], "detection_boxes": [[0.4116557240486145, 0.05814123526215553, 0.7581914663314819, 0.1339179426431656], [0.5558487772941589, 0.126996710896492, 0.5891767740249634, 0.13564904034137726]], "num_detections": [100.0]}, "14": {"detection_scores": [0.8227370977401733, 0.10428974032402039], "detection_classes": [1.0, 37.0], "detection_boxes": [[0.4112161099910736, 0.05815793201327324, 0.7576674222946167, 0.1333046853542328], [0.5579357743263245, 0.12688815593719482, 0.5831947922706604, 0.13527917861938477]], "num_detections": [100.0]}, "15": {"detection_scores": [0.8281235098838806, 0.12870122492313385, 0.11500184237957001], "detection_classes": [1.0, 37.0, 1.0], "detection_boxes": [[0.4087519347667694, 0.059177592396736145, 0.7602296471595764, 0.13288860023021698], [0.5578485727310181, 0.12581554055213928, 0.5844402313232422, 0.1352197229862213], [0.5578485727310181, 0.12581554055213928, 0.5844402313232422, 0.1352197229862213]], "num_detections": [100.0]}, "16": {"detection_scores": [0.8384815454483032, 0.39774978160858154, 0.2994097173213959, 0.2618166208267212], "detection_classes": [1.0, 37.0, 1.0, 37.0], "detection_boxes": [[0.40946343541145325, 0.05991119146347046, 0.7596383690834045, 0.13386642932891846], [0.5484926700592041, 0.2864797115325928, 0.6006848216056824, 0.3192440867424011], [0.5544354915618896, 0.27468159794807434, 0.6232648491859436, 0.3116735517978668], [0.5590102076530457, 0.12524062395095825, 0.5820971131324768, 0.13494357466697693]], "num_detections": [100.0]}, "17": {"detection_scores": [0.8315550684928894, 0.7391054630279541, 0.18592703342437744, 0.16376128792762756], "detection_classes": [1.0, 37.0, 1.0, 37.0], "detection_boxes": [[0.40442928671836853, 0.062014829367399216, 0.7545084953308105, 0.13345852494239807], [0.5340217351913452, 0.3121422231197357, 0.5881397128105164, 0.3396740257740021], [0.5751861929893494, 0.28214627504348755, 0.623635470867157, 0.30748170614242554], [0.5584271550178528, 0.1248493567109108, 0.5814124941825867, 0.1349322348833084]], "num_detections": [100.0]}, "18": {"detection_scores": [0.8729611039161682, 0.8118029236793518, 0.22842061519622803, 0.1401224136352539], "detection_classes": [1.0, 37.0, 37.0, 37.0], "detection_boxes": [[0.4030809998512268, 0.06173012778162956, 0.7548157572746277, 0.13471893966197968], [0.521313488483429, 0.33365195989608765, 0.5769873261451721, 0.36130017042160034], [0.5588764548301697, 0.1262223869562149, 0.5809920430183411, 0.13516966998577118], [0.5476729273796082, 0.081195168197155, 0.5712217092514038, 0.09542181342840195]], "num_detections": [100.0]}, "19": {"detection_scores": [0.8364288210868835, 0.5191255807876587, 0.12250154465436935, 0.1130065843462944], "detection_classes": [1.0, 37.0, 37.0, 37.0], "detection_boxes": [[0.4025915563106537, 0.06294356286525726, 0.7564347982406616, 0.135393887758255], [0.5084798336029053, 0.3566940426826477, 0.565916895866394, 0.38468754291534424], [0.5579589009284973, 0.12577393651008606, 0.5824275612831116, 0.13561010360717773], [0.5450447797775269, 0.08190586417913437, 0.5709830522537231, 0.09486518055200577]], "num_detections": [100.0]}, "20": {"detection_scores": [0.810293436050415, 0.7871448993682861, 0.1456165909767151], "detection_classes": [1.0, 37.0, 37.0], "detection_boxes": [[0.40267595648765564, 0.06495396792888641, 0.7553960084915161, 0.13517729938030243], [0.49959710240364075, 0.3772149682044983, 0.5535392165184021, 0.40913766622543335], [0.548943042755127, 0.08437757939100266, 0.5728082060813904, 0.09597256034612656]], "num_detections": [100.0]}, "21": {"detection_scores": [0.8450286388397217, 0.7917855381965637], "detection_classes": [37.0, 1.0],