{"0": {"detection_scores": [0.8907970190048218, 0.4668750762939453], "detection_classes": [1.0, 37.0], "detection_boxes": [[0.4650594890117645, 0.04985866695642471, 0.766802966594696, 0.1193343922495842], [0.7191176414489746, 0.058285973966121674, 0.755605936050415, 0.08008191734552383]], "num_detections": [100.0]}, "1": {"detection_scores": [0.890363335609436, 0.11528120189905167], "detection_classes": [1.0, 37.0], "detection_boxes": [[0.46556323766708374, 0.048534657806158066, 0.7655041813850403, 0.11938685178756714], [0.7104777693748474, 0.06358623504638672, 0.7536649703979492, 0.08862701058387756]], "num_detections": [100.0]}, "2": {"detection_scores": [0.8614053130149841, 0.4273551404476166], "detection_classes": [1.0, 37.0], "detection_boxes": [[0.4639050364494324, 0.04947664216160774, 0.7645739912986755, 0.11913372576236725], [0.7062259316444397, 0.07522020488977432, 0.7379950284957886, 0.09432860463857651]], "num_detections": [100.0]}, "3": {"detection_scores": [0.8201724290847778, 0.4980314075946808, 0.13686589896678925], "detection_classes": [1.0, 37.0, 37.0], "detection_boxes": [[0.46369466185569763, 0.048214223235845566, 0.7640095949172974, 0.11880317330360413], [0.6974471807479858, 0.08397595584392548, 0.7347298860549927, 0.10473348200321198], [0.5716437101364136, 0.04828702658414841, 0.587974488735199, 0.05522184818983078]], "num_detections": [100.0]}, "4": {"detection_scores": [0.8763526678085327, 0.7589849829673767], "detection_classes": [1.0, 37.0], "detection_boxes": [[0.46337956190109253, 0.04882229492068291, 0.7661026120185852, 0.1188235878944397], [0.6870445013046265, 0.09172015637159348, 0.7301955819129944, 0.11316759139299393]], "num_detections": [100.0]}, "5": {"detection_scores": [0.8967378735542297, 0.6204039454460144], "detection_classes": [1.0, 37.0], "detection_boxes": [[0.46410101652145386, 0.04896896332502365, 0.7672523260116577, 0.11933014541864395], [0.6802741289138794, 0.10044257342815399, 0.722560703754425, 0.12322962284088135]], "num_detections": [100.0]}, "6": {"detection_scores": [0.8132818937301636, 0.7720588445663452, 0.16596250236034393, 0.12518924474716187], "detection_classes": [1.0, 37.0, 37.0, 37.0], "detection_boxes": [[0.46327531337738037, 0.04917130619287491, 0.7626187801361084, 0.11998292058706284], [0.6738041043281555, 0.11060956120491028, 0.7173364758491516, 0.1325543075799942], [0.5706668496131897, 0.04901401698589325, 0.5855648517608643, 0.05629100650548935], [0.6790530681610107, 0.10097531229257584, 0.7049382925033569, 0.11116457730531693]], "num_detections": [100.0]}, "7": {"detection_scores": [0.8156264424324036, 0.5863215327262878, 0.2621322274208069], "detection_classes": [1.0, 37.0, 37.0], "detection_boxes": [[0.4606775939464569, 0.04929440841078758, 0.7651084065437317, 0.11942434310913086], [0.6618228554725647, 0.12065938115119934, 0.709930956363678, 0.14403071999549866], [0.5704325437545776, 0.04795544221997261, 0.584064245223999, 0.055198606103658676]], "num_detections": [100.0]}, "8": {"detection_scores": [0.8208417892456055, 0.7481824159622192, 0.26448965072631836], "detection_classes": [1.0, 37.0, 37.0], "detection_boxes": [[0.458478182554245, 0.04939833655953407, 0.7592360377311707, 0.11876904964447021], [0.6536766886711121, 0.13091349601745605, 0.7002270221710205, 0.15428462624549866], [0.5697597861289978, 0.047916166484355927, 0.5837470889091492, 0.05499573051929474]], "num_detections": [100.0]}, "9": {"detection_scores": [0.8346893787384033, 0.5128049850463867, 0.25619304180145264], "detection_classes": [1.0, 37.0, 37.0], "detection_boxes": [[0.45652690529823303, 0.04865342378616333, 0.7614738345146179, 0.11861427128314972], [0.6446279287338257, 0.14321674406528473, 0.691075325012207, 0.16616789996623993], [0.5675650835037231, 0.04903549328446388, 0.5822181701660156, 0.055566880851984024]], "num_detections": [100.0]}, "10": {"detection_scores": [0.8333336114883423, 0.7493215203285217, 0.25730466842651367], "detection_classes": [1.0, 37.0, 37.0], "detection_boxes": [[0.45613884925842285, 0.049290306866168976, 0.7613927721977234, 0.11879586428403854], [0.6351581811904907, 0.1525767594575882, 0.6841105818748474, 0.1789724975824356], [0.5670425295829773, 0.04939138516783714, 0.5818067193031311, 0.05576939508318901]], "num_detections": [100.0]}, "11": {"detection_scores": [0.8265973925590515, 0.6855406761169434, 0.266148179769516], "detection_classes": [1.0, 37.0, 37.0], "detection_boxes": [[0.45634377002716064, 0.04871217533946037, 0.7608157396316528, 0.12011323869228363], [0.62613844871521, 0.16557827591896057, 0.6762643456459045, 0.19143590331077576], [0.5648182034492493, 0.04858490079641342, 0.5783382654190063, 0.054868996143341064]], "num_detections": [100.0]}, "12": {"detection_scores": [0.806540846824646, 0.7299308776855469, 0.20110057294368744], "detection_classes": [1.0, 37.0, 37.0], "detection_boxes": [[0.45471444725990295, 0.05075615644454956, 0.7644377946853638, 0.123899906873703], [0.6182416081428528, 0.1784387230873108, 0.6672865748405457, 0.20475178956985474], [0.565123438835144, 0.04854198172688484, 0.5788530707359314, 0.054532241076231]], "num_detections": [100.0]}, "13": {"detection_scores": [0.8671166896820068, 0.8137747049331665, 0.13884447515010834], "detection_classes": [1.0, 37.0, 37.0], "detection_boxes": [[0.4579062759876251, 0.05110204592347145, 0.7671654224395752, 0.12661238014698029], [0.6060067415237427, 0.19122962653636932, 0.6597960591316223, 0.21872784197330475], [0.563858151435852, 0.04866878315806389, 0.5780677795410156, 0.05484289303421974]], "num_detections": [100.0]}, "14": {"detection_scores": [0.9111561179161072, 0.4027668237686157, 0.15351028740406036], "detection_classes": [1.0, 37.0, 37.0], "detection_boxes": [[0.45776423811912537, 0.05023087188601494, 0.7706918120384216, 0.13213256001472473], [0.5967807769775391, 0.20537656545639038, 0.6511834263801575, 0.2331969141960144], [0.5635472536087036, 0.049278683960437775, 0.578335165977478, 0.05544237047433853]], "num_detections": [100.0]}, "15": {"detection_scores": [0.9086335897445679, 0.4408136010169983, 0.20251327753067017], "detection_classes": [1.0, 37.0, 37.0], "detection_boxes": [[0.45798879861831665, 0.049401603639125824, 0.7709100246429443, 0.13309001922607422], [0.5882663130760193, 0.22136275470256805, 0.6424669027328491, 0.24900002777576447], [0.5639716982841492, 0.0483260378241539, 0.5773496031761169, 0.05443105101585388]], "num_detections": [100.0]}, "16": {"detection_scores": [0.9073364734649658, 0.19389782845973969], "detection_classes": [1.0, 37.0], "detection_boxes": [[0.4579208791255951, 0.0492917001247406, 0.7711639404296875, 0.13432390987873077], [0.564608633518219, 0.0487808920443058, 0.5771617293357849, 0.054538022726774216]], "num_detections": [100.0]}, "17": {"detection_scores": [0.8785201907157898, 0.1347699761390686], "detection_classes": [1.0, 37.0], "detection_boxes": [[0.45848992466926575, 0.049138233065605164, 0.7697462439537048, 0.13580001890659332], [0.5647934079170227, 0.04950609803199768, 0.5767131447792053, 0.05478738993406296]], "num_detections": [100.0]}, "18": {"detection_scores": [0.8719615340232849, 0.12704166769981384], "detection_classes": [1.0, 37.0], "detection_boxes": [[0.458494633436203, 0.05420582368969917, 0.7691364288330078, 0.1357881724834442], [0.5650056004524231, 0.04988701641559601, 0.5751436352729797, 0.054972246289253235]], "num_detections": [100.0]}, "19": {"detection_scores": [0.8769701719284058, 0.36941155791282654, 0.14157859981060028, 0.10058191418647766], "detection_classes": [1.0, 37.0, 37.0, 37.0], "detection_boxes": [[0.4593494236469269, 0.050200045108795166, 0.7686658501625061, 0.13488714396953583], [0.55083829164505, 0.28668147325515747, 0.6033440828323364, 0.31615757942199707], [0.5639379024505615, 0.04994816333055496, 0.5762755274772644, 0.05574575066566467], [0.5944329500198364, 0.26604151725769043, 0.6173040270805359, 0.2898421287536621]], "num_detections": [100.0]},