{"0": {"detection_scores": [0.831235945224762, 0.795921802520752, 0.34713053703308105], "detection_classes": [1.0, 37.0, 37.0], "detection_boxes": [[0.3954790234565735, 0.04842803627252579, 0.685025155544281, 0.13574320077896118], [0.6449180245399475, 0.04859818145632744, 0.686536431312561, 0.06801335513591766], [0.4760485887527466, 0.10746517032384872, 0.49388429522514343, 0.11565270274877548]], "num_detections": [100.0]}, "1": {"detection_scores": [0.8343216180801392, 0.5529188513755798, 0.3172062337398529], "detection_classes": [1.0, 37.0, 37.0], "detection_boxes": [[0.3880457580089569, 0.050249889492988586, 0.683868944644928, 0.13420185446739197], [0.6429951786994934, 0.05997367948293686, 0.6764305830001831, 0.07861358672380447], [0.47574689984321594, 0.10717310756444931, 0.4940713346004486, 0.11597494035959244]], "num_detections": [100.0]}, "2": {"detection_scores": [0.8898537158966064, 0.6194795966148376, 0.32732853293418884, 0.1531311422586441, 0.10869323462247849], "detection_classes": [1.0, 37.0, 37.0, 37.0, 37.0], "detection_boxes": [[0.38984569907188416, 0.05178919434547424, 0.6690454483032227, 0.13293714821338654], [0.6323351860046387, 0.07419848442077637, 0.6718562245368958, 0.09594041109085083], [0.4743194580078125, 0.1068512499332428, 0.49488863348960876, 0.11557383835315704], [0.5465676188468933, 0.12420173734426498, 0.5701372623443604, 0.1299925595521927], [0.634671688079834, 0.05964697152376175, 0.6605104207992554, 0.07008662074804306]], "num_detections": [100.0]}, "3": {"detection_scores": [0.853287935256958, 0.7900209426879883, 0.29630208015441895, 0.16191720962524414, 0.14676307141780853], "detection_classes": [1.0, 37.0, 37.0, 1.0, 37.0], "detection_boxes": [[0.38579580187797546, 0.05247734859585762, 0.6859040856361389, 0.13089707493782043], [0.6237950325012207, 0.08909133821725845, 0.665086030960083, 0.11117107421159744], [0.47272437810897827, 0.10663158446550369, 0.49799349904060364, 0.11639919131994247], [0.45670485496520996, 0.11358601599931717, 0.5450408458709717, 0.12760032713413239], [0.5340657830238342, 0.12053132057189941, 0.5570259690284729, 0.12756504118442535]], "num_detections": [100.0]}, "4": {"detection_scores": [0.8822213411331177, 0.7587639093399048, 0.2974065840244293, 0.2462923228740692, 0.16319099068641663, 0.12768107652664185], "detection_classes": [1.0, 37.0, 1.0, 37.0, 37.0, 37.0], "detection_boxes": [[0.38431376218795776, 0.05121529847383499, 0.6858712434768677, 0.12938639521598816], [0.6167051792144775, 0.10383933782577515, 0.6576104760169983, 0.1272364854812622], [0.45857885479927063, 0.11226526647806168, 0.5495728850364685, 0.12714388966560364], [0.540616512298584, 0.11940745264291763, 0.558605432510376, 0.12656813859939575], [0.594951331615448, 0.04055948555469513, 0.6057290434837341, 0.048734866082668304], [0.46975642442703247, 0.10779687017202377, 0.5062764286994934, 0.11869250982999802]], "num_detections": [100.0]}, "5": {"detection_scores": [0.9127686619758606, 0.5933735966682434, 0.20804117619991302, 0.1667555868625641], "detection_classes": [1.0, 37.0, 1.0, 37.0], "detection_boxes": [[0.3808547556400299, 0.05066719651222229, 0.6852003335952759, 0.12865732610225677], [0.6054266691207886, 0.12040641903877258, 0.648158609867096, 0.1438908576965332], [0.45540162920951843, 0.11142657697200775, 0.5528069734573364, 0.12649884819984436], [0.5472654104232788, 0.12002726644277573, 0.5632340908050537, 0.12615735828876495]], "num_detections": [100.0]}, "6": {"detection_scores": [0.8881827592849731, 0.8104148507118225, 0.1084933653473854, 0.10826162993907928], "detection_classes": [1.0, 37.0, 37.0, 37.0], "detection_boxes": [[0.3784130811691284, 0.05179103463888168, 0.6861480474472046, 0.12565311789512634], [0.5973108410835266, 0.13857440650463104, 0.6407138109207153, 0.1611306518316269], [0.5938088893890381, 0.03991353511810303, 0.6064047813415527, 0.04880914092063904], [0.5340169668197632, 0.11626554280519485, 0.560444712638855, 0.1227693185210228]], "num_detections": [100.0]}, "7": {"detection_scores": [0.9035041928291321, 0.7384310960769653], "detection_classes": [1.0, 37.0], "detection_boxes": [[0.376199334859848, 0.04952644184231758, 0.6850457787513733, 0.12564276158809662], [0.5854691863059998, 0.15687818825244904, 0.631935179233551, 0.18015716969966888]], "num_detections": [100.0]}, "8": {"detection_scores": [0.8750056028366089, 0.5254837870597839], "detection_classes": [1.0, 37.0], "detection_boxes": [[0.3732755780220032, 0.051025114953517914, 0.6837329268455505, 0.1246679350733757], [0.5754629373550415, 0.17606841027736664, 0.622015118598938, 0.19966314733028412]], "num_detections": [100.0]}, "9": {"detection_scores": [0.8684313893318176, 0.8312466740608215], "detection_classes": [37.0, 1.0], "detection_boxes": [[0.5659194588661194, 0.19557908177375793, 0.6143630743026733, 0.21958592534065247], [0.37251952290534973, 0.05236353352665901, 0.6855422258377075, 0.12413688004016876]], "num_detections": [100.0]}, "10": {"detection_scores": [0.8071767091751099, 0.6154970526695251, 0.11384695768356323], "detection_classes": [1.0, 37.0, 1.0], "detection_boxes": [[0.37150341272354126, 0.04584062471985817, 0.6837356090545654, 0.12150903046131134], [0.5545210242271423, 0.21492761373519897, 0.6060407161712646, 0.24084097146987915], [0.4520094692707062, 0.10727311670780182, 0.5522501468658447, 0.12108363211154938]], "num_detections": [100.0]}, "11": {"detection_scores": [0.782058835029602, 0.6050493717193604], "detection_classes": [1.0, 37.0], "detection_boxes": [[0.3718940317630768, 0.04681526497006416, 0.6819890141487122, 0.12162978947162628], [0.5463137030601501, 0.2376203089952469, 0.5958403944969177, 0.2644445300102234]], "num_detections": [100.0]}, "12": {"detection_scores": [0.709129810333252, 0.5476168990135193], "detection_classes": [1.0, 37.0], "detection_boxes": [[0.3700244724750519, 0.05911901593208313, 0.6811713576316833, 0.12068185210227966], [0.535696268081665, 0.2600691020488739, 0.5871434211730957, 0.28573617339134216]], "num_detections": [100.0]}, "13": {"detection_scores": [0.6466617584228516, 0.49943047761917114, 0.14386166632175446], "detection_classes": [1.0, 37.0, 1.0], "detection_boxes": [[0.3657373785972595, 0.04685421660542488, 0.6770349144935608, 0.12035943567752838], [0.5263210535049438, 0.28436529636383057, 0.5774397850036621, 0.31124401092529297], [0.4384711980819702, 0.10384611785411835, 0.556794285774231, 0.11997948586940765]], "num_detections": [100.0]}, "14": {"detection_scores": [0.7645349502563477, 0.758461594581604, 0.10655885189771652], "detection_classes": [1.0, 37.0, 1.0], "detection_boxes": [[0.36453133821487427, 0.04335308447480202, 0.6768572330474854, 0.1219881922006607], [0.5236746072769165, 0.3096335828304291, 0.5727918148040771, 0.3354302942752838], [0.43089330196380615, 0.10435709357261658, 0.5492861270904541, 0.12065652012825012]], "num_detections": [100.0]}, "15": {"detection_scores": [0.7495718598365784, 0.6974291205406189, 0.26183369755744934], "detection_classes": [1.0, 37.0, 1.0], "detection_boxes": [[0.36362096667289734, 0.04251549765467644, 0.6759344935417175, 0.1228647530078888], [0.5128114223480225, 0.3358297049999237, 0.5597284436225891, 0.3627685010433197], [0.43110525608062744, 0.1043541356921196, 0.5485022068023682, 0.12071823328733444]], "num_detections": [100.0]}, "16": {"detection_scores": [0.823276162147522, 0.47149378061294556, 0.15063858032226562], "detection_classes": [1.0, 37.0, 1.0], "detection_boxes": [[0.36011451482772827, 0.03847239166498184, 0.6717966794967651, 0.12542104721069336], [0.5050672292709351, 0.3614276647567749, 0.5501435995101929, 0.38691502809524536], [0.42932140827178955, 0.1048058494925499, 0.5470370054244995, 0.12122508138418198]], "num_detections": [100.0]}, "17": {"detection_scores": [0.7622411847114563, 0.708797812461853, 0.2906668186187744, 0.13022185862064362], "detection_classes": [1.0, 37.0, 37.0, 1.0],