{"0": {"detection_scores": [0.8016896843910217, 0.7209654450416565, 0.1277061104774475], "detection_classes": [1.0, 37.0, 37.0], "detection_boxes": [[0.38279977440834045, 0.04546710476279259, 0.688950777053833, 0.12285780906677246], [0.6464514136314392, 0.04887742921710014, 0.6872880458831787, 0.06792636215686798], [0.5487968921661377, 0.11831119656562805, 0.5650629997253418, 0.12358938157558441]], "num_detections": [100.0]}, "1": {"detection_scores": [0.8334248065948486, 0.6421216726303101, 0.10173492133617401], "detection_classes": [1.0, 37.0, 37.0], "detection_boxes": [[0.37854304909706116, 0.051104072481393814, 0.68308025598526, 0.12321798503398895], [0.6411371231079102, 0.06128132715821266, 0.6834035515785217, 0.08253057301044464], [0.517158567905426, 0.05469628795981407, 0.5377547740936279, 0.06606500595808029]], "num_detections": [100.0]}, "2": {"detection_scores": [0.8892478942871094, 0.6075753569602966], "detection_classes": [1.0, 37.0], "detection_boxes": [[0.37880852818489075, 0.05504975840449333, 0.6824365854263306, 0.12253637611865997], [0.6336559057235718, 0.07665643841028214, 0.6721711754798889, 0.09626711159944534]], "num_detections": [100.0]}, "3": {"detection_scores": [0.8660469055175781, 0.6556023359298706], "detection_classes": [1.0, 37.0], "detection_boxes": [[0.3753086030483246, 0.058223169296979904, 0.6910300850868225, 0.12314200401306152], [0.6266184449195862, 0.0901276022195816, 0.6666077971458435, 0.11212071776390076]], "num_detections": [100.0]}, "4": {"detection_scores": [0.8832443356513977, 0.5804222226142883, 0.10625188052654266], "detection_classes": [1.0, 37.0, 37.0], "detection_boxes": [[0.3746725618839264, 0.05831725150346756, 0.6876791715621948, 0.12211484462022781], [0.6165163516998291, 0.10500865429639816, 0.6598910093307495, 0.12783776223659515], [0.5365685224533081, 0.10932071506977081, 0.5581149458885193, 0.11851228773593903]], "num_detections": [100.0]}, "5": {"detection_scores": [0.8605996370315552, 0.5008915066719055, 0.11209103465080261, 0.1002630963921547], "detection_classes": [1.0, 37.0, 37.0, 1.0], "detection_boxes": [[0.37302061915397644, 0.0587485246360302, 0.6882690787315369, 0.12177629768848419], [0.6100843548774719, 0.12162730097770691, 0.6519378423690796, 0.14477813243865967], [0.6413561701774597, 0.07331855595111847, 0.6756561398506165, 0.08815397322177887], [0.4536161720752716, 0.10584022849798203, 0.548811137676239, 0.11963645368814468]], "num_detections": [100.0]}, "6": {"detection_scores": [0.7997925281524658, 0.6749177575111389, 0.11854580044746399], "detection_classes": [1.0, 37.0, 37.0], "detection_boxes": [[0.3672335147857666, 0.0608786903321743, 0.6862861514091492, 0.12101708352565765], [0.6024696230888367, 0.138786181807518, 0.6436126232147217, 0.1615249365568161], [0.49610984325408936, 0.060461387038230896, 0.5276299715042114, 0.07449381053447723]], "num_detections": [100.0]}, "7": {"detection_scores": [0.8201910257339478, 0.783877968788147, 0.11935240030288696, 0.11298562586307526], "detection_classes": [37.0, 1.0, 37.0, 37.0], "detection_boxes": [[0.5920829176902771, 0.1569545716047287, 0.6376193761825562, 0.18021301925182343], [0.3674532175064087, 0.06042623147368431, 0.6863016486167908, 0.12174399197101593], [0.6295495629310608, 0.08605526387691498, 0.6582422852516174, 0.0969071090221405], [0.48618823289871216, 0.05924232304096222, 0.5202199220657349, 0.07595548033714294]], "num_detections": [100.0]}, "8": {"detection_scores": [0.751717746257782, 0.5591961145401001, 0.11805206537246704, 0.1129826083779335, 0.11191488802433014], "detection_classes": [1.0, 37.0, 37.0, 37.0, 37.0], "detection_boxes": [[0.36669355630874634, 0.0605824813246727, 0.684779703617096, 0.12187979370355606], [0.5819896459579468, 0.17523765563964844, 0.6287367939949036, 0.19911500811576843], [0.4872375428676605, 0.05927807837724686, 0.5169339179992676, 0.07592614740133286], [0.6317624449729919, 0.09109020233154297, 0.6605329513549805, 0.10084190964698792], [0.4504278600215912, 0.059888556599617004, 0.47366955876350403, 0.06781984865665436]], "num_detections": [100.0]}, "9": {"detection_scores": [0.6921050548553467, 0.6540144681930542, 0.20122578740119934, 0.15702477097511292], "detection_classes": [1.0, 37.0, 37.0, 37.0], "detection_boxes": [[0.3664929270744324, 0.06197497248649597, 0.6851881146430969, 0.12269926071166992], [0.5743167400360107, 0.19491294026374817, 0.6214531064033508, 0.21951079368591309], [0.49078065156936646, 0.05896539241075516, 0.513634204864502, 0.07336682826280594], [0.45105674862861633, 0.05975450575351715, 0.47317981719970703, 0.06753303110599518]], "num_detections": [100.0]}, "10": {"detection_scores": [0.6924593448638916, 0.6892060041427612, 0.1848386824131012], "detection_classes": [37.0, 1.0, 37.0], "detection_boxes": [[0.5660018920898438, 0.21455363929271698, 0.6146973967552185, 0.2403058260679245], [0.3604696989059448, 0.0642722100019455, 0.6821495890617371, 0.1260448843240738], [0.45106321573257446, 0.06003860756754875, 0.4723621606826782, 0.06718707829713821]], "num_detections": [100.0]}, "11": {"detection_scores": [0.7318248748779297, 0.5183022022247314, 0.26837414503097534, 0.17435629665851593], "detection_classes": [1.0, 37.0, 37.0, 37.0], "detection_boxes": [[0.36072400212287903, 0.06567570567131042, 0.6819407939910889, 0.1251453161239624], [0.5578536987304688, 0.2359955906867981, 0.6074109077453613, 0.26181983947753906], [0.49053728580474854, 0.059570927172899246, 0.5134276747703552, 0.07224301993846893], [0.450719952583313, 0.060398563742637634, 0.4726836085319519, 0.06670837104320526]], "num_detections": [100.0]}, "12": {"detection_scores": [0.7546778321266174, 0.5670006275177002, 0.26161858439445496, 0.1960698813199997], "detection_classes": [1.0, 37.0, 37.0, 37.0], "detection_boxes": [[0.3584540784358978, 0.06515276432037354, 0.6836526393890381, 0.12509119510650635], [0.5471449494361877, 0.25678372383117676, 0.5959740877151489, 0.28351259231567383], [0.48924633860588074, 0.0604000985622406, 0.5108727216720581, 0.07115828990936279], [0.45076432824134827, 0.060316070914268494, 0.4723925292491913, 0.06672368943691254]], "num_detections": [100.0]}, "13": {"detection_scores": [0.7615227103233337, 0.5830598473548889, 0.2922300100326538, 0.1925433725118637], "detection_classes": [1.0, 37.0, 37.0, 37.0], "detection_boxes": [[0.3631725609302521, 0.06540100276470184, 0.687814474105835, 0.12546412646770477], [0.5391790866851807, 0.27921566367149353, 0.5919040441513062, 0.3066224157810211], [0.4505499303340912, 0.060272663831710815, 0.4726651906967163, 0.0671439915895462], [0.48759350180625916, 0.05924506485462189, 0.5103651881217957, 0.07175208628177643]], "num_detections": [100.0]}, "14": {"detection_scores": [0.8124417662620544, 0.8106706738471985, 0.28136083483695984], "detection_classes": [37.0, 1.0, 37.0], "detection_boxes": [[0.5330283641815186, 0.3040387034416199, 0.5828577876091003, 0.32962465286254883], [0.3624141216278076, 0.06423091888427734, 0.6892925500869751, 0.12768793106079102], [0.4506884217262268, 0.06013611704111099, 0.4727688431739807, 0.06731235235929489]], "num_detections": [100.0]}, "15": {"detection_scores": [0.8611205816268921, 0.6313900351524353, 0.21920408308506012, 0.11074248701334], "detection_classes": [1.0, 37.0, 37.0, 37.0], "detection_boxes": [[0.35980096459388733, 0.06245502829551697, 0.693795919418335, 0.13080808520317078], [0.5271286368370056, 0.3281223177909851, 0.5751094818115234, 0.3543854355812073], [0.45009490847587585, 0.06020005792379379, 0.4730687439441681, 0.06705572456121445], [0.48914822936058044, 0.059301771223545074, 0.5084892511367798, 0.07176170498132706]], "num_detections": [100.0]}, "16": {"detection_scores": [0.8776520490646362, 0.5925648808479309, 0.25393325090408325, 0.14330445230007172, 0.10461271554231644], "detection_classes": [1.0, 37.0, 37.0, 37.0, 1.0],